date,Suspended Matter,Dissolved Organic Matter,Chlorophyl,Turbidity,Salinity,Dissolved Oxygen,pH,Temperature,Year,Month
29-Apr-16,0.556776547,0.5193128,,,,,,,2016,04
30-Apr-16,0.545021752,0.509203232,,,,,,,2016,04
03-May-16,0.53824374,,,,,,,,2016,05
04-May-16,0.582779805,,,,,,,,2016,05
07-May-16,0.547477383,0.591908424,,,,,,,2016,05
08-May-16,0.556988234,,,,,,,,2016,05
12-May-16,0.541444793,0.327873617,,,,,,,2016,05
14-May-16,0.538017522,0.460732158,,,,,,12.87095527,2016,05
15-May-16,0.627179753,0.635205667,,,,,,,2016,05
18-May-16,0.542755276,0.519313777,,,,,,,2016,05
19-May-16,0.616769085,0.60484165,,,,,,,2016,05
22-May-16,0.593666809,0.549176419,,,,,,,2016,05
23-May-16,0.589927513,0.578891845,,,,,,,2016,05
26-May-16,0.550329449,0.511182372,,,,,,,2016,05
27-May-16,0.579007148,0.572715433,,,,,,,2016,05
30-May-16,0.541755304,0.501463541,,,,,,39.0402224,2016,05
31-May-16,0.579944681,0.559851586,,,,,,,2016,05
03-Jun-16,0.558725236,,,,,,,,2016,06
04-Jun-16,0.589232575,,,,,,,,2016,06
07-Jun-16,0.568391366,,,,,,,,2016,06
08-Jun-16,0.557534158,,,,,,,,2016,06
10-Jun-16,0.569292072,,,,,,,,2016,06
11-Jun-16,0.607735309,,,,,,,29.09223819,2016,06
14-Jun-16,0.595148256,0.570882674,,,,,,,2016,06
15-Jun-16,0.600372196,0.58199417,,,,,,36.59884415,2016,06
18-Jun-16,0.0,0.0,,,,,,,2016,06
19-Jun-16,0.631167584,0.592380903,,,,,,,2016,06
22-Jun-16,0.599586217,0.536982475,,,,,,,2016,06
23-Jun-16,0.582172699,0.542153962,,,,,,,2016,06
26-Jun-16,0.538117256,0.481873879,,,,,,,2016,06
27-Jun-16,0.566842561,0.524958363,,,,,,,2016,06
30-Jun-16,0.589774451,0.530409835,,,,,,,2016,06
01-Jul-16,0.516570476,,,,,,,18.61437443,2016,07
04-Jul-16,0.552061516,,,,,,,,2016,07
05-Jul-16,0.631058926,0.490789432,,,,,,,2016,07
07-Jul-16,0.63160237,0.581118039,,,,,,,2016,07
08-Jul-16,0.600542895,0.593105226,,,,,,,2016,07
11-Jul-16,0.624785477,,,,,,,,2016,07
12-Jul-16,0.597559147,,,,,,,,2016,07
15-Jul-16,0.624780977,0.583496337,,,,,,,2016,07
16-Jul-16,0.62639771,0.585716183,,,,,,,2016,07
19-Jul-16,0.63356507,0.598875221,,,,,,,2016,07
20-Jul-16,0.616897811,0.600206764,,,,,,,2016,07
23-Jul-16,0.629857322,0.601869662,,,,,,,2016,07
24-Jul-16,0.620375494,0.588719819,,,,,,,2016,07
27-Jul-16,0.612226762,0.56888733,,,,,,,2016,07
28-Jul-16,0.623944233,0.587645531,,,,,,,2016,07
31-Jul-16,0.6340752,0.587358709,,,,,,,2016,07
03-Aug-16,0.634280613,,,,,,,,2016,08
04-Aug-16,0.571379918,,,,,,,,2016,08
07-Aug-16,0.628078263,0.566988589,,,,,,,2016,08
08-Aug-16,0.632420161,0.595202032,,,,,,,2016,08
11-Aug-16,0.635086391,0.317403191,,,,,,,2016,08
12-Aug-16,0.622337159,,,,,,,24.69164552,2016,08
15-Aug-16,0.632041272,0.591213004,,,,,,,2016,08
16-Aug-16,0.62867666,0.593501182,,,,,,,2016,08
19-Aug-16,0.579707254,0.535732238,,,,,,,2016,08
20-Aug-16,0.628491349,0.584961719,,,,,,,2016,08
23-Aug-16,0.628821847,0.592594344,,,,,,,2016,08
24-Aug-16,0.62594012,0.577322145,,,,,,,2016,08
27-Aug-16,0.614939912,0.5724495,,,,,,,2016,08
28-Aug-16,0.497778831,0.419508831,,,,,,,2016,08
30-Aug-16,0.590691204,0.557813093,,,,,,,2016,08
31-Aug-16,0.584200984,0.538074077,,,,,,,2016,08
02-Sep-16,0.407454013,,,,,,,,2016,09
03-Sep-16,0.610224284,,,,,,,,2016,09
04-Sep-16,0.521254199,,,,,,,,2016,09
07-Sep-16,0.499097476,,,,,,,,2016,09
11-Sep-16,0.556971755,0.371521622,,,,,,,2016,09
12-Sep-16,0.535138332,0.298389394,,,,,,,2016,09
15-Sep-16,0.416458059,0.343472419,,,,,,,2016,09
16-Sep-16,0.53457386,0.482222932,,,,,,,2016,09
19-Sep-16,0.602623716,0.553035191,,,,,,6.515779647,2016,09
20-Sep-16,0.378232428,0.326530415,,,,,,,2016,09
23-Sep-16,0.489968577,0.411024693,,,,,,,2016,09
24-Sep-16,0.494348791,0.424330761,,,,,,,2016,09
26-Sep-16,0.437158623,0.33992778,,,,,,26.26179826,2016,09
27-Sep-16,0.528818386,0.481998899,,,,,,,2016,09
30-Sep-16,0.487871028,0.427661944,,,,,,,2016,09
01-Oct-16,0.619010049,,,,,,,,2016,10
04-Oct-16,0.49823591,,,,,,,,2016,10
05-Oct-16,0.431688503,,,,,,,,2016,10
08-Oct-16,0.60712484,,,,,,,,2016,10
09-Oct-16,0.589849842,,,,,,,-122.0241289,2016,10
12-Oct-16,0.440039963,0.33930815,,,,,,,2016,10
13-Oct-16,0.399486183,0.337247812,,,,,,,2016,10
16-Oct-16,0.413191555,0.319333014,,,,,,,2016,10
17-Oct-16,0.419263385,0.357506325,,,,,,,2016,10
20-Oct-16,0.446609366,0.345378595,,,,,,,2016,10
21-Oct-16,0.415303635,0.342598753,,,,,,6.819621317,2016,10
23-Oct-16,0.432395281,0.328407225,,,,,,,2016,10
24-Oct-16,0.439463612,0.37671966,,,,,,,2016,10
27-Oct-16,0.417937108,0.372397982,,,,,,,2016,10
28-Oct-16,0.434959121,0.372825544,,,,,,28.76289091,2016,10
31-Oct-16,0.445741232,0.353471627,,,,,,,2016,10
01-Nov-16,0.464897989,,,,,,,,2016,11
04-Nov-16,0.441104521,,,,,,,,2016,11
05-Nov-16,0.417344167,,,,,,,,2016,11
08-Nov-16,0.417458447,0.601165892,,,,,,,2016,11
09-Nov-16,0.447675104,0.505490043,,,,,,,2016,11
12-Nov-16,0.442410833,,,,,,,,2016,11
13-Nov-16,0.443108313,0.367314047,,,,,,25.74051062,2016,11
16-Nov-16,0.438496651,0.340900216,,,,,,,2016,11
17-Nov-16,0.436049205,0.342291577,,,,,,,2016,11
19-Nov-16,0.445598759,0.326165519,,,,,,,2016,11
20-Nov-16,0.443906579,0.373614624,,,,,,,2016,11
23-Nov-16,0.409629931,0.318616405,,,,,,,2016,11
24-Nov-16,0.39214081,0.349475329,,,,,,,2016,11
27-Nov-16,0.392947126,0.29894951,,,,,,,2016,11
28-Nov-16,0.40770453,0.331488206,,,,,,,2016,11
01-Dec-16,0.392078291,,,,,,,,2016,12
02-Dec-16,0.445109386,,,,,,,,2016,12
05-Dec-16,0.43745597,0.459794711,,,,,,,2016,12
06-Dec-16,0.411997769,,,,,,,,2016,12
09-Dec-16,0.405791093,0.491634448,,,,,,,2016,12
10-Dec-16,0.420606016,0.34711766,,,,,,25.63813891,2016,12
13-Dec-16,0.407454013,0.32077319,,,,,,,2016,12
14-Dec-16,0.408244046,0.322089875,,,,,,,2016,12
16-Dec-16,0.415824468,0.303667047,,,,,,,2016,12
17-Dec-16,0.419821533,0.354321465,,,,,,,2016,12
20-Dec-16,0.400559444,0.311578461,,,,,,,2016,12
21-Dec-16,0.40568136,0.34619211,,,,,,,2016,12
24-Dec-16,0.383985025,0.300569498,,,,,,21.84950439,2016,12
25-Dec-16,0.392302289,0.332869116,,,,,,,2016,12
28-Dec-16,0.395717979,0.311174918,,,,,,,2016,12
29-Dec-16,0.396119382,0.329534679,,,,,,,2016,12
01-Jan-17,0.387196278,,,,,,,,2017,01
02-Jan-17,0.425319691,0.287981383,,,,,,18.45570978,2017,01
05-Jan-17,0.626747184,0.478633534,,,,,,32.08249406,2017,01
06-Jan-17,0.418556318,,,,,,,,2017,01
09-Jan-17,0.414340012,0.58374761,,,,,,,2017,01
10-Jan-17,0.473073201,,,,,,,,2017,01
12-Jan-17,0.473786367,,,,,,,,2017,01
13-Jan-17,0.406020016,0.360413464,,,,,,,2017,01
16-Jan-17,0.387044203,0.314993567,,,,,,20.82644187,2017,01
17-Jan-17,0.517493186,0.452175999,,,,,,,2017,01
20-Jan-17,0.429370774,0.343095262,,,,,,,2017,01
21-Jan-17,0.440508255,0.409204883,,,,,,,2017,01
24-Jan-17,0.441184271,0.346520223,,,,,,,2017,01
25-Jan-17,0.422798599,0.362350048,,,,,,18.346574,2017,01
28-Jan-17,0.417687793,0.324727039,,,,,,,2017,01
29-Jan-17,0.403120283,0.337533173,,,,,,,2017,01
01-Feb-17,0.384252913,0.421965601,,,,,,,2017,02
02-Feb-17,0.40247095,0.343248153,,,,,,,2017,02
05-Feb-17,0.429434524,,,,,,,,2017,02
06-Feb-17,0.431053391,,,,,,,36.84592637,2017,02
08-Feb-17,0.45173126,0.556468033,,,,,,,2017,02
09-Feb-17,0.424626703,0.491485691,,,,,,,2017,02
12-Feb-17,0.437311799,0.350952451,,,,,,16.04042713,2017,02
13-Feb-17,0.475056253,0.407299438,,,,,,,2017,02
16-Feb-17,0.464126274,0.370995681,,,,,,,2017,02
17-Feb-17,0.395522159,0.351303395,,,,,,22.14833749,2017,02
20-Feb-17,0.396714788,0.323607652,,,,,,,2017,02
21-Feb-17,0.397669074,0.346357903,,,,,,,2017,02
24-Feb-17,0.414047698,0.329135426,,,,,,,2017,02
25-Feb-17,0.429984987,0.369748515,,,,,,,2017,02
28-Feb-17,0.406935978,0.317291879,,,,,,,2017,02
01-Mar-17,0.448721016,,,,,,,,2017,03
04-Mar-17,0.448913229,0.520213625,,,,,,,2017,03
05-Mar-17,0.453567952,,,,,,,,2017,03
07-Mar-17,0.462823742,,,,,,,,2017,03
08-Mar-17,0.522912691,,,,,,,,2017,03
11-Mar-17,0.450835336,0.398214708,,,,,,,2017,03
12-Mar-17,0.441801093,0.43906635,,,,,,,2017,03
15-Mar-17,0.442618458,0.364699655,,,,,,,2017,03
16-Mar-17,0.469429123,0.424246692,,,,,,,2017,03
19-Mar-17,0.491160837,0.413034536,,,,,,,2017,03
20-Mar-17,0.464514349,0.416687615,,,,,,,2017,03
23-Mar-17,0.457066883,0.380273397,,,,,,,2017,03
24-Mar-17,0.475987954,0.423033021,,,,,,,2017,03
27-Mar-17,0.48516796,0.401495911,,,,,,,2017,03
28-Mar-17,0.479178021,0.427435856,,,,,,,2017,03
31-Mar-17,0.461899486,0.377455553,,,,,,,2017,03
03-Apr-17,0.549007391,0.354464399,,,,,,,2017,04
04-Apr-17,0.449388021,0.384227865,,,,,,,2017,04
07-Apr-17,0.532879368,,,,,,,,2017,04
08-Apr-17,0.521703775,,,,,,,,2017,04
11-Apr-17,0.529918798,,,,,,,,2017,04
12-Apr-17,0.492682818,,,,,,,,2017,04
16-Apr-17,0.510744633,0.433414152,,,,,,,2017,04
19-Apr-17,0.513685445,0.461864798,,,,,,,2017,04
20-Apr-17,0.502201226,0.421953414,,,,,,,2017,04
23-Apr-17,0.509076288,0.462164495,,,,,,,2017,04
24-Apr-17,0.489486636,0.399363042,,,,,,,2017,04
27-Apr-17,0.512620065,0.459977238,,,,,,,2017,04
28-Apr-17,0.50086939,0.407477947,,,,,,,2017,04
30-Apr-17,0.650124544,0.682461361,,,,,,,2017,04
04-May-17,0.617394428,,,,,,,,2017,05
05-May-17,0.51338248,0.46339165,,,,,,,2017,05
08-May-17,0.568648009,,,,,,,,2017,05
09-May-17,0.49690176,0.394767363,,,,,,,2017,05
12-May-17,0.539361939,,,,,,,,2017,05
13-May-17,0.516658075,0.444820977,,,,,,,2017,05
17-May-17,0.520363338,0.447482931,,,,,,33.2075644,2017,05
20-May-17,0.550630959,0.516088659,,,,,,,2017,05
21-May-17,0.521216438,0.445240396,,,,,,,2017,05
24-May-17,0.522666684,0.488323565,,,,,,35.3942957,2017,05
25-May-17,0.527224699,,,,,,,,2017,05
27-May-17,0.608580947,0.61245352,,,,,,,2017,05
28-May-17,0.520132505,0.480148494,,,,,,,2017,05
31-May-17,0.611440893,0.587346144,,,,,,,2017,05
01-Jun-17,0.514743759,0.353053141,,,,,,,2017,06
04-Jun-17,0.577563928,,,,,,,28.05449943,2017,06
05-Jun-17,0.625233069,,,,,,,,2017,06
08-Jun-17,0.610245211,0.572746972,,,,,,,2017,06
09-Jun-17,0.489376293,0.468783419,,,,,,20.72479899,2017,06
12-Jun-17,0.520019637,0.403233641,,,,,,,2017,06
13-Jun-17,0.514937681,0.451019462,,,,,,,2017,06
16-Jun-17,0.573630433,0.532279703,,,,,,,2017,06
17-Jun-17,0.497814661,0.423592356,,,,,,,2017,06
20-Jun-17,0.583742556,0.544290896,,,,,,,2017,06
21-Jun-17,0.644181618,0.607672516,,,,,,,2017,06
23-Jun-17,0.569886534,0.558804607,,,,,,,2017,06
24-Jun-17,0.605981046,,,,,,,,2017,06
27-Jun-17,0.626771916,0.587113159,,,,,,,2017,06
28-Jun-17,0.622557436,0.582446834,,,,,,,2017,06
01-Jul-17,0.607727501,,,,,,,,2017,07
02-Jul-17,0.62750895,,,,,,,,2017,07
05-Jul-17,0.541063179,,,,,,,,2017,07
06-Jul-17,0.610024059,,,,,,,,2017,07
09-Jul-17,0.621096578,,,,,,,,2017,07
10-Jul-17,0.622638115,0.391276516,,,,,,,2017,07
13-Jul-17,0.626562007,0.588564641,,,,,,,2017,07
14-Jul-17,0.632107214,0.582994041,,,,,,,2017,07
16-Jul-17,0.437692328,,,,,,,,2017,07
17-Jul-17,0.619777853,0.581914494,,,,,,,2017,07
18-Jul-17,0.627364182,0.575647854,,,,,,,2017,07
20-Jul-17,0.581031096,0.546017696,,,,,,,2017,07
21-Jul-17,0.625011105,0.592758401,,,,,,,2017,07
24-Jul-17,0.612566798,0.583078508,,,,,,,2017,07
25-Jul-17,0.615135315,0.575414463,,,,,,,2017,07
28-Jul-17,0.615504095,0.577975775,,,,,,,2017,07
29-Jul-17,0.604769104,0.554648986,,,,,,,2017,07
01-Aug-17,0.629419479,,,,,,,,2017,08
02-Aug-17,0.597157487,0.355885707,,,,,,,2017,08
06-Aug-17,0.604418221,0.565687192,,,,,,,2017,08
10-Aug-17,0.625395468,,,,,,,-91.62709526,2017,08
12-Aug-17,0.552315128,,,,,,,,2017,08
14-Aug-17,0.616952223,0.57968492,,,,,,,2017,08
16-Aug-17,0.580059785,0.573614473,,,,,,,2017,08
17-Aug-17,0.636398167,0.609576911,,,,,,,2017,08
20-Aug-17,0.543564278,0.510050493,,,,,,,2017,08
21-Aug-17,0.610602944,0.584347918,,,,,,25.14686428,2017,08
25-Aug-17,0.627243587,0.587426936,,,,,,,2017,08
28-Aug-17,0.605716102,0.570496825,,,,,,,2017,08
29-Aug-17,0.541217622,0.489294825,,,,,,,2017,08
01-Sep-17,0.620628308,0.313272519,,,,,,22.3185055,2017,09
02-Sep-17,0.537083036,0.36756356,,,,,,,2017,09
05-Sep-17,0.456914314,0.423524386,,,,,,,2017,09
06-Sep-17,0.51456959,0.418111072,,,,,,40.89845781,2017,09
08-Sep-17,0.492024233,,,,,,,,2017,09
10-Sep-17,0.436346103,0.351164707,,,,,,,2017,09
12-Sep-17,0.535224855,,,,,,,,2017,09
13-Sep-17,0.556267576,0.511806355,,,,,,,2017,09
16-Sep-17,0.496225016,0.439081462,,,,,,,2017,09
17-Sep-17,0.482367154,0.427084253,,,,,,,2017,09
20-Sep-17,0.475224438,0.39964013,,,,,,,2017,09
21-Sep-17,0.528136481,0.476830484,,,,,,,2017,09
24-Sep-17,0.627603952,0.586624349,,,,,,,2017,09
25-Sep-17,0.414155067,0.358875958,,,,,,,2017,09
28-Sep-17,0.432368473,0.358483094,,,,,,,2017,09
29-Sep-17,0.425753913,0.38037782,,,,,,10.90954393,2017,09
03-Oct-17,0.433422245,,,,,,,,2017,10
06-Oct-17,0.425438482,,,,,,,,2017,10
07-Oct-17,0.458654514,0.576797333,,,,,,,2017,10
09-Oct-17,0.453307552,0.3861466,,,,,,,2017,10
10-Oct-17,0.517002076,0.455872155,,,,,,,2017,10
13-Oct-17,0.627933177,0.594027033,,,,,,,2017,10
14-Oct-17,0.626159183,0.592881614,,,,,,,2017,10
17-Oct-17,0.628860863,0.59152392,,,,,,,2017,10
18-Oct-17,0.445122994,0.38737131,,,,,,,2017,10
21-Oct-17,0.44273072,0.355990732,,,,,,,2017,10
22-Oct-17,0.440337595,0.375739684,,,,,,,2017,10
25-Oct-17,0.481836647,0.391494434,,,,,,,2017,10
26-Oct-17,0.456236235,0.396729365,,,,,,,2017,10
29-Oct-17,0.451157107,0.361546769,,,,,,,2017,10
30-Oct-17,0.497690053,0.43266745,,,,,,,2017,10
02-Nov-17,0.460594006,,,,,,,,2017,11
03-Nov-17,0.471293807,0.373832225,,,,,,,2017,11
05-Nov-17,0.475686129,,,,,,,,2017,11
06-Nov-17,0.461090039,,,,,,,,2017,11
09-Nov-17,0.429377129,,,,,,,,2017,11
10-Nov-17,0.492742428,,,,,,,,2017,11
13-Nov-17,0.467847932,0.38103474,,,,,,,2017,11
14-Nov-17,0.522893917,0.448406691,,,,,,,2017,11
17-Nov-17,0.497550525,0.405670244,,,,,,,2017,11
18-Nov-17,0.463752861,0.392857261,,,,,,,2017,11
21-Nov-17,0.463007737,0.364120295,,,,,,,2017,11
22-Nov-17,0.541083324,0.464850265,,,,,,,2017,11
25-Nov-17,0.64055341,0.601527524,,,,,,26.99605999,2017,11
26-Nov-17,0.480955031,0.411250696,,,,,,,2017,11
29-Nov-17,0.444392515,0.340672787,,,,,,,2017,11
30-Nov-17,0.472405664,0.395393691,,,,,,,2017,11
02-Dec-17,0.462035498,0.352861327,,,,,,,2017,12
03-Dec-17,0.497812158,0.453748171,,,,,,,2017,12
06-Dec-17,0.48604656,0.483541182,,,,,,,2017,12
07-Dec-17,0.599820524,,,,,,,,2017,12
10-Dec-17,0.589429819,,,,,,,,2017,12
11-Dec-17,0.455113709,,,,,,,,2017,12
14-Dec-17,0.455397699,0.362356384,,,,,,,2017,12
15-Dec-17,0.495463419,0.419483723,,,,,,,2017,12
18-Dec-17,0.480646599,0.378619608,,,,,,19.57346409,2017,12
19-Dec-17,0.502765845,0.448002397,,,,,,,2017,12
22-Dec-17,0.589737468,0.520824949,,,,,,,2017,12
23-Dec-17,0.507649173,0.427111398,,,,,,,2017,12
26-Dec-17,0.459318463,0.358888858,,,,,,,2017,12
27-Dec-17,0.467798553,0.399082357,,,,,,22.87642207,2017,12
29-Dec-17,0.452793593,0.345591465,,,,,,,2017,12
30-Dec-17,0.483330605,0.427808361,,,,,,,2017,12
02-Jan-18,0.464618798,,,,,,,,2018,01
03-Jan-18,0.50375963,0.418465148,,,,,,21.54017772,2018,01
06-Jan-18,0.510987757,,,,,,,,2018,01
07-Jan-18,0.491783019,,,,,,,,2018,01
10-Jan-18,0.470350298,,,,,,,,2018,01
11-Jan-18,0.477880447,,,,,,,,2018,01
14-Jan-18,0.459161963,0.364695016,,,,,,,2018,01
15-Jan-18,0.497940971,0.411357405,,,,,,,2018,01
18-Jan-18,0.463561941,0.361763112,,,,,,,2018,01
19-Jan-18,0.502817956,0.438007137,,,,,,19.89637203,2018,01
22-Jan-18,0.463621472,0.358722517,,,,,,,2018,01
23-Jan-18,0.496099101,0.417309034,,,,,,,2018,01
25-Jan-18,0.499506643,0.381798748,,,,,,,2018,01
26-Jan-18,0.505189385,0.439366154,,,,,,,2018,01
29-Jan-18,0.476608005,0.38935349,,,,,,,2018,01
30-Jan-18,0.50592217,0.438618656,,,,,,,2018,01
02-Feb-18,0.477893306,0.391247245,,,,,,,2018,02
03-Feb-18,0.504023824,0.462245671,,,,,,,2018,02
06-Feb-18,0.496940425,0.557875705,,,,,,,2018,02
07-Feb-18,0.603887342,,,,,,,,2018,02
10-Feb-18,0.628819894,,,,,,,28.50039156,2018,02
11-Feb-18,0.516005366,0.386739976,,,,,,,2018,02
14-Feb-18,0.504494309,0.395666282,,,,,,,2018,02
15-Feb-18,0.506840948,0.431114039,,,,,,,2018,02
18-Feb-18,0.472203947,0.367405588,,,,,,,2018,02
19-Feb-18,0.519084641,0.450112049,,,,,,,2018,02
21-Feb-18,0.513606947,0.410468476,,,,,,,2018,02
22-Feb-18,0.512274987,0.469519933,,,,,,,2018,02
25-Feb-18,0.491568268,0.424415358,,,,,,,2018,02
26-Feb-18,0.536487124,0.472725357,,,,,,,2018,02
01-Mar-18,0.497318817,0.438619548,,,,,,14.99388357,2018,03
02-Mar-18,0.523424623,0.444176663,,,,,,,2018,03
05-Mar-18,0.519533291,0.526152843,,,,,,,2018,03
06-Mar-18,0.576273461,0.572459625,,,,,,,2018,03
09-Mar-18,0.503498388,0.602488951,,,,,,,2018,03
10-Mar-18,0.527857135,0.356042737,,,,,,,2018,03
13-Mar-18,0.52477696,0.426328656,,,,,,,2018,03
14-Mar-18,0.533617668,0.474281117,,,,,,,2018,03
17-Mar-18,0.532172788,0.430011304,,,,,,28.94133847,2018,03
18-Mar-18,0.539420945,0.481484902,,,,,,,2018,03
20-Mar-18,0.534133348,0.438507451,,,,,,,2018,03
23-Mar-18,0.511466729,0.456106132,,,,,,,2018,03
25-Mar-18,0.556737118,0.52251414,,,,,,,2018,03
29-Mar-18,0.536255291,0.499230051,,,,,,,2018,03
01-Apr-18,0.535670633,,,,,,,,2018,04
02-Apr-18,0.564759688,,,,,,,23.2707812,2018,04
03-Apr-18,0.550330348,,,,,,,,2018,04
05-Apr-18,0.561582263,,,,,,,41.28895223,2018,04
06-Apr-18,0.606331354,,,,,,,,2018,04
09-Apr-18,0.575674326,,,,,,,,2018,04
10-Apr-18,0.566597592,0.391732002,,,,,,,2018,04
13-Apr-18,0.565977418,0.522992865,,,,,,,2018,04
14-Apr-18,0.556491602,0.471925963,,,,,,,2018,04
16-Apr-18,0.604387281,0.599096648,,,,,,,2018,04
17-Apr-18,0.555825881,0.530406845,,,,,,,2018,04
20-Apr-18,0.594510802,0.592633671,,,,,,,2018,04
21-Apr-18,0.569985516,0.551799727,,,,,,,2018,04
24-Apr-18,0.578402828,0.557435298,,,,,,,2018,04
25-Apr-18,0.568173765,0.53892932,,,,,,38.81220648,2018,04
28-Apr-18,0.591719531,0.578748598,,,,,,,2018,04
29-Apr-18,0.577385939,0.537264552,,,,,,,2018,04
02-May-18,0.593847349,,,,,,,,2018,05
03-May-18,0.576617381,0.432580536,,,,,,,2018,05
06-May-18,0.602455945,,,,,,,44.90044888,2018,05
07-May-18,0.580389766,,,,,,,,2018,05
10-May-18,0.618041309,,,,,,,,2018,05
11-May-18,0.585808627,,,,,,,,2018,05
13-May-18,0.648094844,0.652344138,,,,,,,2018,05
14-May-18,0.611772876,0.599934583,,,,,,,2018,05
16-May-18,0.61647573,0.61117746,,,,,,,2018,05
17-May-18,0.6357088,0.571822123,,,,,,,2018,05
18-May-18,0.611083,0.587934497,,,,,,,2018,05
21-May-18,0.587199627,0.554917251,,,,,,,2018,05
22-May-18,0.628588715,,,,,,,,2018,05
25-May-18,0.61518894,0.584349439,,,,,,,2018,05
26-May-18,0.605744103,0.566915094,,,,,,,2018,05
29-May-18,0.614166321,0.60182048,,,,,,,2018,05
30-May-18,0.616585889,0.570573263,,,,,,,2018,05
02-Jun-18,0.604138503,0.402921581,,,,,,,2018,06
03-Jun-18,0.634978529,0.512735014,,,,,,,2018,06
06-Jun-18,0.616903289,0.58171733,,,,,,,2018,06
07-Jun-18,0.621051357,0.536162376,,,,,,,2018,06
09-Jun-18,0.639693245,0.5813592,,,,,,,2018,06
10-Jun-18,0.593380395,,,,,,,,2018,06
13-Jun-18,0.613359704,0.598966578,,,,,,,2018,06
14-Jun-18,0.60239699,0.596568417,,,,,,,2018,06
17-Jun-18,0.606295406,0.582074227,,,,,,,2018,06
18-Jun-18,0.634031442,0.590045061,,,,,,,2018,06
21-Jun-18,0.631996338,0.583544538,,,,,,43.87079669,2018,06
22-Jun-18,0.596977168,0.54057401,,,,,,,2018,06
25-Jun-18,0.608428041,0.553667518,,,,,,,2018,06
26-Jun-18,0.636986983,0.598567314,,,,,,,2018,06
29-Jun-18,0.635594638,0.583660095,,,,,,,2018,06
30-Jun-18,0.617685054,0.577594479,,,,,,,2018,06
02-Jul-18,0.627902327,0.554913855,,,,,,,2018,07
03-Jul-18,0.594016933,,,,,,,,2018,07
04-Jul-18,0.632469853,,,,,,,,2018,07
06-Jul-18,0.563765894,0.562046926,,,,,,,2018,07
07-Jul-18,0.572078536,0.542274412,,,,,,45.89371139,2018,07
10-Jul-18,0.626442952,0.394551508,,,,,,,2018,07
11-Jul-18,0.591676948,0.366710875,,,,,,,2018,07
14-Jul-18,0.58967172,0.614746495,,,,,,,2018,07
15-Jul-18,0.631241222,,,,,,,,2018,07
18-Jul-18,0.586637029,0.620213368,,,,,,,2018,07
19-Jul-18,0.625884344,0.588380514,,,,,,,2018,07
22-Jul-18,0.599055633,0.632245051,,,,,,,2018,07
23-Jul-18,0.631724405,0.612917243,,,,,,,2018,07
26-Jul-18,0.624697095,0.59493034,,,,,,,2018,07
27-Jul-18,0.58317363,0.612985941,,,,,,,2018,07
30-Jul-18,0.620177973,0.598459458,,,,,,,2018,07
31-Jul-18,0.567834201,0.566685537,,,,,,,2018,07
02-Aug-18,0.579911524,,,,,,,,2018,08
03-Aug-18,0.574234862,,,,,,,26.66625972,2018,08
06-Aug-18,0.602428324,,,,,,,,2018,08
07-Aug-18,0.629027063,,,,,,,,2018,08
11-Aug-18,0.406653284,0.415540865,,,,,,,2018,08
14-Aug-18,0.568957519,0.563694909,,,,,,,2018,08
15-Aug-18,0.585802589,,,,,,,,2018,08
18-Aug-18,0.628722367,0.627085389,,,,,,,2018,08
19-Aug-18,0.630736018,0.580632542,,,,,,,2018,08
22-Aug-18,0.622973276,0.591807361,,,,,,,2018,08
23-Aug-18,0.628264138,0.589847844,,,,,,,2018,08
26-Aug-18,0.626799281,0.589529264,,,,,,,2018,08
27-Aug-18,0.621754635,0.568869527,,,,,,,2018,08
29-Aug-18,0.631387907,0.596935144,,,,,,,2018,08
30-Aug-18,0.630687769,0.600618384,,,,,,,2018,08
02-Sep-18,0.626906282,,,,,,,,2018,09
03-Sep-18,0.631416165,0.419616798,,,,,,,2018,09
06-Sep-18,0.62027741,0.624977282,,,,,,,2018,09
07-Sep-18,0.620333947,,,,,,,,2018,09
10-Sep-18,0.633971735,,,,,,,,2018,09
11-Sep-18,0.612140595,,,,,,,,2018,09
14-Sep-18,0.542694867,0.488991489,,,,,,,2018,09
15-Sep-18,0.429529194,0.396014221,,,,,,,2018,09
18-Sep-18,0.462643983,0.396798663,,,,,,,2018,09
19-Sep-18,0.449800293,0.418219039,,,,,,,2018,09
22-Sep-18,0.448954303,0.386454795,,,,,,,2018,09
23-Sep-18,0.626483853,0.593463914,,,,,,,2018,09
25-Sep-18,0.627787942,0.572176624,,,,,,7.261086133,2018,09
26-Sep-18,0.458964577,0.427367843,,,,,,,2018,09
29-Sep-18,0.437032185,0.405436656,,,,,,,2018,09
30-Sep-18,0.406680334,0.391839345,,,,,,,2018,09
03-Oct-18,0.569815659,0.450597734,,,,,,,2018,10
04-Oct-18,0.4160433,0.48224932,,,,,,,2018,10
07-Oct-18,0.448745874,0.596661134,,,,,,,2018,10
08-Oct-18,0.554701928,0.598920881,,,,,,,2018,10
11-Oct-18,0.434817392,0.402064203,,,,,,,2018,10
12-Oct-18,0.463342046,0.402469452,,,,,,,2018,10
15-Oct-18,0.46777515,0.393539758,,,,,,,2018,10
16-Oct-18,0.455578281,0.394489605,,,,,,,2018,10
19-Oct-18,0.478007313,0.401204316,,,,,,,2018,10
20-Oct-18,0.446073202,0.391750926,,,,,,,2018,10
22-Oct-18,0.459030382,0.366123544,,,,,,,2018,10
23-Oct-18,0.45787132,0.414763568,,,,,,,2018,10
26-Oct-18,0.442974052,0.382890098,,,,,,,2018,10
27-Oct-18,0.451329131,0.405311823,,,,,,34.42796973,2018,10
30-Oct-18,0.427151158,0.401408513,,,,,,,2018,10
31-Oct-18,0.442205441,0.39555005,,,,,,,2018,10
02-Nov-18,0.474710782,0.447225986,,,,,,,2018,11
03-Nov-18,0.462635881,,,,,,,,2018,11
04-Nov-18,0.450376609,,,,,,,,2018,11
06-Nov-18,0.465656142,,,,,,,,2018,11
07-Nov-18,0.449921838,0.584957894,,,,,,,2018,11
08-Nov-18,0.485728294,0.5945676,,,,,,,2018,11
10-Nov-18,0.491692073,0.394627521,,,,,,30.21070014,2018,11
11-Nov-18,0.453332905,0.35968969,,,,,,,2018,11
12-Nov-18,0.48309197,0.435274561,,,,,,,2018,11
13-Nov-18,0.489185212,0.392441266,,,,,,,2018,11
14-Nov-18,0.527611955,0.470635468,,,,,,,2018,11
15-Nov-18,0.453552806,0.360386393,,,,,,,2018,11
16-Nov-18,0.460698217,0.402824604,,,,,,,2018,11
17-Nov-18,0.476006463,0.412488174,,,,,,,2018,11
18-Nov-18,0.477094723,0.420650848,,,,,,,2018,11
19-Nov-18,0.477208701,0.4308122,,,,,,27.29874925,2018,11
21-Nov-18,0.478115016,0.399428397,,,,,,,2018,11
22-Nov-18,0.46951199,0.405908985,,,,,,,2018,11
23-Nov-18,0.486789943,0.427645623,,,,,,,2018,11
25-Nov-18,0.491646959,0.394715235,,,,,,,2018,11
26-Nov-18,0.4674832,0.384228056,,,,,,,2018,11
27-Nov-18,0.472717064,0.42402542,,,,,,,2018,11
29-Nov-18,0.48475483,0.387755694,,,,,,,2018,11
30-Nov-18,0.481839922,0.369646651,,,,,,,2018,11
01-Dec-18,0.481854327,,,,,,,21.52996648,2018,12
03-Dec-18,0.50303097,,,,,,,,2018,12
04-Dec-18,0.47074566,,,,,,,,2018,12
05-Dec-18,0.572460935,,,,,,,,2018,12
06-Dec-18,0.556162204,,,,,,,45.94573186,2018,12
07-Dec-18,0.509568874,,,,,,,,2018,12
08-Dec-18,0.464864542,,,,,,,,2018,12
09-Dec-18,0.502711157,,,,,,,,2018,12
10-Dec-18,0.492638543,0.41531354,,,,,,,2018,12
11-Dec-18,0.496143618,0.419874265,,,,,,30.74095386,2018,12
12-Dec-18,0.490174199,0.383949794,,,,,,,2018,12
13-Dec-18,0.475761161,0.407246453,,,,,,,2018,12
14-Dec-18,0.485279901,0.399027671,,,,,,24.27161381,2018,12
15-Dec-18,0.48827369,0.421010986,,,,,,,2018,12
16-Dec-18,0.498783227,0.447028534,,,,,,,2018,12
18-Dec-18,0.486178818,0.39271932,0.04979793,-0.043533919,0.042104506,4.143288706,7.555849577,,2018,12
19-Dec-18,0.453608996,0.383458907,,,,,,,2018,12
20-Dec-18,0.477816455,0.430867304,,,,,,,2018,12
22-Dec-18,0.4784166,0.384540115,,,,,,,2018,12
23-Dec-18,0.459149818,0.404655931,0.196289156,-0.118610612,0.21419387,3.328343103,7.648476435,,2018,12
24-Dec-18,0.467239496,0.424164884,,,,,,,2018,12
26-Dec-18,0.483491907,0.390410437,,,,,,,2018,12
27-Dec-18,0.491977984,0.381388934,,,,,,,2018,12
28-Dec-18,0.490263759,0.432794284,0.226072294,-0.143235907,0.137443842,4.16198706,7.762075598,,2018,12
30-Dec-18,0.482169731,0.448648988,,,,,,19.87401296,2018,12
31-Dec-18,0.458470238,0.377637682,,,,,,,2018,12
01-Jan-19,0.476182109,,,,,,,,2019,01
02-Jan-19,0.490061277,0.54022599,0.221530611,-0.127573225,0.156453572,3.939462721,7.770441072,,2019,01
03-Jan-19,0.48302123,0.477686191,,,,,,,2019,01
04-Jan-19,0.456903213,0.576513529,,,,,,,2019,01
05-Jan-19,0.480012872,,,,,,,,2019,01
06-Jan-19,0.490244464,,,,,,,,2019,01
07-Jan-19,0.485692376,0.49635214,0.199135754,-0.122186662,0.153964722,4.866197809,7.810374,48.11185839,2019,01
08-Jan-19,0.504131016,0.565706535,,,,,,,2019,01
09-Jan-19,0.49784841,0.561301555,,,,,,,2019,01
10-Jan-19,0.519200451,,,,,,,,2019,01
11-Jan-19,0.497187753,0.56950126,,,,,,,2019,01
12-Jan-19,0.5063535,0.328283428,0.093252735,-0.07323626,0.225117524,1.992340395,7.529976766,26.35997717,2019,01
14-Jan-19,0.499873574,0.409404348,,,,,,,2019,01
15-Jan-19,0.499052908,0.440519205,,,,,,19.95008066,2019,01
16-Jan-19,0.50395335,0.460418063,,,,,,,2019,01
18-Jan-19,0.493141524,0.402745834,,,,,,,2019,01
19-Jan-19,0.476372352,0.426189856,,,,,,,2019,01
20-Jan-19,0.489811432,0.450702379,,,,,,,2019,01
22-Jan-19,0.4963349,0.404529838,0.180426008,-0.09948473,0.170861858,4.891819318,7.714616392,21.64942829,2019,01
23-Jan-19,0.52273862,0.451121282,,,,,,,2019,01
24-Jan-19,0.50287973,0.460641226,,,,,,,2019,01
26-Jan-19,0.637416375,0.606722759,,,,,,,2019,01
27-Jan-19,0.516692712,0.424170121,0.210892449,-0.088663162,0.162102356,5.797334109,8.034532611,,2019,01
28-Jan-19,0.499780157,0.434222404,,,,,,,2019,01
29-Jan-19,0.530174994,0.44874839,,,,,,,2019,01
30-Jan-19,0.492412612,0.447907211,,,,,,,2019,01
31-Jan-19,0.47709289,0.3851456,,,,,,19.607048,2019,01
01-Feb-19,0.594719649,0.56692654,0.194997497,-0.100179363,0.176721484,5.318987255,7.646081026,,2019,02
02-Feb-19,0.498205882,0.424515955,,,,,,,2019,02
03-Feb-19,0.514027328,0.46924917,,,,,,,2019,02
04-Feb-19,0.504488725,0.497038347,,,,,,,2019,02
05-Feb-19,0.517009333,0.584456857,,,,,,,2019,02
06-Feb-19,0.527216378,0.615707976,0.17591965,-0.078240239,0.15032089,6.11474973,7.87162755,,2019,02
07-Feb-19,0.544159711,,,,,,,,2019,02
08-Feb-19,0.503183371,,,,,,,,2019,02
10-Feb-19,0.505182684,0.485174519,,,,,,,2019,02
11-Feb-19,0.503200759,0.45504356,0.111374924,-0.0624472,0.214259427,4.734539642,7.644947725,,2019,02
12-Feb-19,0.510968915,0.443008687,,,,,,,2019,02
14-Feb-19,0.514003094,0.431621125,,,,,,,2019,02
15-Feb-19,0.501315545,0.430413994,,,,,,,2019,02
16-Feb-19,0.51366915,0.460597323,0.176971244,-0.080763161,0.132876691,5.957520433,7.92685111,11.23519862,2019,02
18-Feb-19,0.517880433,0.42147939,,,,,,,2019,02
19-Feb-19,0.585658781,0.414159513,,,,,,,2019,02
20-Feb-19,0.502982023,0.465309775,,,,,,,2019,02
22-Feb-19,0.523324901,0.487208039,,,,,,,2019,02
23-Feb-19,0.49549406,0.43084278,,,,,,25.47970298,2019,02
24-Feb-19,0.505490798,0.463263112,,,,,,,2019,02
25-Feb-19,0.518370914,0.464641093,,,,,,,2019,02
26-Feb-19,0.50333367,0.477687296,0.212345759,-0.091586574,0.140938408,7.153218441,7.981965559,,2019,02
27-Feb-19,0.622157376,0.573374776,,,,,,,2019,02
28-Feb-19,0.574212601,0.530525176,,,,,,,2019,02
01-Mar-19,0.535352478,0.441676175,,,,,,,2019,03
02-Mar-19,0.502583621,0.449343921,,,,,,,2019,03
03-Mar-19,0.500988819,0.41685866,,,,,,,2019,03
04-Mar-19,0.564351569,0.601586097,,,,,,,2019,03
05-Mar-19,0.53554389,0.548271216,,,,,,,2019,03
06-Mar-19,0.518004819,0.62334869,,,,,,,2019,03
07-Mar-19,0.524026468,0.58285293,,,,,,,2019,03
09-Mar-19,0.53607834,0.582951678,,,,,,,2019,03
10-Mar-19,0.520803476,0.460332992,,,,,,,2019,03
11-Mar-19,0.536911411,0.360383121,,,,,,,2019,03
13-Mar-19,0.550622292,0.486700561,0.206906923,-0.055425141,0.16300416,5.31755329,8.083864249,,2019,03
14-Mar-19,0.603640094,0.492097452,,,,,,,2019,03
15-Mar-19,0.632699243,0.595335577,,,,,,,2019,03
17-Mar-19,0.625793772,0.571715465,,,,,,,2019,03
18-Mar-19,0.572861881,0.518274898,0.243223643,-0.089092544,0.133245255,5.833148049,8.217797904,,2019,03
19-Mar-19,0.53429684,0.509515346,,,,,,,2019,03
21-Mar-19,0.594407551,0.580054609,,,,,,,2019,03
22-Mar-19,0.532827419,0.480629532,,,,,,,2019,03
23-Mar-19,0.551354999,0.524388047,0.246973535,-0.064948328,0.151536608,5.472485623,8.160107225,,2019,03
24-Mar-19,0.565517212,0.537710975,,,,,,,2019,03
25-Mar-19,0.563642379,0.558309892,,,,,,,2019,03
26-Mar-19,0.546609394,0.490835313,,,,,,,2019,03
27-Mar-19,0.57831715,0.559107787,,,,,,24.30985262,2019,03
28-Mar-19,0.568944461,0.527599501,0.170922344,-0.03658315,0.162706291,4.955928787,8.05322055,,2019,03
29-Mar-19,0.558908506,0.551985775,,,,,,,2019,03
30-Mar-19,0.567841754,0.501911626,,,,,,,2019,03
31-Mar-19,0.573691369,0.559657749,,,,,,,2019,03
01-Apr-19,0.598012933,,,,,,,,2019,04
02-Apr-19,0.572468974,0.400114926,0.170586569,-0.031707977,0.163720061,5.382419158,7.983037971,,2019,04
03-Apr-19,0.601866604,0.50471113,,,,,,23.50253724,2019,04
05-Apr-19,0.583282305,0.615669836,,,,,,,2019,04
06-Apr-19,0.600736383,0.635476773,,,,,,,2019,04
07-Apr-19,0.579205954,0.587532402,0.144364827,-0.022813239,0.147397252,5.314054634,7.989816933,,2019,04
09-Apr-19,0.565037577,0.547215517,,,,,,,2019,04
11-Apr-19,0.584063375,0.570975568,,,,,,,2019,04
13-Apr-19,0.597590377,0.582481612,,,,,,,2019,04
14-Apr-19,0.578363154,0.5438355,,,,,,,2019,04
15-Apr-19,0.580100014,,,,,,,,2019,04
16-Apr-19,0.619927161,0.58788468,,,,,,,2019,04
17-Apr-19,0.614920678,0.575265475,0.139054127,-0.009168627,0.139499075,6.455191824,7.995325221,,2019,04
18-Apr-19,0.597344498,,,,,,,,2019,04
19-Apr-19,0.563669404,0.540731644,,,,,,,2019,04
20-Apr-19,0.567347072,0.559352842,,,,,,,2019,04
21-Apr-19,0.57349757,0.555091426,,,,,,38.69699266,2019,04
22-Apr-19,0.554598707,0.500876351,0.080992923,-0.005774884,0.095435262,33.11513357,7.639374435,,2019,04
23-Apr-19,0.584144663,0.573856301,,,,,,,2019,04
24-Apr-19,0.578295757,0.574730884,,,,,,,2019,04
25-Apr-19,0.595946556,0.558402546,,,,,,,2019,04
26-Apr-19,0.638668556,0.594981384,,,,,,,2019,04
27-Apr-19,0.58921724,0.566116361,0.159432706,-0.029646867,0.134738532,6.694560592,7.992007497,,2019,04
28-Apr-19,0.577755353,0.562962021,,,,,,41.93911294,2019,04
29-Apr-19,0.5941449,0.555848357,,,,,,,2019,04
30-Apr-19,0.628979437,0.640620304,,,,,,,2019,04
02-May-19,0.584314286,0.435241853,0.134580711,-0.009932939,0.143058095,7.009836729,7.940015455,,2019,05
03-May-19,0.595151577,0.476555067,,,,,,,2019,05
04-May-19,0.615781933,0.575717885,,,,,,29.72276933,2019,05
06-May-19,0.587727479,,,,,,,,2019,05
07-May-19,0.593551407,0.587694315,0.126380646,-0.000586,0.125442935,6.373413068,7.996582139,,2019,05
08-May-19,0.60842254,0.577618761,,,,,,,2019,05
10-May-19,0.627055463,0.59896819,,,,,,36.93524708,2019,05
11-May-19,0.584852225,0.35385807,,,,,,,2019,05
12-May-19,0.599685355,0.386777468,0.123527557,0.018253437,0.1332072,6.630204303,7.989761319,,2019,05
13-May-19,0.635098078,0.647188074,,,,,,,2019,05
14-May-19,0.609281437,0.601813151,,,,,,45.72550925,2019,05
16-May-19,0.601414695,0.595082857,,,,,,,2019,05
17-May-19,0.62225064,0.626523044,0.10743965,0.019789247,0.120570366,7.401776204,7.968219321,,2019,05
18-May-19,0.603813387,0.584945812,,,,,,,2019,05
19-May-19,0.583539841,0.542017492,,,,,,,2019,05
20-May-19,0.613805241,,,,,,,,2019,05
21-May-19,0.605891509,0.583406124,,,,,,,2019,05
22-May-19,0.616912367,0.603997149,0.129968323,0.019152476,0.138375921,7.831174028,7.967622591,,2019,05
23-May-19,0.584131132,0.35644544,,,,,,43.9021932,2019,05
24-May-19,0.614984592,0.624350865,,,,,,,2019,05
25-May-19,0.613680862,0.603954807,,,,,,,2019,05
26-May-19,0.616839232,0.582032254,,,,,,,2019,05
27-May-19,0.633352568,0.635067952,0.138412894,0.018464779,0.119656311,8.502956122,8.020446978,,2019,05
30-May-19,0.618820013,0.621401514,,,,,,45.44825634,2019,05
31-May-19,0.626069927,0.600837156,,,,,,,2019,05
02-Jun-19,0.620533715,0.434353454,,,,,,,2019,06
03-Jun-19,0.619094738,0.446478231,,,,,,,2019,06
04-Jun-19,0.63861463,0.543660665,,,,,,,2019,06
06-Jun-19,0.620195595,0.566703756,0.112675387,0.037290478,0.112491261,9.308332893,7.985928026,,2019,06
07-Jun-19,0.636104066,,,,,,,,2019,06
08-Jun-19,0.628936178,0.593316467,,,,,,,2019,06
10-Jun-19,0.644179434,0.455802347,,,,,,,2019,06
11-Jun-19,0.617244474,,0.107162673,0.042975235,0.125707589,9.450019949,7.954101893,-79.21395727,2019,06
12-Jun-19,0.640737807,0.372094042,,,,,,,2019,06
13-Jun-19,0.638650868,0.628827132,,,,,,,2019,06
14-Jun-19,0.635940485,0.613583403,,,,,,,2019,06
15-Jun-19,0.608475806,0.557310802,,,,,,45.15055565,2019,06
16-Jun-19,0.626711676,0.619164669,,,,,,,2019,06
17-Jun-19,0.627976324,0.614733923,,,,,,,2019,06
18-Jun-19,0.615277478,0.602012884,,,,,,,2019,06
19-Jun-19,0.594167539,0.535279494,,,,,,,2019,06
20-Jun-19,0.623039869,0.583368935,,,,,,,2019,06
21-Jun-19,0.616915361,0.590278663,,,,,,,2019,06
22-Jun-19,0.575240374,0.497426833,,,,,,,2019,06
23-Jun-19,0.616565109,0.585468734,,,,,,,2019,06
25-Jun-19,0.595092277,0.529834832,,,,,,,2019,06
26-Jun-19,0.603298196,0.58738095,,,,,,,2019,06
27-Jun-19,0.596836442,0.554232164,,,,,,,2019,06
29-Jun-19,0.593928518,0.529661512,,,,,,,2019,06
30-Jun-19,0.630358026,0.545295466,,,,,,,2019,06
01-Jul-19,0.531109186,0.438890568,,,,,,,2019,07
03-Jul-19,0.629819785,0.496592237,,,,,,,2019,07
04-Jul-19,0.625580306,0.560668961,,,,,,,2019,07
05-Jul-19,0.627660201,0.540464466,,,,,,42.65156821,2019,07
07-Jul-19,0.626661131,0.588173571,,,,,,,2019,07
08-Jul-19,0.629832251,0.60721429,,,,,,,2019,07
09-Jul-19,0.633669527,0.580413939,,,,,,,2019,07
10-Jul-19,0.625716405,0.399414184,,,,,,,2019,07
11-Jul-19,0.606013487,0.340549167,,,,,,,2019,07
12-Jul-19,0.614087408,,,,,,,,2019,07
13-Jul-19,0.630419547,0.600938266,,,,,,,2019,07
14-Jul-19,0.600910119,0.567514064,,,,,,,2019,07
15-Jul-19,0.558578934,0.534293181,,,,,,,2019,07
16-Jul-19,0.606098276,0.55785135,,,,,,,2019,07
17-Jul-19,0.566346688,0.540705918,,,,,,-41.44034454,2019,07
18-Jul-19,0.597687514,0.563948565,,,,,,,2019,07
19-Jul-19,0.54195983,0.50871435,,,,,,,2019,07
20-Jul-19,0.535963209,0.532552059,,,,,,,2019,07
22-Jul-19,0.518194333,0.475180404,,,,,,,2019,07
23-Jul-19,0.510414371,0.51322351,,,,,,,2019,07
24-Jul-19,0.504476334,0.50219122,,,,,,,2019,07
26-Jul-19,0.475811746,0.434936139,,,,,,,2019,07
27-Jul-19,0.469602885,0.586436719,,,,,,,2019,07
28-Jul-19,0.610717118,0.582873103,,,,,,,2019,07
30-Jul-19,0.633638415,0.586865978,,,,,,,2019,07
31-Jul-19,0.629386556,0.605548938,,,,,,,2019,07
02-Aug-19,0.516475395,0.462236385,,,,,,,2019,08
03-Aug-19,0.63123621,,,,,,,,2019,08
04-Aug-19,0.531989358,,,,,,,,2019,08
05-Aug-19,0.614856031,0.600594674,,,,,,,2019,08
06-Aug-19,0.629774082,0.603667575,,,,,,49.86077019,2019,08
07-Aug-19,0.63433725,0.58745577,,,,,,,2019,08
08-Aug-19,0.614923808,0.569977511,,,,,,,2019,08
09-Aug-19,0.620988673,0.457956502,,,,,,,2019,08
10-Aug-19,0.623100974,0.486377677,,,,,,,2019,08
11-Aug-19,0.601832664,0.364304586,,,,,,,2019,08
12-Aug-19,0.623518294,0.374141098,,,,,,24.82310713,2019,08
13-Aug-19,0.634892279,0.601439733,,,,,,,2019,08
14-Aug-19,0.616653222,0.59363935,,,,,,,2019,08
15-Aug-19,0.624835268,0.587087847,,,,,,,2019,08
16-Aug-19,0.626133094,0.590423196,,,,,,,2019,08
18-Aug-19,0.626424772,0.585723128,,,,,,,2019,08
19-Aug-19,0.624557567,0.598741418,,,,,,,2019,08
20-Aug-19,0.595055699,0.571371184,,,,,,,2019,08
22-Aug-19,0.611782664,0.574824794,,,,,,,2019,08
23-Aug-19,0.623960786,0.578140969,,,,,,,2019,08
24-Aug-19,0.622343057,0.578482535,,,,,,,2019,08
26-Aug-19,0.638545819,0.593524671,,,,,,,2019,08
27-Aug-19,0.624777462,0.585323355,,,,,,,2019,08
28-Aug-19,0.564613891,0.515504788,,,,,,,2019,08
30-Aug-19,0.576484549,0.554044324,,,,,,,2019,08
31-Aug-19,0.627313177,0.58460792,,,,,,,2019,08
01-Sep-19,0.601069229,0.420229017,,,,,,,2019,09
02-Sep-19,0.608792767,,,,,,,,2019,09
03-Sep-19,0.618985061,0.473464559,,,,,,,2019,09
04-Sep-19,0.601065063,0.558309607,,,,,,,2019,09
05-Sep-19,0.611093905,,,,,,,,2019,09
06-Sep-19,0.631310881,,,,,,,,2019,09
07-Sep-19,0.609144362,0.597560834,,,,,,,2019,09
08-Sep-19,0.5302206,0.584799127,,,,,,,2019,09
09-Sep-19,0.605095302,0.567633186,,,,,,,2019,09
10-Sep-19,0.63572514,0.39995427,,,,,,,2019,09
11-Sep-19,0.625504901,0.482157496,,,,,,,2019,09
12-Sep-19,0.545105146,0.35131179,,,,,,,2019,09
14-Sep-19,0.62584536,0.587354136,,,,,,,2019,09
15-Sep-19,0.608161451,0.590219881,,,,,,,2019,09
16-Sep-19,0.632931582,0.601689142,,,,,,,2019,09
18-Sep-19,0.632480479,0.588896572,,,,,,,2019,09
19-Sep-19,0.625289606,0.584732436,,,,,,,2019,09
20-Sep-19,0.554465525,0.516663046,,,,,,,2019,09
22-Sep-19,0.548054484,0.477106698,,,,,,,2019,09
23-Sep-19,0.628492806,0.594873821,,,,,,,2019,09
24-Sep-19,0.532915602,0.488377015,,,,,,,2019,09
26-Sep-19,0.623805416,0.591022507,,,,,,,2019,09
27-Sep-19,0.540115797,0.47290537,,,,,,,2019,09
28-Sep-19,0.590055746,0.528943253,,,,,,,2019,09
29-Sep-19,0.615822316,0.575368419,,,,,,,2019,09
30-Sep-19,0.616940586,0.592895494,,,,,,,2019,09
01-Oct-19,0.625696339,0.425040987,,,,,,,2019,10
02-Oct-19,0.584901838,0.425113304,,,,,,,2019,10
03-Oct-19,0.406430244,0.500814727,,,,,,,2019,10
04-Oct-19,0.422806261,0.552786204,0.103974404,0.047738433,0.109345457,10.06978928,7.988303421,,2019,10
05-Oct-19,0.642985973,0.622228671,,,,,,,2019,10
06-Oct-19,0.508878082,0.640086941,,,,,,,2019,10
07-Oct-19,0.455691931,0.589033728,,,,,,47.060819,2019,10
08-Oct-19,0.432402418,0.578966786,,,,,,,2019,10
09-Oct-19,0.433378553,0.612431661,0.078307038,-0.134191283,0.122737432,14.38099992,6.94551989,,2019,10
11-Oct-19,0.434730462,,,,,,,,2019,10
12-Oct-19,0.43229267,0.375010303,,,,,,,2019,10
13-Oct-19,0.391151214,0.367329508,,,,,,,2019,10
15-Oct-19,0.425576479,0.354021636,,,,,,,2019,10
16-Oct-19,0.39150791,0.354981375,,,,,,,2019,10
17-Oct-19,0.404073635,0.368477656,,,,,,,2019,10
19-Oct-19,0.444575082,0.363805266,,,,,,,2019,10
20-Oct-19,0.617748553,0.577534868,,,,,,,2019,10
21-Oct-19,0.630099067,0.596770557,,,,,,27.8453558,2019,10
23-Oct-19,0.584748978,0.532347516,,,,,,,2019,10
24-Oct-19,0.622231884,0.580504322,,,,,,,2019,10
25-Oct-19,0.420127933,0.362857968,,,,,,,2019,10
26-Oct-19,0.624672365,0.583170205,,,,,,,2019,10
27-Oct-19,0.610384667,0.566157794,,,,,,,2019,10
28-Oct-19,0.561913544,0.487649329,,,,,,,2019,10
29-Oct-19,0.611890328,0.573528921,,,,,,,2019,10
30-Oct-19,0.627611459,0.58609604,,,,,,30.92385895,2019,10
31-Oct-19,0.419131999,0.372064759,,,,,,,2019,10
01-Nov-19,0.620398222,0.37530514,,,,,,,2019,11
02-Nov-19,0.519593354,0.442759604,,,,,,,2019,11
03-Nov-19,0.442809392,0.512551685,,,,,,26.87710052,2019,11
04-Nov-19,0.608193938,0.581611909,,,,,,,2019,11
05-Nov-19,0.394123155,0.560771268,,,,,,,2019,11
07-Nov-19,0.418277732,0.566627708,,,,,,,2019,11
08-Nov-19,0.410691222,0.586201612,,,,,,-123.1485201,2019,11
09-Nov-19,0.540539971,0.593577997,,,,,,,2019,11
11-Nov-19,0.472206478,0.372669507,,,,,,,2019,11
12-Nov-19,0.456416198,,,,,,,,2019,11
13-Nov-19,0.44755662,0.378396274,,,,,,,2019,11
15-Nov-19,0.467805354,0.361651206,,,,,,25.3350291,2019,11
16-Nov-19,0.437404592,0.334510691,,,,,,,2019,11
17-Nov-19,0.431338421,0.359697397,,,,,,,2019,11
19-Nov-19,0.492513111,0.432448474,,,,,,,2019,11
20-Nov-19,0.446252884,0.346150525,,,,,,,2019,11
21-Nov-19,0.509356701,0.435551452,,,,,,,2019,11
22-Nov-19,0.440425197,0.356632615,,,,,,30.81649021,2019,11
23-Nov-19,0.438375683,0.370649486,0.144331272,-0.248869608,0.170848185,6.684011083,7.342032432,,2019,11
24-Nov-19,0.430679698,0.326393397,,,,,,,2019,11
25-Nov-19,0.585151694,0.536179447,,,,,,,2019,11
26-Nov-19,0.446224267,0.351310231,,,,,,,2019,11
27-Nov-19,0.444081174,0.369381084,,,,,,,2019,11
28-Nov-19,0.454168796,0.346796795,0.09893983,-0.190641515,0.235633222,5.505846349,6.887231894,,2019,11
29-Nov-19,0.419626397,0.337463063,,,,,,,2019,11
30-Nov-19,0.450610732,0.357411653,,,,,,,2019,11
01-Dec-19,0.440928879,0.458457554,,,,,,,2019,12
02-Dec-19,0.510216108,0.470680172,,,,,,,2019,12
04-Dec-19,0.485059238,,,,,,,33.67886519,2019,12
05-Dec-19,0.474400106,0.600546017,,,,,,,2019,12
06-Dec-19,0.434703236,0.638035019,,,,,,,2019,12
08-Dec-19,0.469558823,0.574571103,0.071711545,-0.137133285,0.262093682,4.980444355,7.14389133,,2019,12
09-Dec-19,0.436849073,0.515700855,,,,,,,2019,12
10-Dec-19,0.454352236,0.381761471,,,,,,,2019,12
12-Dec-19,0.46930012,0.356300211,,,,,,,2019,12
13-Dec-19,0.448786171,0.401440503,0.082612644,-0.180542008,0.21105647,6.162093154,7.001514357,,2019,12
14-Dec-19,0.424197996,0.344211196,,,,,,,2019,12
16-Dec-19,0.628430944,0.5900355,,,,,,,2019,12
17-Dec-19,0.629362907,0.574499457,,,,,,20.99450055,2019,12
18-Dec-19,0.498636273,0.417975082,0.120956159,-0.198454981,0.215764112,6.482610816,7.110935682,,2019,12
19-Dec-19,0.635061585,0.589837943,,,,,,,2019,12
20-Dec-19,0.430155535,0.363412674,,,,,,,2019,12
21-Dec-19,0.418250039,0.310363761,,,,,,,2019,12
22-Dec-19,0.427339797,0.34635261,,,,,,,2019,12
23-Dec-19,0.439196862,0.344582044,0.123481503,-0.227598375,0.169860052,7.165308949,7.054438266,,2019,12
24-Dec-19,0.459746684,0.380656669,,,,,,21.29522374,2019,12
25-Dec-19,0.439786395,0.325976976,,,,,,,2019,12
26-Dec-19,0.615096284,0.552799713,,,,,,,2019,12
27-Dec-19,0.507554634,0.411918736,,,,,,,2019,12
28-Dec-19,0.397006588,0.317743851,0.096617182,-0.156771332,0.210467809,6.160163529,7.313124325,,2019,12
29-Dec-19,0.398369183,0.33990777,,,,,,,2019,12
31-Dec-19,0.417907103,0.327034174,,,,,,,2019,12
01-Jan-20,0.628942048,0.59596304,,,,,,,2020,01
02-Jan-20,0.632369008,0.398201075,,,,,,,2020,01
04-Jan-20,0.63453969,,,,,,,,2020,01
05-Jan-20,0.581059175,0.595441325,,,,,,,2020,01
06-Jan-20,0.418721819,0.43062834,,,,,,35.04970908,2020,01
08-Jan-20,0.440139114,0.624377111,,,,,,,2020,01
09-Jan-20,0.390130118,0.571240532,,,,,,,2020,01
10-Jan-20,0.417640482,0.350163149,,,,,,,2020,01
12-Jan-20,0.403596828,0.359206031,0.082428901,-0.238321866,0.134947891,7.103103436,7.016293431,,2020,01
13-Jan-20,0.398424279,0.296603292,,,,,,,2020,01
14-Jan-20,0.411213337,0.331154329,,,,,,,2020,01
15-Jan-20,0.419533715,0.336532949,,,,,,,2020,01
16-Jan-20,0.546865399,0.480854786,,,,,,,2020,01
17-Jan-20,0.557050828,0.469853679,0.068621285,-0.227114671,0.178137066,7.396520756,7.069025454,,2020,01
18-Jan-20,0.429307049,0.335039164,,,,,,14.82528534,2020,01
19-Jan-20,0.654949607,0.61782455,,,,,,,2020,01
20-Jan-20,0.608852898,0.558427563,,,,,,,2020,01
21-Jan-20,0.589933359,0.505377778,,,,,,,2020,01
22-Jan-20,0.449506502,0.351463985,,,,,,,2020,01
23-Jan-20,0.414018435,0.319674976,,,,,,,2020,01
24-Jan-20,0.42204527,0.459374452,,,,,,,2020,01
25-Jan-20,0.402628073,0.335729433,,,,,,17.7286941,2020,01
27-Jan-20,0.420502825,0.326557586,,,,,,,2020,01
28-Jan-20,0.480397498,0.298621492,,,,,,,2020,01
29-Jan-20,0.429707761,0.354747094,,,,,,,2020,01
31-Jan-20,0.448921711,0.345134778,,,,,,,2020,01
01-Feb-20,0.383232183,0.58743196,0.053162782,-0.20074024,0.164222964,7.808732572,6.705321515,18.09468387,2020,02
02-Feb-20,0.413495523,0.334327795,,,,,,,2020,02
04-Feb-20,0.442846258,0.532190526,,,,,,,2020,02
05-Feb-20,0.468948385,0.483461958,,,,,,,2020,02
06-Feb-20,0.420904319,0.399330152,0.048795765,-0.214290966,0.157053397,7.311946944,7.07524905,,2020,02
08-Feb-20,0.459280766,,,,,,,,2020,02
09-Feb-20,0.446957037,,,,,,,,2020,02
10-Feb-20,0.40376902,0.377001421,,,,,,,2020,02
11-Feb-20,0.441964445,0.395631993,0.071013658,-0.219451253,0.173006144,7.414512036,7.037782365,,2020,02
12-Feb-20,0.417811595,0.286022518,,,,,,,2020,02
13-Feb-20,0.409074766,0.303017545,,,,,,,2020,02
14-Feb-20,0.395569446,0.316889215,,,,,,,2020,02
15-Feb-20,0.429636557,0.334597063,,,,,,,2020,02
16-Feb-20,0.398594813,0.328331803,0.062877729,-0.248978237,0.162614685,7.33834774,6.776014685,,2020,02
17-Feb-20,0.404888327,0.296862977,,,,,,,2020,02
18-Feb-20,0.387511257,0.309710857,,,,,,,2020,02
19-Feb-20,0.405641869,0.326878143,,,,,,18.58412103,2020,02
20-Feb-20,0.388387386,0.283269421,,,,,,,2020,02
21-Feb-20,0.464025127,0.389813022,-0.018934369,-0.378120425,-0.008880221,7.779108265,-0.536717703,,2020,02
23-Feb-20,0.466500281,0.366753528,,,,,,,2020,02
24-Feb-20,0.483562622,0.405297866,,,,,,,2020,02
25-Feb-20,0.44413057,0.371665895,,,,,,,2020,02
27-Feb-20,0.459379367,0.356011651,,,,,,,2020,02
28-Feb-20,0.412424947,0.336550699,,,,,,,2020,02
29-Feb-20,0.43176845,0.333992053,,,,,,,2020,02
02-Mar-20,0.530575264,,0.067286962,-0.237341831,0.115011266,7.853584247,7.486303903,17.76649657,2020,03
03-Mar-20,0.464495423,0.382608432,,,,,,,2020,03
04-Mar-20,0.412167672,0.359623427,,,,,,,2020,03
06-Mar-20,0.478507759,0.597201994,,,,,,,2020,03
07-Mar-20,0.455766297,0.415755361,0.107363072,-0.191273716,0.162634554,7.538523764,7.374948184,21.32087106,2020,03
08-Mar-20,0.424774002,0.412001133,,,,,,,2020,03
09-Mar-20,0.495721919,0.402515272,,,,,,,2020,03
10-Mar-20,0.61850688,,,,,,,,2020,03
11-Mar-20,0.416381201,,,,,,,,2020,03
12-Mar-20,0.424376404,0.326325547,0.074359999,-0.267209264,0.062269879,8.528082022,5.89340988,25.581395,2020,03
13-Mar-20,0.637985267,0.595318087,,,,,,23.56336766,2020,03
14-Mar-20,0.577495328,0.521002401,,,,,,,2020,03
15-Mar-20,0.424664851,0.325421699,,,,,,,2020,03
16-Mar-20,0.472805137,0.397825526,,,,,,,2020,03
17-Mar-20,0.465825219,0.389468355,0.106368268,-0.385233876,0.013510784,8.030334302,4.621947082,,2020,03
18-Mar-20,0.442721616,0.375215441,,,,,,,2020,03
19-Mar-20,0.505089654,0.447833161,,,,,,,2020,03
21-Mar-20,0.504110049,0.419956175,,,,,,,2020,03
22-Mar-20,0.43104781,0.367920251,0.125800195,-0.26200364,0.063987274,7.975548069,6.042426978,24.07991874,2020,03
23-Mar-20,0.461435549,0.404726478,,,,,,,2020,03
25-Mar-20,0.50292052,0.423021806,,,,,,,2020,03
26-Mar-20,0.445247606,0.366541871,,,,,,,2020,03
27-Mar-20,0.544500921,0.48262404,,,,,,,2020,03
29-Mar-20,0.605955962,0.537301056,,,,,,5.028985161,2020,03
30-Mar-20,0.636719473,0.600217225,,,,,,,2020,03
31-Mar-20,0.447827232,0.380468723,,,,,,,2020,03
02-Apr-20,0.558666036,0.338552111,,,,,,,2020,04
03-Apr-20,0.452367838,0.338998325,,,,,,,2020,04
04-Apr-20,0.464787261,0.400659058,,,,,,,2020,04
05-Apr-20,0.498748299,0.402579491,,,,,,,2020,04
06-Apr-20,0.526432467,0.570896432,0.105542,-0.113513515,0.14287827,6.795498312,7.634259981,,2020,04
07-Apr-20,0.468846716,0.586418681,,,,,,,2020,04
08-Apr-20,0.463405629,0.425113729,,,,,,-123.1485201,2020,04
09-Apr-20,0.492845073,0.53536645,,,,,,,2020,04
10-Apr-20,0.503215813,0.365237958,,,,,,,2020,04
11-Apr-20,0.471419305,0.399474619,0.085457672,-0.134111731,0.168273129,6.186461004,7.322757258,,2020,04
12-Apr-20,0.495702342,0.330842573,,,,,,,2020,04
13-Apr-20,0.530291798,0.463166812,,,,,,,2020,04
14-Apr-20,0.474332692,0.427919003,,,,,,26.9675149,2020,04
17-Apr-20,0.458608023,0.46768784,,,,,,,2020,04
18-Apr-20,0.483264812,0.425636908,,,,,,,2020,04
19-Apr-20,0.625651485,0.588494788,,,,,,,2020,04
21-Apr-20,0.639479202,0.597754252,0.085243304,-0.115645194,0.10858628,7.554729515,7.559310005,,2020,04
22-Apr-20,0.465536212,0.401778806,,,,,,,2020,04
23-Apr-20,0.477657564,0.419773408,,,,,,31.09303802,2020,04
25-Apr-20,0.527389542,0.446066877,,,,,,,2020,04
26-Apr-20,0.485004339,0.435561141,0.139622112,-0.119403865,0.138045929,6.045176516,7.483977012,,2020,04
27-Apr-20,0.46786306,0.403279098,,,,,,,2020,04
29-Apr-20,0.652349623,0.682758803,,,,,,,2020,04
30-Apr-20,0.466199162,0.382258357,,,,,,34.56737825,2020,04
01-May-20,0.633347308,0.527672449,0.141865803,-0.126808463,0.131182331,5.767500873,7.494505991,,2020,05
02-May-20,0.525350375,0.300560667,,,,,,,2020,05
03-May-20,0.572215419,,,,,,,,2020,05
04-May-20,0.484753338,0.435387567,,,,,,,2020,05
05-May-20,0.460256142,0.40719747,,,,,,,2020,05
06-May-20,0.480540634,0.5874374,0.140905684,-0.10911949,0.133474922,5.655277858,7.625265262,,2020,05
07-May-20,0.492055316,0.493028138,,,,,,,2020,05
08-May-20,0.466873263,0.602064899,,,,,,,2020,05
09-May-20,0.492178377,0.401400767,,,,,,-21.11291233,2020,05
10-May-20,0.508295689,0.32810737,,,,,,,2020,05
11-May-20,0.486233648,0.346414335,0.153826359,-0.120668287,0.130561674,5.860354501,7.649443732,,2020,05
12-May-20,0.65958739,0.337975619,,,,,,,2020,05
14-May-20,0.509384048,0.438657031,,,,,,,2020,05
15-May-20,0.468815563,0.417338336,,,,,,,2020,05
16-May-20,0.563086561,0.547288539,0.179569983,-0.108031058,0.138459672,5.255086436,7.626294278,-8.07992361,2020,05
18-May-20,0.510304161,0.432912344,,,,,,,2020,05
19-May-20,0.488858408,0.41092379,,,,,,,2020,05
20-May-20,0.537808464,0.501149179,,,,,,,2020,05
22-May-20,0.549775478,0.477033073,,,,,,,2020,05
23-May-20,0.467245988,0.400764011,,,,,,,2020,05
24-May-20,0.520002069,0.480508345,,,,,,,2020,05
26-May-20,0.605912754,0.612600956,0.177931658,-0.108628003,0.132334108,3.632718606,7.718841666,,2020,05
27-May-20,0.484110537,0.411353188,,,,,,,2020,05
28-May-20,0.505751725,0.46331227,,,,,,,2020,05
29-May-20,0.505923981,0.46076308,,,,,,,2020,05
30-May-20,0.573677657,0.556204769,,,,,,,2020,05
31-May-20,0.502021747,0.427470541,0.180316511,-0.08622249,0.104911691,3.87903428,7.844120208,,2020,05
01-Jun-20,0.508484846,0.341982257,,,,,,,2020,06
02-Jun-20,0.540710505,0.337640207,,,,,,,2020,06
03-Jun-20,0.628855664,0.424983586,,,,,,4.469606516,2020,06
04-Jun-20,0.624004754,0.487693191,,,,,,,2020,06
05-Jun-20,0.629155966,0.418892758,0.152454087,-0.073724169,0.141292023,4.169060306,7.725710368,,2020,06
06-Jun-20,0.629020605,0.593724099,,,,,,,2020,06
07-Jun-20,0.483022342,,,,,,,,2020,06
08-Jun-20,0.58613641,,,,,,,,2020,06
10-Jun-20,0.496997532,0.379142744,0.154093227,-0.104054797,0.151372509,4.441254512,7.587796193,,2020,06
11-Jun-20,0.478470033,0.356413451,,,,,,,2020,06
12-Jun-20,0.565839428,0.277582874,,,,,,,2020,06
14-Jun-20,0.511357563,0.431014587,,,,,,,2020,06
15-Jun-20,0.498369308,0.506057779,,,,,,,2020,06
16-Jun-20,0.625038846,0.582564707,,,,,,,2020,06
18-Jun-20,0.636822611,0.594571215,,,,,,,2020,06
19-Jun-20,0.52470129,0.491385853,,,,,,,2020,06
20-Jun-20,0.540823395,0.501788483,,,,,,,2020,06
22-Jun-20,0.561074677,0.541731701,,,,,,,2020,06
23-Jun-20,0.631367139,0.59260469,,,,,,,2020,06
24-Jun-20,0.629092995,0.590867455,,,,,,,2020,06
25-Jun-20,0.572584586,0.532911129,,,,,,,2020,06
26-Jun-20,0.569101311,0.524482539,,,,,,34.71357749,2020,06
27-Jun-20,0.638600019,0.603365063,,,,,,,2020,06
28-Jun-20,0.585279948,0.546731073,,,,,,,2020,06
29-Jun-20,0.492846514,0.431228119,,,,,,,2020,06
30-Jun-20,0.505789574,0.47876833,0.165024135,-0.088536325,0.154793347,4.349808693,7.702460267,,2020,06
01-Jul-20,0.559684267,,,,,,,,2020,07
02-Jul-20,0.568349941,,,,,,,,2020,07
03-Jul-20,0.462160245,0.358960092,,,,,,,2020,07
04-Jul-20,0.625214116,0.37565498,,,,,,28.73823862,2020,07
05-Jul-20,0.518789592,0.446867397,,,,,,,2020,07
07-Jul-20,0.51471247,0.453356085,,,,,,,2020,07
08-Jul-20,0.617690018,0.586483524,,,,,,,2020,07
09-Jul-20,0.583336747,0.353533023,,,,,,,2020,07
11-Jul-20,0.618656656,0.370474171,,,,,,,2020,07
12-Jul-20,0.626536875,0.322334691,,,,,,,2020,07
13-Jul-20,0.588777701,0.54728181,,,,,,,2020,07
15-Jul-20,0.630219202,0.584334642,,,,,,,2020,07
16-Jul-20,0.61817116,0.575364706,,,,,,,2020,07
17-Jul-20,0.620747751,0.585827258,,,,,,,2020,07
19-Jul-20,0.505871534,0.496896492,,,,,,,2020,07
20-Jul-20,0.468791939,0.414540809,,,,,,,2020,07
21-Jul-20,0.598578505,0.554786041,,,,,,,2020,07
22-Jul-20,0.611909344,0.581980003,,,,,,,2020,07
23-Jul-20,0.516174765,0.506664518,,,,,,,2020,07
24-Jul-20,0.530599249,0.478192215,,,,,,,2020,07
25-Jul-20,0.464978141,0.429026719,,,,,,,2020,07
26-Jul-20,0.564347599,0.52442382,,,,,,,2020,07
27-Jul-20,0.507558127,0.476459408,,,,,,,2020,07
28-Jul-20,0.597982727,0.54798922,,,,,,13.30710687,2020,07
29-Jul-20,0.500611394,0.459348884,,,,,,,2020,07
30-Jul-20,0.465092059,0.426087909,,,,,,,2020,07
31-Jul-20,0.595332809,0.583017132,,,,,,,2020,07
01-Aug-20,0.595333168,0.332657073,,,,,,,2020,08
03-Aug-20,0.454933071,0.353660207,,,,,,,2020,08
04-Aug-20,0.624210574,0.396758053,,,,,,,2020,08
05-Aug-20,0.629184144,0.378124245,,,,,,,2020,08
07-Aug-20,0.629268033,0.53242512,,,,,,,2020,08
08-Aug-20,0.608995375,0.576944721,,,,,,,2020,08
09-Aug-20,0.626096699,0.335614496,,,,,,,2020,08
11-Aug-20,0.626686909,0.393008257,,,,,,,2020,08
12-Aug-20,0.630830381,0.314721851,,,,,,,2020,08
13-Aug-20,0.626532617,0.593873077,,,,,,,2020,08
15-Aug-20,0.628066239,0.599610973,,,,,,,2020,08
16-Aug-20,0.630226883,0.591909027,,,,,,,2020,08
17-Aug-20,0.627267228,0.587672532,,,,,,,2020,08
18-Aug-20,0.62032591,0.580594738,,,,,,,2020,08
19-Aug-20,0.625732279,0.592228391,,,,,,,2020,08
20-Aug-20,0.627327875,0.582599907,,,,,,,2020,08
21-Aug-20,0.610523835,0.569529481,,,,,,,2020,08
22-Aug-20,0.624915409,0.583315241,,,,,,,2020,08
23-Aug-20,0.625142912,0.593184065,,,,,,,2020,08
24-Aug-20,0.62967247,0.586942302,,,,,,,2020,08
25-Aug-20,0.615368795,0.575859596,,,,,,,2020,08
26-Aug-20,0.630583729,0.597690309,,,,,,,2020,08
27-Aug-20,0.56448667,0.503690794,,,,,,,2020,08
28-Aug-20,0.624476696,0.590640959,,,,,,,2020,08
30-Aug-20,0.623157184,0.583990598,,,,,,,2020,08
31-Aug-20,0.593857039,0.566544741,,,,,,,2020,08
01-Sep-20,0.588837586,0.29511917,,,,,,18.63256864,2020,09
03-Sep-20,0.460885681,0.423953403,,,,,,,2020,09
04-Sep-20,0.569867735,0.411986106,,,,,,,2020,09
05-Sep-20,0.441327743,0.437522544,,,,,,32.20195374,2020,09
07-Sep-20,0.422594186,0.550904224,,,,,,,2020,09
08-Sep-20,0.402258881,0.58543683,,,,,,,2020,09
09-Sep-20,0.486917501,0.433387309,,,,,,,2020,09
11-Sep-20,0.494387729,0.335364147,,,,,,,2020,09
12-Sep-20,0.40989985,0.335816086,,,,,,,2020,09
13-Sep-20,0.450504372,0.388523136,,,,,,,2020,09
14-Sep-20,0.55664843,0.510402841,,,,,,24.37795583,2020,09
15-Sep-20,0.438846745,0.389628406,,,,,,,2020,09
16-Sep-20,0.440738982,0.358756367,,,,,,,2020,09
17-Sep-20,0.456504254,0.387166131,,,,,,,2020,09
18-Sep-20,0.545012935,0.479313089,,,,,,,2020,09
19-Sep-20,0.460088924,0.404356915,,,,,,,2020,09
20-Sep-20,0.446655518,0.353307744,,,,,,,2020,09
21-Sep-20,0.480100394,0.405748263,,,,,,29.41437799,2020,09
22-Sep-20,0.519447436,0.451378191,,,,,,,2020,09
23-Sep-20,0.570533679,0.515900605,,,,,,,2020,09
24-Sep-20,0.629119243,0.597154081,,,,,,,2020,09
26-Sep-20,0.627710915,0.588717527,,,,,,,2020,09
27-Sep-20,0.539373252,0.485101459,,,,,,,2020,09
28-Sep-20,0.539148885,0.485440536,0.169965053,-0.119143359,0.158599924,6.2468758,7.690926947,,2020,09
30-Sep-20,0.578832826,0.513317631,,,,,,34.48528681,2020,09
01-Oct-20,0.414922984,0.338084853,,,,,,,2020,10
02-Oct-20,0.437546436,0.324841927,,,,,,19.06380581,2020,10
04-Oct-20,0.449674605,0.455611984,,,,,,,2020,10
05-Oct-20,0.477968799,0.448454806,,,,,,,2020,10
06-Oct-20,0.443678061,0.426222733,,,,,,35.92348516,2020,10
08-Oct-20,0.440939043,,,,,,,,2020,10
09-Oct-20,0.418037035,,,,,,,,2020,10
10-Oct-20,0.473415874,0.404610609,,,,,,,2020,10
11-Oct-20,0.62507824,0.394848326,,,,,,,2020,10
12-Oct-20,0.479718362,,,,,,,23.49991552,2020,10
13-Oct-20,0.446946535,0.352046389,,,,,,,2020,10
14-Oct-20,0.455278556,0.382857008,,,,,,,2020,10
15-Oct-20,0.467059871,0.379451739,,,,,,,2020,10
16-Oct-20,0.443305535,0.388726842,,,,,,31.49176219,2020,10
17-Oct-20,0.43885585,0.348742938,,,,,,,2020,10
18-Oct-20,0.458448642,0.388105998,0.209856588,-0.160622749,0.209873581,6.066717174,7.614617287,,2020,10
19-Oct-20,0.474106305,0.396968202,,,,,,,2020,10
20-Oct-20,0.488937913,0.420942057,,,,,,,2020,10
21-Oct-20,0.49488292,0.42801748,,,,,,,2020,10
23-Oct-20,0.49382478,0.397811874,0.195111925,-0.221052055,0.265689039,4.766273999,7.078563375,28.2780845,2020,10
24-Oct-20,0.420283849,0.350908061,,,,,,,2020,10
25-Oct-20,0.4229673,0.360445743,,,,,,,2020,10
27-Oct-20,0.452804205,0.361799287,,,,,,,2020,10
28-Oct-20,0.423389704,0.337849496,0.177143651,-0.189786958,0.198321598,4.326914932,7.388395983,,2020,10
29-Oct-20,0.452862201,0.37990096,,,,,,,2020,10
31-Oct-20,0.482310605,0.378780331,,,,,,,2020,10
01-Nov-20,0.474637062,,,,,,,,2020,11
02-Nov-20,0.47285228,0.348726539,0.167863035,-0.154869124,0.200880525,3.826721396,7.497741905,,2020,11
04-Nov-20,0.458411735,0.376631942,,,,,,,2020,11
05-Nov-20,0.445531445,0.436838576,,,,,,,2020,11
06-Nov-20,0.428890833,0.431084621,,,,,,,2020,11
07-Nov-20,0.447945638,0.579797782,0.17761532,-0.177910014,0.193921371,3.748097394,7.516779735,,2020,11
08-Nov-20,0.464611177,0.579329357,,,,,,,2020,11
09-Nov-20,0.440356623,0.453451293,,,,,,,2020,11
10-Nov-20,0.479603794,0.590811345,,,,,,,2020,11
11-Nov-20,0.472492292,0.376696644,,,,,,,2020,11
12-Nov-20,0.500411226,0.33552798,0.139516445,-0.158920292,0.214215279,3.156094718,7.315479501,,2020,11
13-Nov-20,0.472121759,0.360592555,,,,,,,2020,11
14-Nov-20,0.440234052,0.35126739,,,,,,,2020,11
15-Nov-20,0.466720322,0.370197837,,,,,,,2020,11
16-Nov-20,0.437454554,0.355358276,,,,,,,2020,11
17-Nov-20,0.435253958,0.366325083,0.093130658,-0.118481127,0.134642056,15.79557833,7.254027481,25.59136319,2020,11
19-Nov-20,0.46172593,0.366677302,,,,,,,2020,11
20-Nov-20,0.452962898,0.368525787,,,,,,,2020,11
21-Nov-20,0.485938327,0.407116333,,,,,,,2020,11
23-Nov-20,0.483685057,0.375010955,,,,,,,2020,11
24-Nov-20,0.432148206,0.324550866,,,,,,30.8201287,2020,11
25-Nov-20,0.430566989,0.335184127,,,,,,,2020,11
26-Nov-20,0.421406714,0.326365886,,,,,,,2020,11
28-Nov-20,0.400419049,0.302701324,,,,,,,2020,11
29-Nov-20,0.424043321,0.330762331,,,,,,,2020,11
01-Dec-20,0.447723819,0.345562665,,,,,,,2020,12
02-Dec-20,0.387005635,0.34705121,0.130102306,-0.169700297,0.241522929,4.202986588,7.115409466,,2020,12
03-Dec-20,0.426351017,0.351592886,,,,,,,2020,12
04-Dec-20,0.429290553,0.424398802,,,,,,,2020,12
05-Dec-20,0.435162851,0.698225072,,,,,,,2020,12
06-Dec-20,0.380920804,0.545182577,,,,,,,2020,12
07-Dec-20,0.421079953,0.601337802,0.153305877,-0.20847527,0.181849038,4.893195422,7.21497407,27.04011454,2020,12
08-Dec-20,0.416134275,0.591287741,,,,,,,2020,12
09-Dec-20,0.385537657,0.330458894,,,,,,,2020,12
11-Dec-20,0.429708967,0.422363201,,,,,,,2020,12
12-Dec-20,0.435324713,0.345559289,,,,,,,2020,12
13-Dec-20,0.575994779,0.592389379,,,,,,,2020,12
14-Dec-20,0.572248903,0.596436157,,,,,,,2020,12
15-Dec-20,0.584508229,0.631695422,,,,,,,2020,12
16-Dec-20,0.581553847,0.62246101,,,,,,,2020,12
17-Dec-20,0.589754011,0.637701619,0.153444908,-0.2205908,0.177898623,5.136376631,7.175374493,,2020,12
18-Dec-20,0.44458184,0.364454561,,,,,,,2020,12
19-Dec-20,0.414532941,0.327660056,,,,,,23.44098217,2020,12
21-Dec-20,0.390335421,0.29466524,,,,,,,2020,12
22-Dec-20,0.412736347,0.310614069,0.15699462,-0.156224802,0.201886872,5.320972601,7.228999512,,2020,12
23-Dec-20,0.401547052,0.300863279,,,,,,,2020,12
25-Dec-20,0.383071847,0.280530901,,,,,,,2020,12
26-Dec-20,0.425921623,0.335363038,,,,,,0.415177609,2020,12
28-Dec-20,0.456484912,0.387489769,,,,,,,2020,12
29-Dec-20,0.388139925,0.291315293,,,,,,,2020,12
30-Dec-20,0.451475671,0.371148835,,,,,,,2020,12
31-Dec-20,0.438525557,0.34645646,,,,,,,2020,12
02-Jan-21,0.544043517,0.266096099,,,,,,,2021,01
03-Jan-21,0.443882092,,,,,,,,2021,01
04-Jan-21,0.564910769,0.54598526,,,,,,27.17789939,2021,01
05-Jan-21,0.544485286,0.447542855,,,,,,,2021,01
07-Jan-21,0.431143116,,,,,,,,2021,01
08-Jan-21,0.533000049,,,,,,,,2021,01
09-Jan-21,0.425024898,0.613601825,,,,,,,2021,01
10-Jan-21,0.586690547,0.539308665,,,,,,,2021,01
11-Jan-21,0.589619003,0.351797547,,,,,,,2021,01
12-Jan-21,0.575109053,0.556647556,,,,,,,2021,01
13-Jan-21,0.396822112,0.301887722,,,,,,,2021,01
14-Jan-21,0.406119054,0.304198845,,,,,,,2021,01
15-Jan-21,0.390170259,0.290284004,,,,,,,2021,01
17-Jan-21,0.411254515,0.321049725,,,,,,,2021,01
18-Jan-21,0.472147257,0.403379409,,,,,,,2021,01
19-Jan-21,0.425326891,0.343556034,,,,,,,2021,01
21-Jan-21,0.417296047,0.32733082,0.125489143,-0.160028156,0.232902274,5.277998311,7.381028351,,2021,01
22-Jan-21,0.399023969,0.29722982,,,,,,,2021,01
24-Jan-21,0.43726282,0.351132895,,,,,,,2021,01
25-Jan-21,0.370735301,0.268853559,,,,,,,2021,01
26-Jan-21,0.44902276,0.363426722,0.142388435,-0.224230868,0.163178268,5.999717315,7.193209752,,2021,01
27-Jan-21,0.421017198,0.325826323,,,,,,16.0378197,2021,01
28-Jan-21,0.439962262,0.347353555,,,,,,,2021,01
29-Jan-21,0.406777172,0.31758695,,,,,,,2021,01
30-Jan-21,0.408697192,0.308561908,,,,,,,2021,01
31-Jan-21,0.423121876,0.331014688,0.148765441,-0.148592961,0.141079766,6.634359521,4.501735775,,2021,01
01-Feb-21,0.369512858,0.631378055,,,,,,,2021,02
03-Feb-21,0.412616439,0.42645544,,,,,,,2021,02
04-Feb-21,0.414825297,0.375000884,,,,,,,2021,02
05-Feb-21,0.391917782,0.524729825,0.157050951,-0.238087394,0.063417966,6.585411145,5.979911861,,2021,02
06-Feb-21,0.473428229,0.513768844,,,,,,,2021,02
07-Feb-21,0.389853759,0.612580923,,,,,,,2021,02
08-Feb-21,0.547506442,,,,,,,,2021,02
09-Feb-21,0.400495496,0.592043495,,,,,,,2021,02
10-Feb-21,0.427887466,0.471285607,0.10292874,-0.108331191,0.201337309,7.103399645,7.44194643,,2021,02
11-Feb-21,0.413223758,0.353290002,,,,,,,2021,02
13-Feb-21,0.385745918,0.317469773,,,,,,,2021,02
14-Feb-21,0.439157958,0.345071944,,,,,,,2021,02
15-Feb-21,0.431069702,0.337223673,0.162093367,-0.237744872,0.098796939,6.274474561,7.016927105,,2021,02
17-Feb-21,0.427052642,0.337532715,,,,,,,2021,02
18-Feb-21,0.469247945,0.398908672,,,,,,,2021,02
20-Feb-21,0.453010481,0.370909204,0.166639524,-0.128986008,0.185249454,5.796238947,7.683749997,,2021,02
21-Feb-21,0.408693479,0.316429257,,,,,,20.49726231,2021,02
22-Feb-21,0.432814785,0.335905077,,,,,,,2021,02
23-Feb-21,0.441267327,0.350676472,,,,,,,2021,02
24-Feb-21,0.442828345,0.349641081,,,,,,,2021,02
25-Feb-21,0.39305471,0.292727814,0.158294015,-0.160309531,0.145000963,6.25745979,7.50928561,,2021,02
26-Feb-21,0.436581954,0.342112393,,,,,,,2021,02
27-Feb-21,0.426692458,0.32793807,,,,,,,2021,02
28-Feb-21,0.451118172,0.354507267,,,,,,22.19487621,2021,02
02-Mar-21,0.509398478,0.309550874,0.171218262,-0.190127691,0.16206631,5.865324283,7.308592711,,2021,03
03-Mar-21,0.509554778,0.432918062,,,,,,,2021,03
04-Mar-21,0.406778289,0.456304412,,,,,,,2021,03
06-Mar-21,0.513619491,0.425168944,,,,,,,2021,03
07-Mar-21,0.514196504,0.508102497,0.179324164,-0.185733733,0.096785873,6.284958878,7.637912891,,2021,03
08-Mar-21,0.49422069,0.619835745,,,,,,,2021,03
09-Mar-21,0.466203924,0.620826243,,,,,,,2021,03
10-Mar-21,0.464493343,,,,,,,33.87391381,2021,03
12-Mar-21,0.533799645,0.625210627,,,,,,,2021,03
13-Mar-21,0.582976294,0.603808335,,,,,,,2021,03
14-Mar-21,0.584675782,0.619737589,,,,,,,2021,03
16-Mar-21,0.488854819,0.450017486,,,,,,26.36385354,2021,03
17-Mar-21,0.48243096,0.411244857,0.20680668,-0.184199271,0.104735375,5.811312455,7.525668278,,2021,03
19-Mar-21,0.510183766,0.462333609,,,,,,,2021,03
20-Mar-21,0.473998414,0.401316327,,,,,,,2021,03
21-Mar-21,0.475663596,0.390776692,,,,,,,2021,03
22-Mar-21,0.490486974,0.423007176,,,,,,,2021,03
23-Mar-21,0.484739845,0.413547539,,,,,,,2021,03
24-Mar-21,0.442659989,0.352204411,,,,,,,2021,03
25-Mar-21,0.465374772,0.378201454,,,,,,27.67401632,2021,03
26-Mar-21,0.476391339,0.395466651,,,,,,,2021,03
27-Mar-21,0.506353835,0.428680392,0.063611826,-0.04637412,0.134914687,18.05569716,7.463311332,,2021,03
29-Mar-21,0.490138234,0.406719694,,,,,,,2021,03
30-Mar-21,0.490818455,0.41236482,,,,,,,2021,03
31-Mar-21,0.490340555,0.365190788,,,,,,,2021,03
01-Apr-21,0.567976118,0.61496906,0.173373516,-0.10018647,0.160677706,4.967096395,7.760533406,18.99560931,2021,04
02-Apr-21,0.463569438,0.31715898,,,,,,,2021,04
03-Apr-21,0.51676035,0.306067243,,,,,,,2021,04
04-Apr-21,0.476332016,0.397742709,,,,,,,2021,04
05-Apr-21,0.524623438,,,,,,,,2021,04
06-Apr-21,0.487968752,,0.171629439,-0.0994076,0.128137842,4.709016983,7.832345832,3.961582592,2021,04
08-Apr-21,0.489852008,0.340219878,,,,,,,2021,04
09-Apr-21,0.528564296,0.625137472,,,,,,,2021,04
10-Apr-21,0.509631959,0.401986213,,,,,,,2021,04
12-Apr-21,0.499571451,0.427200928,,,,,,,2021,04
13-Apr-21,0.486430915,0.406723715,,,,,,,2021,04
15-Apr-21,0.589809128,0.619385224,,,,,,,2021,04
16-Apr-21,0.471920199,0.393403558,0.098280387,-0.062543415,0.176600771,3.63314814,7.64059751,,2021,04
17-Apr-21,0.496621167,0.417286865,,,,,,29.09159346,2021,04
18-Apr-21,0.553879157,0.550552275,,,,,,,2021,04
19-Apr-21,0.549743245,0.499570764,,,,,,,2021,04
20-Apr-21,0.474132686,0.392238478,,,,,,,2021,04
21-Apr-21,0.502885672,0.426889579,,,,,,,2021,04
22-Apr-21,0.510043846,0.443157348,,,,,,,2021,04
23-Apr-21,0.562825975,0.540585299,,,,,,,2021,04
25-Apr-21,0.508804925,0.42985277,,,,,,,2021,04
26-Apr-21,0.513993818,0.451060074,0.133820486,-0.063357068,0.138780367,3.716656003,7.696471798,31.05218183,2021,04
27-Apr-21,0.512760335,0.428955969,,,,,,,2021,04
28-Apr-21,0.686302792,0.821181905,,,,,,,2021,04
29-Apr-21,0.494159117,0.41802622,,,,,,,2021,04
30-Apr-21,0.496941426,0.420763151,,,,,,,2021,04
01-May-21,0.511365358,0.532002945,,,,,,,2021,05
02-May-21,0.560022285,0.361936124,,,,,,21.58890445,2021,05
03-May-21,0.512592305,,,,,,,,2021,05
05-May-21,0.488346219,0.607418386,,,,,,,2021,05
06-May-21,0.555712584,0.627189977,0.175235822,-0.086018581,0.13223153,2.929266534,7.762375575,,2021,05
07-May-21,0.486622029,0.552465574,,,,,,,2021,05
09-May-21,0.482143186,0.494509729,,,,,,,2021,05
10-May-21,0.535571952,0.34001846,,,,,,,2021,05
12-May-21,0.639393523,0.36615669,,,,,,,2021,05
13-May-21,0.472462422,0.381448442,,,,,,,2021,05
14-May-21,0.522197546,0.439837883,,,,,,,2021,05
15-May-21,0.523767082,0.451417452,,,,,,,2021,05
16-May-21,0.569575697,0.529642076,0.184861319,-0.079890269,0.122262153,3.622598831,7.863203841,,2021,05
17-May-21,0.465401022,0.368341914,,,,,,,2021,05
18-May-21,0.561587137,0.521107685,,,,,,,2021,05
19-May-21,0.499553358,0.413697715,,,,,,33.04913047,2021,05
20-May-21,0.533785959,0.584735106,,,,,,,2021,05
22-May-21,0.510419878,0.427045807,,,,,,,2021,05
23-May-21,0.580864282,0.606214493,,,,,,,2021,05
24-May-21,0.559713363,0.538448632,,,,,,,2021,05
25-May-21,0.598306989,0.601652839,,,,,,,2021,05
26-May-21,0.535417018,0.488875031,0.171507449,-0.067507989,0.117236792,3.656875804,7.872790267,,2021,05
27-May-21,0.509902211,0.433999786,,,,,,,2021,05
28-May-21,0.524015171,0.45008895,,,,,,33.17650413,2021,05
29-May-21,0.594473012,0.575110394,,,,,,,2021,05
30-May-21,0.525173608,0.462731909,,,,,,,2021,05
01-Jun-21,0.510757968,,,,,,,,2021,06
02-Jun-21,0.563845788,0.412886501,,,,,,,2021,06
03-Jun-21,0.50360346,0.435487274,,,,,,,2021,06
05-Jun-21,0.492589293,0.495487697,,,,,,,2021,06
06-Jun-21,0.568485748,0.559034,,,,,,,2021,06
08-Jun-21,0.584076984,0.615759908,,,,,,,2021,06
09-Jun-21,0.577354681,,,,,,,,2021,06
10-Jun-21,0.514625982,0.29326774,,,,,,,2021,06
11-Jun-21,0.517530531,0.337985814,,,,,,,2021,06
12-Jun-21,0.562476296,,,,,,,24.66596294,2021,06
13-Jun-21,0.49414004,0.4227354,,,,,,35.51746708,2021,06
14-Jun-21,0.521755238,0.461716185,,,,,,,2021,06
15-Jun-21,0.540317026,0.50102707,,,,,,,2021,06
16-Jun-21,0.480640634,0.401547419,,,,,,,2021,06
18-Jun-21,0.560159054,0.535724225,,,,,,,2021,06
19-Jun-21,0.568518017,0.573224478,,,,,,,2021,06
20-Jun-21,0.560739864,0.538940733,,,,,,,2021,06
21-Jun-21,0.56014841,0.53945943,,,,,,,2021,06
22-Jun-21,0.582893189,0.610901704,,,,,,,2021,06
23-Jun-21,0.573774625,0.587897507,,,,,,,2021,06
24-Jun-21,0.578106585,0.594065399,,,,,,,2021,06
25-Jun-21,0.573698581,0.579359329,,,,,,,2021,06
26-Jun-21,0.57588552,0.59017144,,,,,,,2021,06
28-Jun-21,0.495260797,0.425870465,,,,,,,2021,06
29-Jun-21,0.521408972,0.456171019,,,,,,32.85208058,2021,06
30-Jun-21,0.471350399,0.390873299,,,,,,,2021,06
02-Jul-21,0.585822316,0.292692574,,,,,,,2021,07
03-Jul-21,0.541520396,0.437854523,,,,,,,2021,07
05-Jul-21,0.569728503,0.399676155,0.154413743,-0.048199071,0.128736737,3.534431254,7.847746094,,2021,07
06-Jul-21,0.528658847,,,,,,,,2021,07
07-Jul-21,0.512130117,0.438612321,,,,,,,2021,07
08-Jul-21,0.505807855,0.620792862,,,,,,,2021,07
09-Jul-21,0.588345662,0.48053319,,,,,,,2021,07
10-Jul-21,0.494748665,0.393355811,,,,,,,2021,07
11-Jul-21,0.591533064,0.348968334,,,,,,,2021,07
12-Jul-21,0.57215394,0.320832254,,,,,,,2021,07
13-Jul-21,0.531026684,0.513576075,,,,,,,2021,07
15-Jul-21,0.492975133,0.422282176,,,,,,34.06752732,2021,07
16-Jul-21,0.503534909,0.450646774,,,,,,,2021,07
17-Jul-21,0.576313782,0.481754412,,,,,,,2021,07
18-Jul-21,0.572655534,0.557986047,,,,,,,2021,07
19-Jul-21,0.527094916,0.48811473,,,,,,,2021,07
20-Jul-21,0.51515203,0.461231039,,,,,,,2021,07
21-Jul-21,0.591424642,0.626521658,,,,,,,2021,07
22-Jul-21,0.592650056,0.627845315,,,,,,,2021,07
23-Jul-21,0.581908775,0.610297522,,,,,,,2021,07
25-Jul-21,0.58256054,0.63274702,,,,,,,2021,07
26-Jul-21,0.597360119,0.916730861,,,,,,,2021,07
27-Jul-21,0.575425098,0.595759413,,,,,,,2021,07
29-Jul-21,0.583943292,0.625695093,,,,,,,2021,07
30-Jul-21,0.591967566,0.630358326,,,,,,,2021,07
01-Aug-21,0.592488572,0.51559305,,,,,,,2021,08
02-Aug-21,0.582425973,0.552771888,,,,,,,2021,08
03-Aug-21,0.587700945,0.416262236,,,,,,,2021,08
04-Aug-21,0.589547514,0.37400478,,,,,,,2021,08
05-Aug-21,0.586657702,,,,,,,,2021,08
06-Aug-21,0.584742573,0.583756002,,,,,,,2021,08
07-Aug-21,0.58447459,0.435598059,,,,,,,2021,08
08-Aug-21,0.58342146,0.616346085,,,,,,,2021,08
09-Aug-21,0.579547989,0.614481466,,,,,,,2021,08
11-Aug-21,0.589185579,0.335866767,,,,,,,2021,08
12-Aug-21,0.592731814,0.404347998,,,,,,,2021,08
13-Aug-21,0.555118163,0.545475255,,,,,,,2021,08
14-Aug-21,0.620594564,0.672896858,,,,,,,2021,08
16-Aug-21,0.461949165,0.526459657,,,,,,30.8558683,2021,08
17-Aug-21,0.544770791,0.405633282,,,,,,,2021,08
18-Aug-21,0.562481896,0.562168952,,,,,,,2021,08
19-Aug-21,0.542639824,0.527960676,,,,,,,2021,08
21-Aug-21,0.586228682,0.621336923,,,,,,,2021,08
22-Aug-21,0.593696692,0.622832825,,,,,,,2021,08
23-Aug-21,0.587222054,0.622172376,,,,,,,2021,08
25-Aug-21,0.597866138,0.644165339,,,,,,,2021,08
26-Aug-21,0.579441122,0.595609453,,,,,,,2021,08
28-Aug-21,0.59612181,0.639088757,,,,,,,2021,08
29-Aug-21,0.580128833,0.607694805,,,,,,,2021,08
30-Aug-21,0.506801806,0.454026386,,,,,,,2021,08
31-Aug-21,0.583787018,0.602144245,,,,,,,2021,08
01-Sep-21,0.585642374,0.344392323,,,,,,,2021,09
02-Sep-21,0.57582772,0.29913468,,,,,,,2021,09
03-Sep-21,0.589189352,0.376960925,,,,,,22.91474957,2021,09
04-Sep-21,0.592176446,0.464559534,,,,,,,2021,09
05-Sep-21,0.522822995,0.392537626,,,,,,,2021,09
07-Sep-21,0.522012829,0.624502525,,,,,,,2021,09
08-Sep-21,0.584395152,0.603293425,,,,,,,2021,09
09-Sep-21,0.572111296,0.629923539,,,,,,,2021,09
10-Sep-21,0.58575117,0.331800176,,,,,,,2021,09
11-Sep-21,0.587156542,,,,,,,,2021,09
12-Sep-21,0.579512607,0.364578466,,,,,,,2021,09
13-Sep-21,0.516854944,0.482343547,,,,,,,2021,09
14-Sep-21,0.493264337,0.451417331,,,,,,,2021,09
15-Sep-21,0.537261273,0.511665254,,,,,,,2021,09
17-Sep-21,0.575353037,0.591639294,,,,,,,2021,09
18-Sep-21,0.578754309,0.58586382,,,,,,,2021,09
19-Sep-21,0.57675182,0.594771427,,,,,,,2021,09
21-Sep-21,0.585514486,0.618583875,,,,,,,2021,09
24-Sep-21,0.466147492,0.40345833,,,,,,37.08631366,2021,09
25-Sep-21,0.585156211,0.614753335,,,,,,,2021,09
26-Sep-21,0.537102787,0.520074624,,,,,,,2021,09
27-Sep-21,0.508724615,0.459462258,,,,,,,2021,09
28-Sep-21,0.47673481,0.416503347,,,,,,,2021,09
29-Sep-21,0.567702095,0.582572989,,,,,,,2021,09
30-Sep-21,0.46441689,0.391268568,,,,,,,2021,09
01-Oct-21,0.547267743,0.625979006,,,,,,,2021,10
02-Oct-21,0.414738212,0.331269754,,,,,,,2021,10
04-Oct-21,0.463687606,0.443163828,,,,,,26.53076628,2021,10
05-Oct-21,0.427040354,0.476688411,,,,,,,2021,10
06-Oct-21,0.473884882,0.441676147,,,,,,,2021,10
07-Oct-21,0.461335735,0.426187451,,,,,,,2021,10
08-Oct-21,0.405705692,,,,,,,,2021,10
09-Oct-21,0.425512803,0.625059508,,,,,,,2021,10
10-Oct-21,0.41962766,0.328196193,,,,,,26.89850293,2021,10
11-Oct-21,0.440829267,0.352623624,,,,,,,2021,10
14-Oct-21,0.433613273,0.341629341,,,,,,,2021,10
16-Oct-21,0.442871566,0.35087825,,,,,,,2021,10
19-Oct-21,0.420921339,0.331009192,,,,,,25.26581041,2021,10
23-Oct-21,0.413957019,0.323175654,0.165398824,-0.229889696,0.192076666,5.049014344,7.380128407,,2021,10
24-Oct-21,0.453266956,0.377262084,,,,,,,2021,10
25-Oct-21,0.420337771,0.327282222,,,,,,,2021,10
26-Oct-21,0.397678232,0.302799101,,,,,,31.63590118,2021,10
29-Oct-21,0.423632417,0.335313714,,,,,,,2021,10
31-Oct-21,0.431421664,0.33948774,,,,,,,2021,10
01-Nov-21,0.438064993,0.629753412,,,,,,19.46331384,2021,11
02-Nov-21,0.397433511,0.314136154,0.171868364,-0.179543617,0.181416462,3.885535164,7.569778997,,2021,11
03-Nov-21,0.440574441,,,,,,,,2021,11
04-Nov-21,0.405214325,,,,,,,,2021,11
05-Nov-21,0.43260876,,,,,,,,2021,11
06-Nov-21,0.424661769,0.447079934,,,,,,,2021,11
07-Nov-21,0.435942265,0.632469756,0.184030365,-0.199789137,0.213195606,3.685688238,7.311619334,,2021,11
08-Nov-21,0.428373216,0.610282828,,,,,,,2021,11
10-Nov-21,0.41888544,0.355453375,,,,,,,2021,11
11-Nov-21,0.461655977,0.39182662,,,,,,28.75857327,2021,11
12-Nov-21,0.443503777,0.370708211,0.124111006,-0.148492732,0.173598263,4.234549916,7.483717559,,2021,11
14-Nov-21,0.451509193,0.342535935,,,,,,,2021,11
15-Nov-21,0.438586924,0.355520687,,,,,,,2021,11
17-Nov-21,0.469551904,0.407102416,,,,,,,2021,11
18-Nov-21,0.40854059,0.319859138,,,,,,,2021,11
19-Nov-21,0.569928398,0.569607571,,,,,,,2021,11
20-Nov-21,0.457014332,0.383495726,,,,,,22.28783212,2021,11
21-Nov-21,0.479061092,0.419743707,,,,,,,2021,11
22-Nov-21,0.503870024,0.45967201,,,,,,,2021,11
23-Nov-21,0.442323391,0.358827713,,,,,,,2021,11
24-Nov-21,0.433231354,0.347044171,,,,,,,2021,11
25-Nov-21,0.439618649,0.31012727,,,,,,,2021,11
27-Nov-21,0.423396306,0.326293585,0.154328841,-0.158610494,0.183331288,4.113212535,7.448181675,22.05400628,2021,11
28-Nov-21,0.420690128,0.327722757,,,,,,,2021,11
29-Nov-21,0.393295034,0.348774187,,,,,,,2021,11
30-Nov-21,0.470405909,0.396854843,,,,,,,2021,11
01-Dec-21,0.553651229,0.603790605,,,,,,,2021,12
02-Dec-21,0.444051345,,,,,,,17.73837267,2021,12
03-Dec-21,0.581239354,0.416524491,,,,,,,2021,12
04-Dec-21,0.483280386,0.436022959,,,,,,,2021,12
05-Dec-21,0.441672462,0.710394953,,,,,,32.727689,2021,12
07-Dec-21,0.408200672,0.575916555,0.131956834,-0.197681161,0.198629165,4.024590097,7.270947745,,2021,12
08-Dec-21,0.469788931,0.633321395,,,,,,,2021,12
09-Dec-21,0.438046143,0.614334505,,,,,,,2021,12
11-Dec-21,0.416780302,0.364742324,,,,,,,2021,12
12-Dec-21,0.432036792,0.349080743,0.092658683,-0.128540461,0.280653914,2.764776988,7.342995404,,2021,12
14-Dec-21,0.477397238,0.420332893,,,,,,,2021,12
15-Dec-21,0.400130308,0.311519649,,,,,,,2021,12
16-Dec-21,0.524795288,0.494050966,,,,,,,2021,12
17-Dec-21,0.498818438,0.454089902,,,,,,,2021,12
18-Dec-21,0.521412318,0.498034549,,,,,,,2021,12
19-Dec-21,0.423699839,0.346736723,,,,,,,2021,12
20-Dec-21,0.410611381,0.312858404,,,,,,,2021,12
21-Dec-21,0.442187248,0.365824165,,,,,,,2021,12
22-Dec-21,0.374737916,0.274105354,0.173263835,-0.188455348,0.254320368,4.274815586,7.297605395,23.20801522,2021,12
24-Dec-21,0.424004259,0.327670171,,,,,,,2021,12
25-Dec-21,0.417332074,0.322409082,,,,,,,2021,12
26-Dec-21,0.398020376,0.302710152,,,,,,,2021,12
27-Dec-21,0.462698049,0.399090855,0.179299731,-0.201544739,0.228540447,4.073340196,7.349472603,,2021,12
28-Dec-21,0.419003803,0.335047394,,,,,,,2021,12
29-Dec-21,0.428250522,0.343632559,,,,,,20.56141167,2021,12
30-Dec-21,0.471949233,0.418437958,,,,,,,2021,12
31-Dec-21,0.480832962,0.417746296,,,,,,,2021,12
01-Jan-22,0.458500668,0.385532776,,,,,,,2022,01
03-Jan-22,0.420454975,,,,,,,,2022,01
04-Jan-22,0.454839762,0.462261383,,,,,,,2022,01
05-Jan-22,0.411996489,0.491217946,,,,,,,2022,01
07-Jan-22,0.388634854,0.620126739,,,,,,,2022,01
08-Jan-22,0.558948102,,,,,,,,2022,01
10-Jan-22,0.543846535,0.36191502,,,,,,,2022,01
11-Jan-22,0.44834201,0.365091362,,,,,,,2022,01
12-Jan-22,0.559511686,0.292464149,,,,,,,2022,01
13-Jan-22,0.403193923,0.303470361,,,,,,,2022,01
14-Jan-22,0.433634104,0.346799294,,,,,,16.71250279,2022,01
15-Jan-22,0.387812742,0.295890846,,,,,,,2022,01
16-Jan-22,0.455748794,0.388310745,,,,,,,2022,01
17-Jan-22,0.432839211,0.351989687,,,,,,,2022,01
18-Jan-22,0.4344442,0.5701738,,,,,,,2022,01
20-Jan-22,0.40159814,0.299117397,,,,,,,2022,01
21-Jan-22,0.406428279,0.3143124,0.152769622,-0.201824905,0.198441415,4.280151918,7.361447049,,2022,01
22-Jan-22,0.381497609,0.315951408,,,,,,,2022,01
23-Jan-22,0.579272674,0.614134879,,,,,,1.487938087,2022,01
24-Jan-22,0.442208171,0.361983129,,,,,,,2022,01
25-Jan-22,0.489553624,0.440483347,,,,,,,2022,01
26-Jan-22,0.410145885,0.312432754,0.177893361,-0.236797444,0.155645732,5.739582922,6.95585708,,2022,01
27-Jan-22,0.420975992,0.324664362,,,,,,,2022,01
28-Jan-22,0.407312267,0.308632691,,,,,,,2022,01
30-Jan-22,0.391770909,0.287756515,,,,,,17.92771299,2022,01
31-Jan-22,0.412058263,0.307655273,0.049264268,-0.049472059,0.03447162,3.564599979,7.573339118,,2022,01
01-Feb-22,0.40582747,,,,,,,,2022,02
03-Feb-22,0.428883937,0.590473459,,,,,,,2022,02
04-Feb-22,0.422494333,0.358260467,,,,,,,2022,02
06-Feb-22,0.455361574,0.473921888,,,,,,,2022,02
07-Feb-22,0.396565134,0.580953093,,,,,,,2022,02
08-Feb-22,0.436472797,0.364153337,,,,,,,2022,02
09-Feb-22,0.434140749,,,,,,,,2022,02
10-Feb-22,0.450752638,0.342294638,0.052162495,-0.043663335,0.036355855,3.801940756,7.650387537,,2022,02
11-Feb-22,0.410994025,,,,,,,,2022,02
12-Feb-22,0.418222588,0.361330793,,,,,,,2022,02
13-Feb-22,0.422679178,0.329769661,,,,,,,2022,02
14-Feb-22,0.380701667,0.331641005,,,,,,,2022,02
16-Feb-22,0.461707724,0.384774203,,,,,,,2022,02
17-Feb-22,0.432713313,0.34270961,,,,,,,2022,02
18-Feb-22,0.400127822,0.336630745,,,,,,,2022,02
19-Feb-22,0.562124156,0.560640003,,,,,,,2022,02
20-Feb-22,0.515688572,0.489508767,0.041939159,-0.044474526,0.068995498,13.45279488,7.42543672,,2022,02
21-Feb-22,0.569459769,0.585724314,,,,,,,2022,02
22-Feb-22,0.422538032,0.325184873,,,,,,,2022,02
23-Feb-22,0.447514508,0.354849939,,,,,,,2022,02
24-Feb-22,0.436427145,0.341666452,,,,,,21.2025764,2022,02
26-Feb-22,0.427169509,0.332411519,,,,,,,2022,02
27-Feb-22,0.452904722,0.361284516,,,,,,,2022,02
28-Feb-22,0.442240648,0.350680276,,,,,,,2022,02
02-Mar-22,0.453285618,0.334175855,0.05809195,-0.042356847,0.03657995,3.813296893,7.643862124,,2022,03
03-Mar-22,0.433956343,0.332749191,,,,,,17.61799597,2022,03
05-Mar-22,0.477925434,0.368399806,,,,,,,2022,03
06-Mar-22,0.4552975,,,,,,,,2022,03
07-Mar-22,0.438912963,0.510259855,,,,,,,2022,03
08-Mar-22,0.458701843,0.486155083,,,,,,30.41655089,2022,03
09-Mar-22,0.501669465,0.496229955,,,,,,,2022,03
10-Mar-22,0.44949192,,,,,,,,2022,03
11-Mar-22,0.451006511,0.401021854,,,,,,,2022,03
12-Mar-22,0.449636346,0.377008986,0.06563861,-0.031101746,0.038686616,3.958938236,7.703930202,,2022,03
13-Mar-22,0.426561424,0.331146101,,,,,,,2022,03
15-Mar-22,0.460278233,0.366080319,,,,,,,2022,03
16-Mar-22,0.456401117,0.366274368,,,,,,,2022,03
17-Mar-22,0.430619582,0.334263432,0.070704817,-0.033515904,0.044243441,3.252663041,7.719672861,,2022,03
18-Mar-22,0.537859616,0.486507631,,,,,,,2022,03
19-Mar-22,0.43927184,0.346606889,,,,,,6.517766398,2022,03
20-Mar-22,0.475221758,0.389894423,,,,,,,2022,03
21-Mar-22,0.461092406,0.374722508,,,,,,,2022,03
22-Mar-22,0.525194091,0.47210027,0.069742979,-0.028922417,0.047246723,3.061580318,7.767340546,,2022,03
23-Mar-22,0.538772532,0.500605232,,,,,,,2022,03
25-Mar-22,0.460081195,0.449189844,,,,,,,2022,03
26-Mar-22,0.600721613,0.641669274,,,,,,,2022,03
27-Mar-22,0.494731429,0.422830406,0.056603835,-0.032758428,0.060085699,1.880115785,7.649998564,,2022,03
29-Mar-22,0.489332028,0.412471908,,,,,,,2022,03
30-Mar-22,0.470963537,0.380132869,,,,,,,2022,03
01-Apr-22,0.524503721,0.367615293,0.059279899,-0.035812444,0.052461391,1.813147227,7.696435785,,2022,04
02-Apr-22,0.449787023,0.323706859,,,,,,,2022,04
03-Apr-22,0.491673914,,,,,,,,2022,04
04-Apr-22,0.500353846,0.426479227,,,,,,29.47501922,2022,04
05-Apr-22,0.498216572,0.462308569,,,,,,,2022,04
06-Apr-22,0.464660929,0.486978802,0.070718324,-0.02972564,0.051822079,2.465512303,7.73080642,,2022,04
07-Apr-22,0.488185253,0.601810496,,,,,,,2022,04
08-Apr-22,0.484434122,0.581120141,,,,,,,2022,04
09-Apr-22,0.51036494,0.400707925,,,,,,-123.1485201,2022,04
11-Apr-22,0.5080197,0.316373151,,,,,,,2022,04
12-Apr-22,0.510219106,0.39648929,,,,,,,2022,04
13-Apr-22,0.522467392,0.424983124,,,,,,30.05369126,2022,04
14-Apr-22,0.591770426,0.581244938,,,,,,,2022,04
15-Apr-22,0.503828971,0.438561692,,,,,,,2022,04
16-Apr-22,0.531419222,0.482340161,0.063165156,-0.040671737,0.049304953,1.755290205,7.699187077,,2022,04
17-Apr-22,0.510026227,0.441317249,,,,,,,2022,04
18-Apr-22,0.589603715,0.575135059,,,,,,,2022,04
19-Apr-22,0.520893183,0.455285776,,,,,,,2022,04
21-Apr-22,0.505699144,0.436776641,,,,,,,2022,04
22-Apr-22,0.592526534,0.627558048,,,,,,,2022,04
23-Apr-22,0.580405156,0.609970771,,,,,,,2022,04
25-Apr-22,0.473813201,0.468945478,,,,,,,2022,04
26-Apr-22,0.506930472,0.42743805,0.066836811,-0.020410363,0.057678967,2.042815106,7.738275738,,2022,04
28-Apr-22,0.610934452,0.62063534,,,,,,,2022,04
29-Apr-22,0.470889709,0.383467739,,,,,,29.45958374,2022,04
30-Apr-22,0.519537234,0.443108914,,,,,,,2022,04
02-May-22,0.378323901,,,,,,,,2022,05
03-May-22,0.420146374,0.408045499,,,,,,,2022,05
04-May-22,0.527854765,0.420764305,,,,,,,2022,05
05-May-22,0.524130175,0.455897885,,,,,,,2022,05
06-May-22,0.556193325,0.528259125,0.064632708,-0.013788817,0.068365779,5.039549172,7.693613576,,2022,05
08-May-22,0.547495716,0.578910448,,,,,,,2022,05
09-May-22,0.53588795,0.348324207,,,,,,,2022,05
10-May-22,0.554328243,0.564143758,,,,,,,2022,05
11-May-22,0.664314016,0.360626293,0.083394329,-0.012277915,0.064713732,1.310181527,7.837236724,,2022,05
12-May-22,0.534969602,0.312932539,,,,,,,2022,05
13-May-22,0.536961695,0.483066582,,,,,,,2022,05
14-May-22,0.545221072,0.489052848,,,,,,,2022,05
15-May-22,0.606311308,0.610733427,,,,,,33.6518743,2022,05
16-May-22,0.530039182,0.467287936,0.098156194,-0.007093299,0.066999783,2.430460122,7.877789852,,2022,05
18-May-22,0.527259891,0.473674183,,,,,,,2022,05
19-May-22,0.573806454,0.538378005,,,,,,,2022,05
20-May-22,0.533519909,0.48025153,,,,,,,2022,05
22-May-22,0.546191186,0.49442332,,,,,,35.70306349,2022,05
23-May-22,0.560601115,0.51165111,,,,,,,2022,05
25-May-22,0.603091377,0.618856022,,,,,,,2022,05
26-May-22,0.507045338,0.434461435,0.09246993,-0.005505187,0.067937545,1.678835493,7.829691791,,2022,05
27-May-22,0.550924227,0.495948111,,,,,,,2022,05
28-May-22,0.558989897,0.524262974,,,,,,,2022,05
29-May-22,0.587592714,0.559861354,,,,,,,2022,05
30-May-22,0.492182325,0.407019036,,,,,,,2022,05
31-May-22,0.554387999,0.504110924,0.083758422,-0.012216822,0.071073489,1.894179924,7.822549888,34.00498127,2022,05
01-Jun-22,0.549093401,,,,,,,,2022,06
02-Jun-22,0.529405874,0.36826578,,,,,,,2022,06
04-Jun-22,0.548242631,0.381735509,,,,,,,2022,06
05-Jun-22,0.555978831,0.502722916,,,,,,32.86577836,2022,06
06-Jun-22,0.503186742,0.427779882,,,,,,,2022,06
07-Jun-22,0.603538089,0.593382426,,,,,,,2022,06
08-Jun-22,0.528209972,,,,,,,,2022,06
09-Jun-22,0.534235042,,,,,,,,2022,06
10-Jun-22,0.5470308,,,,,,,25.56719703,2022,06
11-Jun-22,0.603204241,0.360268543,,,,,,,2022,06
12-Jun-22,0.536024542,0.378972835,,,,,,,2022,06
14-Jun-22,0.515818351,0.433570296,,,,,,,2022,06
15-Jun-22,0.578709125,0.527324473,,,,,,,2022,06
16-Jun-22,0.510272685,0.424095098,,,,,,37.59621771,2022,06
18-Jun-22,0.510721403,0.466301724,,,,,,,2022,06
19-Jun-22,0.550934791,0.514830997,,,,,,,2022,06
21-Jun-22,0.585712466,0.617529875,,,,,,,2022,06
22-Jun-22,0.530025073,0.484021788,,,,,,,2022,06
23-Jun-22,0.543396212,0.493941844,,,,,,36.16456441,2022,06
24-Jun-22,0.54600869,0.508215234,,,,,,,2022,06
25-Jun-22,0.556625442,0.520482169,,,,,,,2022,06
26-Jun-22,0.474473468,0.388187324,,,,,,,2022,06
27-Jun-22,0.584896684,0.610482755,,,,,,,2022,06
28-Jun-22,0.511637729,0.438696849,,,,,,,2022,06
29-Jun-22,0.563440489,0.561246119,,,,,,,2022,06
01-Jul-22,0.58777487,0.28981452,,,,,,20.5845114,2022,07
02-Jul-22,0.571597646,0.297804903,,,,,,,2022,07
03-Jul-22,0.526923681,0.33680171,,,,,,,2022,07
04-Jul-22,0.581297374,0.408982649,,,,,,,2022,07
06-Jul-22,0.575759145,0.597822185,,,,,,33.75041471,2022,07
07-Jul-22,0.539978475,0.504846584,,,,,,,2022,07
08-Jul-22,0.584361041,0.450621701,,,,,,,2022,07
09-Jul-22,0.573075186,0.35407389,,,,,,,2022,07
11-Jul-22,0.481532862,0.367268623,,,,,,28.47583092,2022,07
12-Jul-22,0.599709114,0.341319384,,,,,,,2022,07
13-Jul-22,0.576663267,0.60515381,,,,,,,2022,07
15-Jul-22,0.561500439,0.562281301,,,,,,,2022,07
16-Jul-22,0.593097042,0.658966288,,,,,,,2022,07
18-Jul-22,0.588176771,0.616673414,,,,,,,2022,07
19-Jul-22,0.571378195,0.580832689,,,,,,,2022,07
20-Jul-22,0.594297022,0.625483331,,,,,,,2022,07
21-Jul-22,0.593115072,0.627563928,,,,,,,2022,07
22-Jul-22,0.588328726,0.622022067,,,,,,,2022,07
23-Jul-22,0.586837009,0.616317971,,,,,,,2022,07
24-Jul-22,0.589790776,0.639189286,,,,,,,2022,07
25-Jul-22,0.586685941,0.61658231,,,,,,,2022,07
26-Jul-22,0.585981165,0.62283986,,,,,,,2022,07
28-Jul-22,0.591188267,0.615191525,,,,,,,2022,07
29-Jul-22,0.583645888,0.606140106,,,,,,,2022,07
30-Jul-22,0.59028127,0.618254365,,,,,,,2022,07
31-Jul-22,0.588301564,0.616105069,,,,,,,2022,07
01-Aug-22,0.56004517,0.564328795,,,,,,,2022,08
02-Aug-22,0.575618406,0.34127512,,,,,,17.73669298,2022,08
03-Aug-22,0.520923367,0.368632027,,,,,,,2022,08
04-Aug-22,0.570722752,0.403107739,,,,,,,2022,08
05-Aug-22,0.567391605,0.493799671,,,,,,,2022,08
07-Aug-22,0.495370421,0.615250943,,,,,,,2022,08
08-Aug-22,0.578563984,0.594704378,,,,,,,2022,08
09-Aug-22,0.571789484,0.398961558,,,,,,,2022,08
11-Aug-22,0.575891203,0.321802954,,,,,,,2022,08
12-Aug-22,0.582401635,0.379085412,,,,,,,2022,08
14-Aug-22,0.560131494,0.556148967,,,,,,,2022,08
15-Aug-22,0.579913424,0.606743854,,,,,,,2022,08
16-Aug-22,0.617582444,0.84411676,,,,,,,2022,08
17-Aug-22,0.587473277,0.617755126,,,,,,,2022,08
18-Aug-22,0.591216121,0.622351773,,,,,,,2022,08
19-Aug-22,0.579112603,0.610597372,,,,,,,2022,08
20-Aug-22,0.578549019,0.587682303,,,,,,,2022,08
21-Aug-22,0.570796472,0.552775331,,,,,,,2022,08
22-Aug-22,0.556804618,0.553290322,,,,,,,2022,08
24-Aug-22,0.581732212,0.581024101,,,,,,,2022,08
25-Aug-22,0.580296364,0.616377055,,,,,,,2022,08
26-Aug-22,0.553678703,0.604176262,,,,,,38.83760259,2022,08
27-Aug-22,0.614328197,0.655205036,,,,,,,2022,08
28-Aug-22,0.532460902,0.492492378,,,,,,,2022,08
29-Aug-22,0.554410062,0.543484803,,,,,,,2022,08
30-Aug-22,0.58754796,0.630664352,,,,,,,2022,08
31-Aug-22,0.596733602,0.634907214,,,,,,,2022,08
01-Sep-22,0.578452718,,,,,,,,2022,09
03-Sep-22,0.482916018,0.445442366,,,,,,,2022,09
04-Sep-22,0.46828759,0.439278258,,,,,,,2022,09
05-Sep-22,0.435899479,0.478539884,,,,,,,2022,09
07-Sep-22,0.594668586,0.597072262,,,,,,,2022,09
08-Sep-22,0.462398433,0.591920819,,,,,,,2022,09
10-Sep-22,0.529011021,0.578989278,,,,,,,2022,09
11-Sep-22,0.479060805,0.362734025,,,,,,,2022,09
12-Sep-22,0.580537099,,,,,,,22.7364916,2022,09
13-Sep-22,0.445170188,0.361839808,,,,,,,2022,09
14-Sep-22,0.581632165,0.603717735,,,,,,,2022,09
15-Sep-22,0.570979804,0.587277875,,,,,,,2022,09
16-Sep-22,0.582262625,0.609907869,,,,,,,2022,09
17-Sep-22,0.57666312,0.59190365,,,,,,,2022,09
18-Sep-22,0.596819857,0.602064538,,,,,,,2022,09
20-Sep-22,0.454580925,0.371390516,,,,,,29.35202266,2022,09
21-Sep-22,0.480341604,0.415407199,,,,,,,2022,09
22-Sep-22,0.442550197,0.360511077,,,,,,,2022,09
23-Sep-22,0.577883805,0.600023012,,,,,,,2022,09
24-Sep-22,0.588838819,0.631788487,,,,,,,2022,09
25-Sep-22,0.581998301,0.616025456,,,,,,,2022,09
26-Sep-22,0.482589919,0.429160203,,,,,,,2022,09
27-Sep-22,0.564978537,0.560412728,,,,,,-123.1485201,2022,09
28-Sep-22,0.573701157,0.591712435,,,,,,,2022,09
30-Sep-22,0.442007551,0.345832903,,,,,,,2022,09
01-Oct-22,0.44896214,0.540476598,,,,,,,2022,10
02-Oct-22,0.4351579,0.368555042,,,,,,,2022,10
04-Oct-22,0.446757082,,,,,,,,2022,10
05-Oct-22,0.564224292,0.44356749,,,,,,,2022,10
07-Oct-22,0.492385339,,,,,,,,2022,10
08-Oct-22,0.561431948,,,,,,,,2022,10
09-Oct-22,0.573011178,0.493350525,,,,,,,2022,10
10-Oct-22,0.567275794,0.569107723,,,,,,,2022,10
11-Oct-22,0.549448008,0.353413989,,,,,,,2022,10
12-Oct-22,0.568511255,0.324821803,,,,,,,2022,10
13-Oct-22,0.460366583,0.393089649,0.044885672,-0.060565727,0.040304806,7.663783559,7.5348265,32.39268132,2022,10
14-Oct-22,0.54851222,0.527330936,,,,,,,2022,10
15-Oct-22,0.430253874,0.285075697,,,,,,,2022,10
17-Oct-22,0.420160861,0.321642716,,,,,,,2022,10
18-Oct-22,0.427896572,0.333889415,0.051860926,-0.06117076,0.031325135,5.335808608,7.560048459,,2022,10
19-Oct-22,0.46032671,0.388173742,,,,,,,2022,10
20-Oct-22,0.438461776,0.353790706,,,,,,,2022,10
21-Oct-22,0.397441083,0.301517019,,,,,,,2022,10
22-Oct-22,0.424493245,0.329262799,,,,,,29.6696423,2022,10
23-Oct-22,0.424409088,0.334949114,0.055468714,-0.057282585,0.029696384,8.737691427,7.480692761,,2022,10
24-Oct-22,0.45090706,0.370323685,,,,,,,2022,10
25-Oct-22,0.437134047,0.346251814,,,,,,,2022,10
27-Oct-22,0.416225263,0.325648476,,,,,,,2022,10
28-Oct-22,0.443689346,0.35277547,0.052939626,-0.05905707,0.037888465,4.111202753,7.565244967,,2022,10
29-Oct-22,0.437519374,0.344478081,,,,,,29.59892596,2022,10
31-Oct-22,0.450513201,0.368924709,,,,,,,2022,10
01-Nov-22,0.446183204,0.384106749,,,,,,,2022,11
03-Nov-22,0.472635845,0.358535504,,,,,,,2022,11
04-Nov-22,0.409555929,0.435137228,,,,,,,2022,11
05-Nov-22,0.448349711,0.760315857,,,,,,,2022,11
06-Nov-22,0.449300769,0.591968985,,,,,,,2022,11
07-Nov-22,0.452623363,0.617341125,0.048787451,-0.054775755,0.03958148,4.099701395,7.551512486,,2022,11
08-Nov-22,0.41403678,0.59986081,,,,,,,2022,11
09-Nov-22,0.447289818,0.427786875,,,,,,26.01199295,2022,11
10-Nov-22,0.440005771,0.534857415,,,,,,,2022,11
11-Nov-22,0.459291586,0.343863777,,,,,,,2022,11
13-Nov-22,0.454967978,0.382870662,,,,,,,2022,11
14-Nov-22,0.443174512,0.361756583,,,,,,26.47213262,2022,11
15-Nov-22,0.442096815,0.317475775,,,,,,,2022,11
16-Nov-22,0.450799615,0.377127163,,,,,,,2022,11
17-Nov-22,0.410214172,0.320632335,0.032948244,-0.064694913,0.046494737,3.656971209,7.328281648,,2022,11
18-Nov-22,0.433097471,0.344429821,,,,,,,2022,11
19-Nov-22,0.414647155,0.317475458,,,,,,,2022,11
20-Nov-22,0.437115256,0.35207148,,,,,,,2022,11
21-Nov-22,0.427652779,0.335802726,,,,,,,2022,11
23-Nov-22,0.40345594,0.309716523,,,,,,28.06144487,2022,11
24-Nov-22,0.439135782,0.348603467,,,,,,,2022,11
25-Nov-22,0.431355946,0.338204497,,,,,,,2022,11
27-Nov-22,0.432179687,0.303831925,0.038840724,-0.055187515,0.030811318,4.288508708,7.506957836,,2022,11
28-Nov-22,0.422002472,0.326358532,,,,,,,2022,11
30-Nov-22,0.458958696,0.380182909,,,,,,24.31750729,2022,11
01-Dec-22,0.391731486,0.558090019,,,,,,,2022,12
02-Dec-22,0.446079346,0.318124929,0.03979744,-0.052901312,0.02828011,4.629287139,7.510669709,,2022,12
03-Dec-22,0.45532669,0.359382892,,,,,,24.64040131,2022,12
04-Dec-22,0.462985997,0.443112268,,,,,,,2022,12
05-Dec-22,0.403235257,0.489410206,,,,,,,2022,12
06-Dec-22,0.452068798,0.471804299,,,,,,,2022,12
07-Dec-22,0.42960316,0.802977533,0.040943444,-0.051414404,0.031321975,4.840342977,7.541624426,,2022,12
08-Dec-22,0.444513276,0.60708901,,,,,,,2022,12
10-Dec-22,0.424297694,0.580060582,,,,,,,2022,12
11-Dec-22,0.423862626,,,,,,,,2022,12
12-Dec-22,0.436138963,0.342168193,,,,,,,2022,12
13-Dec-22,0.574651901,0.592584928,,,,,,,2022,12
14-Dec-22,0.567463746,0.591810779,,,,,,,2022,12
15-Dec-22,0.568779057,0.583463539,,,,,,,2022,12
16-Dec-22,0.431850552,0.351035408,,,,,,21.17112929,2022,12
17-Dec-22,0.432765308,0.349189668,0.049084806,-0.045195213,0.027439329,5.022257966,7.591463027,,2022,12
18-Dec-22,0.413233679,0.318989872,,,,,,,2022,12
20-Dec-22,0.407696014,0.312025773,,,,,,,2022,12
21-Dec-22,0.428398623,0.334855408,,,,,,,2022,12
22-Dec-22,0.41690359,0.319618384,0.044434607,-0.068586722,0.027674644,4.98568708,7.517990093,,2022,12
24-Dec-22,0.396070824,0.297911479,,,,,,,2022,12
25-Dec-22,0.44040624,0.362606753,,,,,,20.72147611,2022,12
27-Dec-22,0.501500458,0.466243484,0.035214302,-0.058121133,0.025677836,4.633803269,7.487847247,,2022,12
28-Dec-22,0.406905997,0.320097928,,,,,,,2022,12
29-Dec-22,0.424615095,0.33074761,,,,,,,2022,12
30-Dec-22,0.454814516,0.382620388,,,,,,,2022,12
31-Dec-22,0.440935824,0.360449073,,,,,,,2022,12
02-Jan-23,0.423513455,,,,,,,,2023,01
03-Jan-23,0.419582577,,,,,,,,2023,01
04-Jan-23,0.389288925,,,,,,,,2023,01
06-Jan-23,0.438423954,,,,,,,,2023,01
07-Jan-23,0.434420607,,,,,,,,2023,01
08-Jan-23,0.400103081,,,,,,,,2023,01
09-Jan-23,0.425574387,,,,,,,,2023,01
10-Jan-23,0.382050257,,,,,,,,2023,01
11-Jan-23,0.409848307,,,,,,,,2023,01
12-Jan-23,0.408624137,,,,,,,,2023,01
13-Jan-23,0.435226368,0.347151656,,,,,,,2023,01
14-Jan-23,0.416507055,0.319965073,,,,,,,2023,01
16-Jan-23,0.5205783,0.31518612,,,,,,,2023,01
17-Jan-23,0.44721059,0.362486522,,,,,,,2023,01
18-Jan-23,0.424646678,0.336208473,,,,,,,2023,01
20-Jan-23,0.398355034,0.351978979,,,,,,,2023,01
21-Jan-23,0.450197317,0.376315882,,,,,,,2023,01
23-Jan-23,0.489460883,0.442511341,,,,,,,2023,01
24-Jan-23,0.426520778,0.348039983,,,,,,,2023,01
25-Jan-23,0.461790125,0.388296654,,,,,,,2023,01
26-Jan-23,0.445670263,0.369078555,,,,,,,2023,01
27-Jan-23,0.593627621,0.630983478,,,,,,,2023,01
28-Jan-23,0.496644322,0.455600454,,,,,,,2023,01
29-Jan-23,0.446310699,0.372194507,,,,,,,2023,01
30-Jan-23,0.579932763,0.600756819,,,,,,,2023,01
31-Jan-23,0.476062306,0.422350925,,,,,,,2023,01
02-Feb-23,0.413408284,0.317955429,,,,,,,2023,02
03-Feb-23,0.480131715,,,,,,,,2023,02
04-Feb-23,0.416039897,,,,,,,,2023,02
05-Feb-23,0.432494122,,,,,,,,2023,02
06-Feb-23,0.397749927,,,,,,,,2023,02
07-Feb-23,0.416164853,,,,,,,,2023,02
08-Feb-23,0.412838978,,,,,,,,2023,02
09-Feb-23,0.435414045,,,,,,,,2023,02
10-Feb-23,0.41892758,,,,,,,,2023,02
12-Feb-23,0.39691371,,,,,,,,2023,02
13-Feb-23,0.45089714,0.356107741,,,,,,,2023,02
14-Feb-23,0.434127367,0.340623187,,,,,,,2023,02
16-Feb-23,0.440933661,0.345109352,,,,,,,2023,02
17-Feb-23,0.435505417,0.330848253,,,,,,,2023,02
19-Feb-23,0.467701694,0.387132802,,,,,,,2023,02
20-Feb-23,0.408507065,0.309750199,,,,,,,2023,02
21-Feb-23,0.432618884,0.326793039,,,,,,,2023,02
22-Feb-23,0.44432018,0.348082305,,,,,,,2023,02
23-Feb-23,0.543031525,0.512813194,,,,,,,2023,02
24-Feb-23,0.387953566,0.282205795,,,,,,,2023,02
25-Feb-23,0.437223676,0.336515068,,,,,,,2023,02
26-Feb-23,0.47941744,0.398370692,,,,,,,2023,02
27-Feb-23,0.398509111,0.361894668,,,,,,,2023,02
01-Mar-23,0.456137589,0.328352064,,,,,,,2023,03
02-Mar-23,0.443374811,0.432278657,,,,,,,2023,03
03-Mar-23,0.468227074,,,,,,,,2023,03
04-Mar-23,0.470876671,,,,,,,,2023,03
05-Mar-23,0.580764857,,,,,,,,2023,03
06-Mar-23,0.45339888,,,,,,,,2023,03
07-Mar-23,0.514469188,,,,,,,,2023,03
08-Mar-23,0.586757519,,,,,,,,2023,03
09-Mar-23,0.537986129,,,,,,,,2023,03
