Date,Suspended Matter,Dissolved Organic Matter,Chlorophyll,Turbidity,Salinity,pH,Temperature,Dissolved Oxygen,Year,Month
02-Jan-18,0.423853799,0.520072019,,,,,,,2018,1
03-Jan-18,0.472504872,0.425592746,,,,,,,2018,1
06-Jan-18,0.550981546,0.479395316,,,,,,,2018,1
07-Jan-18,0.444331415,0.418288863,,,,,,,2018,1
10-Jan-18,0.442787662,0.384030788,,,,,,,2018,1
11-Jan-18,0.403954889,0.389369497,,,,,,,2018,1
14-Jan-18,0.423952799,0.368758965,,,,,,,2018,1
15-Jan-18,0.473838893,0.430493985,,,,,,,2018,1
18-Jan-18,0.432090715,0.367185823,,,,,,,2018,1
19-Jan-18,0.44954976,0.434181326,,,,,,,2018,1
22-Jan-18,0.451090739,0.384163907,,,,,,,2018,1
23-Jan-18,0.466272984,0.433983928,,,,,,,2018,1
25-Jan-18,0.50964318,0.40752554,,,,,,,2018,1
26-Jan-18,0.431470321,0.415598501,,,,,,,2018,1
29-Jan-18,0.39508918,0.365422422,,,,,,,2018,1
30-Jan-18,0.440926281,0.42882514,,,,,,,2018,1
02-Feb-18,0.413103226,0.374718546,,,,,,,2018,2
03-Feb-18,0.430858938,0.433013293,,,,,,,2018,2
06-Feb-18,0.475694242,0.419426131,,,,,,,2018,2
07-Feb-18,0.570348377,0.530175163,,,,,,,2018,2
10-Feb-18,0.630757614,0.583363901,,,,,,,2018,2
11-Feb-18,0.462737994,0.436746874,,,,,,,2018,2
14-Feb-18,0.481999639,0.402365826,,,,,,,2018,2
15-Feb-18,0.480482187,0.434405257,,,,,,,2018,2
18-Feb-18,0.439820703,0.369987847,,,,,,,2018,2
19-Feb-18,0.502548825,0.468398174,,,,,,,2018,2
21-Feb-18,0.52480874,0.448759964,,,,,,,2018,2
22-Feb-18,0.439165437,0.441027877,,,,,,,2018,2
25-Feb-18,0.431170673,0.40955152,,,,,,,2018,2
26-Feb-18,0.505122925,0.445071883,,,,,,,2018,2
01-Mar-18,0.433278398,0.402600458,,,,,16.16921803,,2018,3
02-Mar-18,0.474087877,0.460035441,,,,,,,2018,3
05-Mar-18,0.500515679,0.442542048,,,,,,,2018,3
06-Mar-18,0.52544579,0.478993317,,,,,,,2018,3
09-Mar-18,0.476236053,0.427998471,,,,,,,2018,3
10-Mar-18,0.508060258,0.455605306,,,,,,,2018,3
13-Mar-18,0.515289775,0.438290323,,,,,,,2018,3
14-Mar-18,0.542414885,0.51137741,,,,,,,2018,3
17-Mar-18,0.548177352,0.451521005,,,,,27.96890745,,2018,3
18-Mar-18,0.53074368,0.505327504,,,,,,,2018,3
20-Mar-18,0.564222072,0.489915229,,,,,,,2018,3
20-Mar-18,0.632321566,0.489915229,,,,,,,2018,3
20-Mar-18,0.564222072,0.597464241,,,,,,,2018,3
20-Mar-18,0.632321566,0.597464241,,,,,,,2018,3
23-Mar-18,0.496247357,0.472088183,,,,,,,2018,3
25-Mar-18,0.538861193,0.457163534,,,,,,,2018,3
25-Mar-18,0.486948869,0.457163534,,,,,,,2018,3
29-Mar-18,0.5077216,0.500783873,,,,,,,2018,3
03-Apr-18,0.543682539,0.497531317,,,,,,,2018,4
05-Apr-18,0.568612989,0.561633419,,,,,,,2018,4
06-Apr-18,0.59340821,0.532841758,,,,,,,2018,4
09-Apr-18,,0.624131682,,,,,,,2018,4
10-Apr-18,0.607258883,0.533856977,,,,,,,2018,4
13-Apr-18,0.589479495,0.571724383,,,,,,,2018,4
14-Apr-18,0.593269,0.51617784,,,,,,,2018,4
16-Apr-18,0.650246117,0.683193285,,,,,,,2018,4
17-Apr-18,0.556516075,0.540350929,,,,,,,2018,4
21-Apr-18,0.564762325,0.550586297,,,,,,,2018,4
24-Apr-18,0.534614778,0.533378332,,,,,,,2018,4
25-Apr-18,0.54318745,0.526418722,,,,,,,2018,4
28-Apr-18,0.57547302,0.569947597,,,,,,,2018,4
29-Apr-18,0.581015566,0.545766823,,,,,,,2018,4
02-May-18,0.581803541,0.577969112,,,,,,,2018,5
03-May-18,0.574129254,0.526549093,,,,,,,2018,5
06-May-18,0.635270968,0.639140186,,,,,,,2018,5
07-May-18,0.58600913,0.529569489,,,,,,,2018,5
10-May-18,,0.603281633,,,,,,,2018,5
11-May-18,0.607700103,0.547560596,,,,,,,2018,5
13-May-18,,0.67255105,,,,,,,2018,5
14-May-18,0.577466185,0.562305118,,,,,,,2018,5
16-May-18,0.607603221,0.602738854,,,,,,,2018,5
18-May-18,0.581894342,0.548753453,,,,,,,2018,5
20-May-18,0.614449154,0.605354181,,,,,38.55343466,,2018,5
21-May-18,,0.603060879,,,,,,,2018,5
22-May-18,0.586188283,0.54918915,,,,,,,2018,5
22-May-18,0.606077034,0.54918915,,,,,,,2018,5
25-May-18,0.585136562,0.551229726,,,,,,,2018,5
25-May-18,0.598689484,0.551229726,,,,,,,2018,5
26-May-18,0.576532773,0.522519994,,,,,,,2018,5
26-May-18,0.572593375,0.522519994,,,,,,,2018,5
29-May-18,0.600522627,0.547172735,,,,,,,2018,5
29-May-18,0.575221904,0.547172735,,,,,,,2018,5
30-May-18,0.620772456,0.572527545,,,,,,,2018,5
01-Jun-18,,0.582251859,,,,,,,2018,6
02-Jun-18,0.565325394,0.532499471,,,,,,,2018,6
02-Jun-18,0.595256613,0.532499471,,,,,,,2018,6
03-Jun-18,0.609567766,0.581993421,,,,,,,2018,6
03-Jun-18,0.630104276,0.581993421,,,,,,,2018,6
06-Jun-18,0.599711622,0.564858919,,,,,,,2018,6
06-Jun-18,0.620379138,0.564858919,,,,,,,2018,6
07-Jun-18,0.625906501,0.562699683,,,,,,,2018,6
07-Jun-18,0.621267431,0.562699683,,,,,,,2018,6
09-Jun-18,0.610456351,0.561785964,,,,,,,2018,6
09-Jun-18,0.617309523,0.561785964,,,,,,,2018,6
10-Jun-18,,0.628498697,,,,,,,2018,6
13-Jun-18,0.606797856,0.594154636,,,,,,,2018,6
14-Jun-18,0.60136049,0.603207836,,,,,,,2018,6
14-Jun-18,0.62507675,0.603207836,,,,,,,2018,6
17-Jun-18,0.574549324,0.578058289,,,,,,,2018,6
19-Jun-18,,0.575226707,,,,,,,2018,6
21-Jun-18,0.599393991,0.582808888,,,,,39.61416884,,2018,6
21-Jun-18,0.602176092,0.582808888,,,,,39.61416884,,2018,6
22-Jun-18,0.584478438,0.525012827,,,,,,,2018,6
25-Jun-18,0.594952388,0.537234667,,,,,,,2018,6
26-Jun-18,0.638227835,0.600686461,,,,,,,2018,6
29-Jun-18,0.63656708,0.61348619,,,,,,,2018,6
29-Jun-18,0.633053488,0.61348619,,,,,,,2018,6
30-Jun-18,,0.590863296,,,,,,,2018,6
03-Jul-18,0.589017518,0.499875256,,,,,,,2018,7
04-Jul-18,0.631045177,0.59036152,,,,,,,2018,7
06-Jul-18,0.557476551,0.526350482,,,,,,,2018,7
07-Jul-18,0.564276014,0.493034166,,,,,41.02684403,,2018,7
10-Jul-18,0.589838358,0.545141075,,,,,,,2018,7
11-Jul-18,0.594984046,0.56612527,,,,,,,2018,7
14-Jul-18,0.588880902,0.614195482,,,,,,,2018,7
15-Jul-18,0.632526315,0.553216127,,,,,,,2018,7
18-Jul-18,0.587418069,0.622548429,,,,,,,2018,7
19-Jul-18,0.626129859,0.589107213,,,,,,,2018,7
22-Jul-18,0.62936085,0.588656018,,,,,,,2018,7
23-Jul-18,0.629822468,0.589502085,,,,,,,2018,7
26-Jul-18,0.627788676,0.591257769,,,,,,,2018,7
27-Jul-18,0.578490686,0.587673528,,,,,,,2018,7
30-Jul-18,0.612007896,0.584613862,,,,,,,2018,7
31-Jul-18,0.564335959,0.561249484,,,,,,,2018,7
02-Aug-18,0.576055519,0.564263795,,,,,,,2018,8
03-Aug-18,0.574754399,0.582043064,,,,,,,2018,8
06-Aug-18,0.596784054,0.531165635,,,,,,,2018,8
07-Aug-18,0.629370569,0.595401038,,,,,,,2018,8
10-Aug-18,0.620604978,0.583387492,,,,,,,2018,8
11-Aug-18,0.622635223,0.611094204,,,,,,,2018,8
14-Aug-18,0.586664139,0.606571,,,,,,,2018,8
15-Aug-18,0.606041099,0.606603907,,,,,,,2018,8
18-Aug-18,0.623801025,0.62318488,,,,,,,2018,8
19-Aug-18,0.628675927,0.584588818,,,,,,,2018,8
22-Aug-18,,0.583894663,,,,,,,2018,8
23-Aug-18,0.518050095,0.578411283,,,,,,,2018,8
26-Aug-18,0.625772323,0.596041628,,,,,,,2018,8
27-Aug-18,0.615440387,0.562666401,,,,,,,2018,8
29-Aug-18,0.621424001,0.587128645,,,,,,,2018,8
30-Aug-18,0.627763723,0.593661457,,,,,,,2018,8
02-Sep-18,0.627104064,0.588190782,,,,,,,2018,9
03-Sep-18,0.626411387,0.59154311,,,,,,,2018,9
07-Sep-18,0.630207775,0.476485356,,,,,,,2018,9
10-Sep-18,0.629205817,0.583658054,,,,,,,2018,9
10-Sep-18,0.629205817,0.584011346,,,,,,,2018,9
11-Sep-18,0.621044681,0.594758092,,,,,,,2018,9
11-Sep-18,0.621044681,0.59394892,,,,,,,2018,9
14-Sep-18,0.535332182,0.483071314,,,,,,,2018,9
14-Sep-18,0.535332182,0.483520502,,,,,,,2018,9
15-Sep-18,0.479429215,0.454486536,,,,,,,2018,9
15-Sep-18,0.479429215,0.410929292,,,,,,,2018,9
18-Sep-18,0.459848941,0.40951464,,,,,,,2018,9
18-Sep-18,0.459848941,0.401349065,,,,,,,2018,9
19-Sep-18,0.417644314,0.414355069,,,,,,,2018,9
19-Sep-18,0.417644314,0.422938689,,,,,,,2018,9
22-Sep-18,0.444128067,0.377557804,,,,,,,2018,9
22-Sep-18,0.444128067,0.391739851,,,,,,,2018,9
23-Sep-18,0.627383338,0.597370704,,,,,,,2018,9
23-Sep-18,0.627383338,0.602974904,,,,,,,2018,9
25-Sep-18,0.555463226,0.479556197,,,,,18.04670565,,2018,9
25-Sep-18,0.555463226,0.462597486,,,,,18.04670565,,2018,9
26-Sep-18,0.457367505,0.435603737,,,,,,,2018,9
26-Sep-18,0.457367505,0.4328213,,,,,,,2018,9
29-Sep-18,0.424649526,0.423952087,,,,,,,2018,9
29-Sep-18,0.424649526,0.389047146,,,,,,,2018,9
30-Sep-18,0.366796017,0.42068535,,,,,,,2018,9
30-Sep-18,0.366796017,0.421324887,,,,,,,2018,9
03-Oct-18,0.432119307,0.440205329,,,,,,,2018,10
03-Oct-18,0.432119307,0.397316675,,,,,,,2018,10
04-Oct-18,0.384530102,0.444163947,,,,,,,2018,10
04-Oct-18,0.384530102,0.44239608,,,,,,,2018,10
07-Oct-18,0.492091907,0.450714042,,,,,,,2018,10
07-Oct-18,0.492091907,0.427410368,,,,,,,2018,10
08-Oct-18,0.409828452,0.419642182,,,,,,,2018,10
08-Oct-18,0.409828452,0.457666966,,,,,,,2018,10
11-Oct-18,0.487889013,0.431352879,,,,,29.03345356,,2018,10
11-Oct-18,0.487889013,0.470508785,,,,,29.03345356,,2018,10
12-Oct-18,0.439099445,0.437316138,,,,,,,2018,10
12-Oct-18,0.439099445,0.489627567,,,,,,,2018,10
15-Oct-18,0.454547536,0.414209104,,,,,,,2018,10
15-Oct-18,0.454547536,0.392903886,,,,,,,2018,10
16-Oct-18,0.449452205,0.427322405,,,,,,,2018,10
16-Oct-18,0.449452205,0.40607753,,,,,,,2018,10
19-Oct-18,0.463329522,0.415716424,,,,,,,2018,10
19-Oct-18,0.463329522,0.396908776,,,,,,,2018,10
20-Oct-18,0.423657755,0.401545668,,,,,,,2018,10
20-Oct-18,0.423657755,0.432535238,,,,,,,2018,10
22-Oct-18,0.494046746,0.416331335,,,,,,,2018,10
22-Oct-18,0.494046746,0.406789167,,,,,,,2018,10
23-Oct-18,0.465188243,0.432560689,,,,,,,2018,10
23-Oct-18,0.465188243,0.443339865,,,,,,,2018,10
26-Oct-18,0.448553601,0.395655799,,,,,,,2018,10
26-Oct-18,0.448553601,0.461084447,,,,,,,2018,10
27-Oct-18,0.498673245,0.464599212,,,,,34.78221191,,2018,10
27-Oct-18,0.498673245,0.414286835,,,,,34.78221191,,2018,10
30-Oct-18,0.433185424,0.377752763,,,,,,,2018,10
30-Oct-18,0.433185424,0.38131676,,,,,,,2018,10
31-Oct-18,0.424241054,0.392242388,,,,,,,2018,10
31-Oct-18,0.424241054,0.384206558,,,,,,,2018,10
02-Nov-18,0.455416986,0.37053874,,,,,,,2018,11
03-Nov-18,0.445081149,0.370815257,,,,,,,2018,11
04-Nov-18,0.440495743,0.41358324,,,,,,,2018,11
06-Nov-18,0.525113384,0.471877899,,,,,,,2018,11
07-Nov-18,0.454088814,0.394835686,,,,,,,2018,11
08-Nov-18,0.479708401,0.418330414,,,,,,,2018,11
10-Nov-18,0.487708952,0.403633545,,,,,,,2018,11
11-Nov-18,0.412753724,0.395569105,,,,,,,2018,11
12-Nov-18,0.463796399,0.417727771,,,,,29.76400977,,2018,11
14-Nov-18,0.480465602,0.391586618,,,,,,,2018,11
15-Nov-18,0.477648365,0.398256185,,,,,,,2018,11
16-Nov-18,0.445229609,0.414081867,,,,,,,2018,11
17-Nov-18,0.526777043,0.472986374,,,,,,,2018,11
18-Nov-18,0.513591175,0.4113195,,,,,,,2018,11
19-Nov-18,0.42599497,0.430175961,,,,,,,2018,11
21-Nov-18,0.43228765,0.38381213,,,,,,,2018,11
22-Nov-18,0.438039042,0.39264143,,,,,,,2018,11
22-Nov-18,0.438039042,0.41589078,,,,,,,2018,11
23-Nov-18,0.449706959,0.42334608,,,,,,,2018,11
25-Nov-18,0.489147302,0.400701261,,,,,,,2018,11
26-Nov-18,0.443781088,0.391602549,,,,,,,2018,11
27-Nov-18,0.409661914,0.405839452,,,,,,,2018,11
29-Nov-18,0.483418884,0.400509337,,,,,,,2018,11
30-Nov-18,0.455670517,0.396763217,,,,,,,2018,11
01-Dec-18,0.440117599,0.403345871,,,,,,,2018,12
03-Dec-18,0.460241419,0.433427098,,,,,,,2018,12
04-Dec-18,0.455636731,0.374428975,,,,,,,2018,12
05-Dec-18,0.584306292,0.524791536,,,,,,,2018,12
06-Dec-18,0.568901622,0.499835815,,,,,,,2018,12
07-Dec-18,0.476501359,0.447226613,,,,,,,2018,12
08-Dec-18,0.494862823,0.40533174,,,,,,,2018,12
09-Dec-18,0.488472404,0.431206657,,,,,,,2018,12
10-Dec-18,0.537964138,0.455891538,,,,,,,2018,12
11-Dec-18,0.516625701,0.467431526,,,,,,,2018,12
12-Dec-18,0.520797635,0.420921105,,,,,,,2018,12
13-Dec-18,0.441165354,0.399901638,,,,,,,2018,12
14-Dec-18,0.452218477,0.382284341,,,,,23.62781757,,2018,12
15-Dec-18,0.508624398,0.40362345,,,,,,,2018,12
16-Dec-18,0.467469919,0.435439506,,,,,,,2018,12
18-Dec-18,0.470936159,0.382451031,0.151908324,-0.089091574,0.101079036,7.838490439,,3.494842557,2018,12
19-Dec-18,0.39378464,0.344831809,,,,,,,2018,12
20-Dec-18,0.390981057,0.392375445,,,,,,,2018,12
22-Dec-18,0.458577208,0.377463287,,,,,,,2018,12
23-Dec-18,0.374699129,0.353101946,0.352455077,-0.270541087,0.203122505,8.051000638,,0.072627416,2018,12
23-Dec-18,0.374699129,0.362965932,0.352455077,-0.270541087,0.203122505,8.051000638,,0.072627416,2018,12
24-Dec-18,0.376622638,0.384823627,,,,,,,2018,12
26-Dec-18,0.451521601,0.370141026,,,,,,,2018,12
27-Dec-18,0.449358899,0.380887307,,,,,,,2018,12
28-Dec-18,0.416848254,0.40380392,0.456575936,-0.358706726,0.155669094,8.144490208,,-0.020792443,2018,12
30-Dec-18,0.42198905,0.428619814,,,,,19.97764942,,2018,12
02-Jan-19,0.532591939,0.477877823,0.379851665,-0.317333835,0.170394839,8.145824685,,0.830051677,2019,1
03-Jan-19,0.387728216,0.411060875,,,,,,,2019,1
04-Jan-19,0.456079216,0.402019056,,,,,,,2019,1
05-Jan-19,0.514775425,0.487696859,,,,,,,2019,1
06-Jan-19,0.542389932,0.479368955,,,,,,,2019,1
07-Jan-19,0.517988153,0.485647589,0.479075053,-0.342377024,0.15773341,8.117732765,,0.757070292,2019,1
08-Jan-19,0.512964423,0.439030727,,,,,,,2019,1
09-Jan-19,0.449272457,0.40106939,,,,,,,2019,1
10-Jan-19,0.509308749,0.423983207,,,,,,,2019,1
11-Jan-19,0.49166239,0.472886791,,,,,,,2019,1
11-Jan-19,0.49166239,0.395586261,,,,,,,2019,1
12-Jan-19,0.448825019,0.436758397,0.124992734,-0.129954156,0.224500557,7.773572212,,0.464162451,2019,1
14-Jan-19,0.463979604,0.388287586,,,,,,,2019,1
15-Jan-19,0.451822631,0.406495689,,,,,18.48138878,,2019,1
15-Jan-19,0.451822631,0.425513123,,,,,18.48138878,,2019,1
16-Jan-19,0.408167312,0.413527589,,,,,,,2019,1
18-Jan-19,0.451974184,0.37877885,,,,,,,2019,1
19-Jan-19,0.380231132,0.363283753,,,,,,,2019,1
19-Jan-19,0.380231132,0.346133708,,,,,,,2019,1
20-Jan-19,0.383215013,0.404303121,,,,,,,2019,1
22-Jan-19,0.452222198,0.375042079,0.491893168,-0.34330779,0.180763152,8.052627461,,2.952280529,2019,1
23-Jan-19,0.421261742,0.45687862,,,,,,,2019,1
23-Jan-19,0.421261742,0.391426311,,,,,,,2019,1
24-Jan-19,0.417833418,0.410263346,,,,,,,2019,1
26-Jan-19,0.649302828,0.630545885,,,,,,,2019,1
27-Jan-19,0.504634956,0.422706812,0.389446312,-0.240975556,0.155361563,8.074821128,,5.073421526,2019,1
28-Jan-19,0.453396182,0.412821843,,,,,,,2019,1
29-Jan-19,0.526101898,0.446144497,,,,,,,2019,1
30-Jan-19,0.40083961,0.394626652,,,,,,,2019,1
31-Jan-19,0.457995072,0.384588575,,,,,18.81852054,,2019,1
01-Feb-19,0.531083538,0.496768349,0.34619561,-0.266412387,0.164198172,7.923734707,,9.405379111,2019,2
02-Feb-19,0.5419965,0.497832623,,,,,,,2019,2
03-Feb-19,0.525448311,0.478737697,,,,,,,2019,2
04-Feb-19,0.488032926,0.402398784,,,,,,,2019,2
05-Feb-19,0.493385936,0.434575892,,,,,,,2019,2
06-Feb-19,0.500453174,0.413590693,0.359839714,-0.245128913,0.121627497,7.951549319,,8.638259554,2019,2
07-Feb-19,0.528063057,0.471355271,,,,,,,2019,2
08-Feb-19,0.451735692,0.435902354,,,,,,,2019,2
10-Feb-19,0.468472959,0.394213389,,,,,,,2019,2
11-Feb-19,0.392431876,0.379328772,0.182202567,-0.114950831,0.204993305,7.650445333,,4.401338794,2019,2
12-Feb-19,0.42575793,0.427534572,,,,,,,2019,2
14-Feb-19,0.459381995,0.395644079,,,,,,,2019,2
15-Feb-19,0.532050081,0.383146758,,,,,,,2019,2
15-Feb-19,0.418099433,0.383146758,,,,,,,2019,2
16-Feb-19,0.425571756,0.428671642,0.410102903,-0.292683885,0.144514423,7.977333852,-25.48455846,6.878333374,2019,2
18-Feb-19,0.47086435,0.387330183,,,,,,,2019,2
19-Feb-19,0.470210493,0.548384119,,,,,,,2019,2
19-Feb-19,0.470210493,0.398324251,,,,,,,2019,2
20-Feb-19,0.366431651,0.396822221,,,,,,,2019,2
22-Feb-19,0.459153996,0.45062348,,,,,,,2019,2
23-Feb-19,0.409327415,0.391356603,,,,,,,2019,2
24-Feb-19,0.438335475,0.426129443,,,,,,,2019,2
25-Feb-19,0.520607328,0.484425832,,,,,,,2019,2
26-Feb-19,0.399648232,0.415925583,0.357333496,-0.289808529,0.129285219,8.185331169,,7.336201422,2019,2
27-Feb-19,0.606331074,0.548536617,,,,,,,2019,2
28-Feb-19,0.537075018,0.510169212,,,,,,,2019,2
01-Mar-19,0.547826654,0.513141027,,,,,,,2019,3
02-Mar-19,0.526978947,0.514260758,,,,,,,2019,3
03-Mar-19,0.482561295,0.41757516,,,,,,,2019,3
04-Mar-19,0.627839688,0.59008159,,,,,20.868994,,2019,3
05-Mar-19,0.483114907,0.432560556,,,,,,,2019,3
06-Mar-19,0.525571056,0.455729457,,,,,,,2019,3
06-Mar-19,0.525571056,0.48721216,,,,,,,2019,3
07-Mar-19,0.439904697,0.435100611,,,,,,,2019,3
09-Mar-19,0.48949976,0.437161007,,,,,,,2019,3
10-Mar-19,0.43267885,0.438457735,,,,,,,2019,3
10-Mar-19,0.43267885,0.401641808,,,,,,,2019,3
11-Mar-19,0.461611619,0.472410602,,,,,,,2019,3
13-Mar-19,0.505787901,0.452172774,0.392303172,-0.274240287,0.178426787,8.15297202,,3.129391199,2019,3
14-Mar-19,0.445835823,0.493768062,,,,,,,2019,3
14-Mar-19,0.445835823,0.438735178,,,,,,,2019,3
15-Mar-19,0.615166667,0.581723273,,,,,,,2019,3
17-Mar-19,0.580322442,0.51670973,,,,,,,2019,3
18-Mar-19,0.632698187,0.51400674,0.429187338,-0.326837702,0.19652743,8.2577605,,-5.000225318,2019,3
18-Mar-19,0.632698187,0.607582548,0.429187338,-0.326837702,0.19652743,8.2577605,,-5.000225318,2019,3
19-Mar-19,0.45474026,0.441747432,,,,,,,2019,3
21-Mar-19,0.557470203,0.557653437,,,,,,,2019,3
22-Mar-19,0.462551358,0.427114929,,,,,,,2019,3
23-Mar-19,0.497340578,0.485330924,0.451452168,-0.326463871,0.168111908,8.272495287,,1.461646399,2019,3
24-Mar-19,0.583287247,0.577126145,,,,,,,2019,3
25-Mar-19,0.509625445,0.518212777,,,,,,,2019,3
26-Mar-19,0.528214555,0.483884091,,,,,,,2019,3
27-Mar-19,0.555516979,0.55060861,,,,,,,2019,3
28-Mar-19,0.623615451,0.605009538,0.323300724,-0.215485929,0.166807129,8.126761616,,1.643997093,2019,3
29-Mar-19,0.585652942,0.601575954,,,,,,,2019,3
30-Mar-19,0.552521185,0.511484697,,,,,,,2019,3
31-Mar-19,0.545804447,0.541393993,,,,,,,2019,3
01-Apr-19,0.562404189,0.545696664,,,,,,,2019,4
02-Apr-19,0.589529003,0.532563863,0.3302195,-0.231533287,0.169609484,8.089910484,,0.769964844,2019,4
02-Apr-19,0.589529003,0.60519685,0.3302195,-0.231533287,0.169609484,8.089910484,,0.769964844,2019,4
03-Apr-19,0.539282368,0.544503395,,,,,,,2019,4
03-Apr-19,0.539282368,0.566313395,,,,,,,2019,4
05-Apr-19,0.527559217,0.524673814,,,,,28.05691054,,2019,4
07-Apr-19,0.5170421,0.511817619,0.310613983,-0.196620983,0.165439891,8.097821647,,-1.771951863,2019,4
09-Apr-19,0.536718211,0.533538775,,,,,,,2019,4
10-Apr-19,,0.507762178,,,,,,,2019,4
11-Apr-19,0.506789739,0.563744643,,,,,,,2019,4
13-Apr-19,0.52084103,0.513788002,,,,,,,2019,4
14-Apr-19,0.538095677,0.51193773,,,,,,,2019,4
15-Apr-19,0.516984455,0.511705106,,,,,,,2019,4
17-Apr-19,0.62148884,0.587610893,0.309873841,-0.176358414,0.149497628,8.12066066,,-1.879360575,2019,4
19-Apr-19,0.503154847,0.490207122,,,,,,,2019,4
20-Apr-19,0.532459334,0.549609598,,,,,,,2019,4
21-Apr-19,0.682516915,0.699467354,,,,,31.88511292,,2019,4
22-Apr-19,0.538982876,0.493292803,0.077080452,-0.032708509,0.180262095,7.947568521,,-3.120153851,2019,4
24-Apr-19,0.614667448,0.62880075,,,,,,,2019,4
25-Apr-19,0.604731388,0.572390602,,,,,,,2019,4
26-Apr-19,0.611415955,0.571109785,,,,,,,2019,4
27-Apr-19,0.569934279,0.549234688,0.390306229,-0.236056177,0.165214045,8.161852805,,-5.188777218,2019,4
28-Apr-19,0.617645555,0.621018437,,,,,,,2019,4
29-Apr-19,0.612506166,0.571973221,,,,,,,2019,4
01-May-19,,0.56152615,,,,,,,2019,5
02-May-19,0.549586525,0.566993808,0.272794747,-0.161675632,0.214800208,8.119504179,,-1.512016911,2019,5
03-May-19,0.613151955,0.574113532,,,,,,,2019,5
04-May-19,0.646085094,0.68011967,,,,,,,2019,5
06-May-19,0.575695416,0.575609626,,,,,,,2019,5
07-May-19,0.604724725,0.554989926,0.189377328,-0.096343486,0.138032862,8.092476628,34.30165622,1.405364998,2019,5
08-May-19,0.595492312,0.603267681,,,,,,,2019,5
10-May-19,0.583285307,0.565400374,,,,,,,2019,5
11-May-19,0.541492809,0.506943743,,,,,,,2019,5
12-May-19,0.501643153,0.495409628,0.178443754,-0.075321084,0.142369872,8.046581865,,2.233899147,2019,5
13-May-19,0.642820342,0.678098495,,,,,,,2019,5
14-May-19,0.624396318,0.62734756,,,,,,,2019,5
16-May-19,0.544369625,0.531119839,,,,,,,2019,5
17-May-19,0.592344876,0.606608033,0.139330619,-0.041846667,0.106360173,8.014801586,,2.874609202,2019,5
18-May-19,0.657886344,0.648454557,,,,,,,2019,5
19-May-19,0.547213345,0.500974926,,,,,,,2019,5
20-May-19,0.578403659,0.590859432,,,,,,,2019,5
21-May-19,,0.6040639,,,,,,,2019,5
22-May-19,0.517773661,0.579919248,0.222736386,-0.1045763,0.143012545,8.050945882,,2.180394739,2019,5
23-May-19,0.427117797,0.502913786,,,,,34.55431933,,2019,5
24-May-19,0.566266019,0.57567557,,,,,,,2019,5
25-May-19,0.608289539,0.598753342,,,,,,,2019,5
26-May-19,0.603992377,0.576955442,,,,,,,2019,5
27-May-19,0.577703914,0.592845022,0.308968612,-0.20325615,0.112232957,8.123183849,,2.443750837,2019,5
30-May-19,0.510950974,0.496543522,,,,,,,2019,5
31-May-19,0.624065181,0.330395319,,,,,,,2019,5
02-Jun-19,0.548935601,0.438537102,,,,,,,2019,6
03-Jun-19,0.558129252,0.525462075,,,,,,,2019,6
04-Jun-19,0.588415341,0.581428183,,,,,,,2019,6
06-Jun-19,0.625945313,0.575942968,0.162078391,-0.076106492,0.10456245,8.073139486,,1.562458204,2019,6
07-Jun-19,0.554517255,0.527293933,,,,,,,2019,6
08-Jun-19,,0.559471563,,,,,37.57741239,,2019,6
10-Jun-19,0.620327036,0.627386227,,,,,,,2019,6
11-Jun-19,0.560449247,0.514195111,0.166262529,-0.057745774,0.123852571,8.037200286,,2.394315021,2019,6
12-Jun-19,0.580662876,0.568779868,,,,,,,2019,6
13-Jun-19,0.647001643,0.638834097,,,,,,,2019,6
14-Jun-19,0.649189645,0.6392621,,,,,,,2019,6
15-Jun-19,0.551284853,0.496559323,,,,,,,2019,6
16-Jun-19,0.604419449,0.570591995,,,,,,,2019,6
17-Jun-19,0.654866248,0.62777042,,,,,,,2019,6
18-Jun-19,0.613077427,0.604695865,,,,,,,2019,6
19-Jun-19,0.574757352,0.510345336,,,,,,,2019,6
20-Jun-19,0.628158278,0.588575183,,,,,,,2019,6
21-Jun-19,0.610780707,0.582399704,,,,,,,2019,6
22-Jun-19,0.614061143,0.608536845,,,,,,,2019,6
23-Jun-19,0.608443851,0.585541475,,,,,,,2019,6
25-Jun-19,0.602868313,0.539532138,,,,,,,2019,6
26-Jun-19,0.544223867,0.464110365,,,,,,,2019,6
27-Jun-19,0.598823255,0.587822399,,,,,,,2019,6
29-Jun-19,0.597663737,0.537934217,,,,,,,2019,6
30-Jun-19,0.627590708,0.485613416,,,,,,,2019,6
30-Jun-19,0.538343224,0.485613416,,,,,,,2019,6
30-Jun-19,0.627590708,0.59546779,,,,,,,2019,6
30-Jun-19,0.538343224,0.59546779,,,,,,,2019,6
01-Jul-19,0.635594001,0.595095783,,,,,,,2019,7
03-Jul-19,0.629984919,0.584257547,,,,,,,2019,7
04-Jul-19,0.638220874,0.600737467,,,,,,,2019,7
04-Jul-19,0.625865881,0.600737467,,,,,,,2019,7
05-Jul-19,0.626954671,0.587815407,,,,,,,2019,7
07-Jul-19,0.625126019,0.588635124,,,,,,,2019,7
08-Jul-19,0.626883117,0.581734315,,,,,,,2019,7
09-Jul-19,0.630003534,0.588994247,,,,,,,2019,7
10-Jul-19,0.625701977,0.587930997,,,,,11.03889224,,2019,7
11-Jul-19,0.598178202,0.559675796,,,,,,,2019,7
12-Jul-19,0.577305443,0.521569924,,,,,,,2019,7
13-Jul-19,0.613475176,0.580732366,,,,,,,2019,7
14-Jul-19,0.57030587,0.530102493,,,,,,,2019,7
15-Jul-19,0.560619868,0.530176305,,,,,,,2019,7
16-Jul-19,0.591696629,0.538527661,,,,,,,2019,7
17-Jul-19,0.544235289,0.508082027,,,,,,,2019,7
18-Jul-19,0.598447608,0.558070295,,,,,,,2019,7
19-Jul-19,0.543135114,0.518990969,,,,,,,2019,7
19-Jul-19,0.538556661,0.518990969,,,,,,,2019,7
20-Jul-19,0.58455348,0.573155044,,,,,,,2019,7
22-Jul-19,0.545474053,0.492549765,,,,,,,2019,7
23-Jul-19,0.481361749,0.58457763,,,,,,,2019,7
24-Jul-19,0.563607149,0.577488183,,,,,,,2019,7
26-Jul-19,0.495790135,0.451030883,,,,,,,2019,7
27-Jul-19,0.620836446,0.416120043,,,,,,,2019,7
28-Jul-19,0.621432647,0.573740101,,,,,,,2019,7
30-Jul-19,0.619993126,0.562441885,,,,,,,2019,7
31-Jul-19,0.631668112,0.601560853,,,,,,,2019,7
01-Aug-19,0.630448533,0.596186262,,,,,,,2019,8
03-Aug-19,0.630792497,0.600919315,,,,,,,2019,8
04-Aug-19,0.635154243,0.600460711,,,,,,,2019,8
05-Aug-19,0.630433677,0.596489174,,,,,,,2019,8
06-Aug-19,0.632628608,0.60235652,,,,,,,2019,8
07-Aug-19,0.621327653,0.584106347,,,,,,,2019,8
08-Aug-19,0.620132836,0.57559687,,,,,,,2019,8
09-Aug-19,0.61827457,0.57851609,,,,,,,2019,8
10-Aug-19,0.624596118,0.581780409,,,,,,,2019,8
11-Aug-19,0.592548574,0.569366717,,,,,-123.1485201,,2019,8
12-Aug-19,0.626800061,0.578901589,,,,,,,2019,8
13-Aug-19,0.640798795,0.611142531,,,,,,,2019,8
14-Aug-19,0.586932839,0.564266804,,,,,,,2019,8
15-Aug-19,0.628992519,0.588206407,,,,,,,2019,8
16-Aug-19,0.626411555,0.591187143,,,,,,,2019,8
18-Aug-19,0.625535146,0.584209301,,,,,,,2019,8
19-Aug-19,0.620942011,0.595648754,,,,,,,2019,8
20-Aug-19,0.6187559,0.589879707,,,,,,,2019,8
22-Aug-19,0.58960718,0.554821553,,,,,,,2019,8
23-Aug-19,0.582225445,0.553570594,,,,,,,2019,8
24-Aug-19,0.617599831,0.571075923,,,,,,,2019,8
26-Aug-19,0.638415318,0.594605214,,,,,,,2019,8
27-Aug-19,0.621689595,0.595389157,,,,,,,2019,8
28-Aug-19,0.526250742,0.492616024,,,,,,,2019,8
30-Aug-19,0.632118659,0.609661543,,,,,,,2019,8
31-Aug-19,0.632508107,0.594367856,,,,,,,2019,8
01-Sep-19,0.528801594,0.484939511,,,,,,,2019,9
02-Sep-19,0.616580712,0.578833555,,,,,,,2019,9
03-Sep-19,0.634681595,0.616647957,,,,,,,2019,9
04-Sep-19,0.548585509,0.49645928,,,,,,,2019,9
05-Sep-19,0.623989509,0.59117968,,,,,,,2019,9
06-Sep-19,0.628985747,0.58979456,,,,,,,2019,9
07-Sep-19,0.606268227,0.581157823,,,,,,,2019,9
08-Sep-19,0.601669432,0.549993367,,,,,,,2019,9
09-Sep-19,0.626278673,0.586855721,,,,,,,2019,9
10-Sep-19,0.632854372,0.609405582,,,,,,,2019,9
11-Sep-19,0.631665868,0.599417835,,,,,,,2019,9
12-Sep-19,0.623493547,0.587146921,,,,,,,2019,9
14-Sep-19,0.622890805,0.580467164,,,,,,,2019,9
15-Sep-19,0.623577446,0.588518869,,,,,,,2019,9
16-Sep-19,0.620177455,0.575358463,,,,,,,2019,9
18-Sep-19,0.622307091,0.570327294,,,,,,,2019,9
19-Sep-19,0.565575194,0.527585898,,,,,,,2019,9
20-Sep-19,0.541391999,0.505678247,,,,,,,2019,9
22-Sep-19,0.555003059,0.498465476,,,,,,,2019,9
23-Sep-19,0.45659245,0.617270315,,,,,,,2019,9
24-Sep-19,0.513333704,0.487547167,,,,,,,2019,9
26-Sep-19,0.620059615,0.58764511,,,,,,,2019,9
27-Sep-19,0.637758133,0.605534789,,,,,,,2019,9
28-Sep-19,0.621037158,0.59429501,,,,,,,2019,9
29-Sep-19,0.597609857,0.555484293,,,,,,,2019,9
30-Sep-19,0.607842463,0.57471302,,,,,,,2019,9
01-Oct-19,0.625560016,0.582980972,,,,,,,2019,10
02-Oct-19,0.487920506,0.453150911,,,,,,,2019,10
03-Oct-19,0.526939522,0.476629079,,,,,,,2019,10
04-Oct-19,0.438115138,0.418521123,0.162057534,-0.05648496,0.093511322,8.060457319,,2.465110521,2019,10
05-Oct-19,0.635446825,0.589326499,,,,,,,2019,10
06-Oct-19,0.505237801,0.467360421,,,,,,,2019,10
07-Oct-19,0.446159248,0.397132822,,,,,,,2019,10
08-Oct-19,0.580617629,0.54926921,,,,,,,2019,10
09-Oct-19,0.420216576,0.417380876,0.183050703,-0.135091269,0.175526911,7.483785639,,8.416425128,2019,10
11-Oct-19,0.422495074,0.368810948,,,,,,,2019,10
12-Oct-19,0.379409014,0.364540681,,,,,,,2019,10
13-Oct-19,0.366696083,0.392337115,,,,,,,2019,10
15-Oct-19,0.410234242,0.359647344,,,,,,,2019,10
16-Oct-19,0.380681473,0.379042028,,,,,,,2019,10
17-Oct-19,0.378180563,0.391781358,,,,,,,2019,10
19-Oct-19,0.432184724,0.361225356,,,,,,,2019,10
20-Oct-19,0.424982765,0.379379899,,,,,,,2019,10
21-Oct-19,0.630358698,0.597689421,,,,,,,2019,10
23-Oct-19,0.62375184,0.591322405,,,,,,,2019,10
24-Oct-19,0.612679746,0.566839926,,,,,,,2019,10
25-Oct-19,0.403111051,0.360119123,,,,,,,2019,10
26-Oct-19,0.624178042,0.586054188,,,,,,,2019,10
27-Oct-19,0.622335483,0.588239358,,,,,,,2019,10
28-Oct-19,0.58600226,0.521555957,,,,,,,2019,10
29-Oct-19,0.491703704,0.434072006,,,,,,,2019,10
30-Oct-19,0.623025122,0.577647272,,,,,32.10823453,,2019,10
31-Oct-19,0.444932712,0.414151935,,,,,,,2019,10
01-Nov-19,0.618637456,0.569702794,,,,,,,2019,11
02-Nov-19,0.53863948,0.492868167,,,,,,,2019,11
03-Nov-19,0.441557515,0.371592143,,,,,,,2019,11
04-Nov-19,0.633725913,0.581772339,,,,,,,2019,11
04-Nov-19,0.610107699,0.581772339,,,,,,,2019,11
05-Nov-19,0.362841873,0.370854011,,,,,,,2019,11
07-Nov-19,0.399033252,0.338183463,,,,,,,2019,11
08-Nov-19,0.406719502,0.383536394,,,,,,,2019,11
09-Nov-19,0.471685866,0.417992052,,,,,,,2019,11
11-Nov-19,0.630643213,0.585436924,,,,,,,2019,11
12-Nov-19,0.466399521,0.360698435,,,,,,,2019,11
13-Nov-19,0.447194331,0.38990264,,,,,,,2019,11
15-Nov-19,0.46410683,0.363309128,,,,,26.25422498,,2019,11
16-Nov-19,0.417886417,0.355301389,,,,,,,2019,11
16-Nov-19,0.417886417,0.392329837,,,,,,,2019,11
17-Nov-19,0.41727696,0.36782914,,,,,,,2019,11
19-Nov-19,0.492393101,0.450579939,,,,,,,2019,11
20-Nov-19,0.461107113,0.37119281,,,,,,,2019,11
21-Nov-19,0.517727788,0.449964813,,,,,,,2019,11
22-Nov-19,0.468001772,0.404720981,,,,,,,2019,11
23-Nov-19,0.426634659,0.387973289,0.257368845,-0.253095774,0.200408765,7.894015838,,9.584326256,2019,11
24-Nov-19,0.458445478,0.365774897,,,,,,,2019,11
25-Nov-19,0.480826448,0.4240001,,,,,,,2019,11
26-Nov-19,0.492236037,0.408439292,,,,,,,2019,11
27-Nov-19,0.482143433,0.419807343,,,,,,,2019,11
28-Nov-19,0.481695009,0.384059406,0.217647638,-0.224001043,0.226948752,7.743341874,,5.962818889,2019,11
29-Nov-19,0.44321526,0.376547037,,,,,,,2019,11
30-Nov-19,0.443785025,0.365292504,,,,,,,2019,11
01-Dec-19,0.501257063,0.432714795,,,,,27.49652568,,2019,12
01-Dec-19,0.501257063,0.374874119,,,,,27.49652568,,2019,12
02-Dec-19,0.501568037,0.437896719,,,,,,,2019,12
04-Dec-19,0.487744806,0.390405029,,,,,,,2019,12
05-Dec-19,0.439289987,0.379469041,,,,,,,2019,12
05-Dec-19,0.439289987,0.384751341,,,,,,,2019,12
06-Dec-19,0.438342987,0.390895444,,,,,,,2019,12
08-Dec-19,0.557290858,0.478347098,0.125830472,-0.144794649,0.252790452,7.777573412,,3.325703526,2019,12
09-Dec-19,0.438199433,0.33274201,,,,,,,2019,12
09-Dec-19,0.438199433,0.363698021,,,,,,,2019,12
10-Dec-19,0.459183088,0.388268663,,,,,,,2019,12
12-Dec-19,0.480540531,0.364719127,,,,,,,2019,12
13-Dec-19,0.498957833,0.371291639,0.170856764,-0.191745783,0.21762832,7.94078968,,2.794577411,2019,12
14-Dec-19,0.436908684,0.363350303,,,,,,,2019,12
16-Dec-19,0.629033622,0.590713265,,,,,,,2019,12
17-Dec-19,0.621866376,0.563824528,,,,,20.51178022,,2019,12
18-Dec-19,0.63902685,0.599162132,0.166388874,-0.16197989,0.263705194,7.955739158,,3.463756891,2019,12
19-Dec-19,0.630261045,0.579537464,,,,,,,2019,12
20-Dec-19,0.436701909,0.378238032,,,,,,,2019,12
21-Dec-19,0.48716205,0.384901854,,,,,,,2019,12
22-Dec-19,0.441118154,0.369972486,,,,,,,2019,12
23-Dec-19,0.497798756,0.410885195,0.226456356,-0.214668212,0.212203357,8.057121796,,5.336456666,2019,12
24-Dec-19,0.493529929,0.418580352,,,,,,,2019,12
25-Dec-19,0.464236003,0.352537248,,,,,,,2019,12
26-Dec-19,0.62964286,0.575146729,,,,,,,2019,12
27-Dec-19,0.5994266,0.538326469,,,,,,,2019,12
28-Dec-19,0.467794878,0.411149279,0.202180725,-0.157984277,0.221995726,7.94940521,,5.839103519,2019,12
29-Dec-19,0.398818884,0.346840319,,,,,,,2019,12
01-Jan-20,0.486433184,0.616376144,,,,,,,2020,1
01-Jan-20,0.486433184,0.55792229,,,,,,,2020,1
02-Jan-20,0.64046339,0.600685313,,,,,11.63688963,,2020,1
04-Jan-20,0.522188147,0.413747028,,,,,,,2020,1
05-Jan-20,0.64451805,0.609288837,,,,,,,2020,1
05-Jan-20,0.64451805,0.60140847,,,,,,,2020,1
06-Jan-20,0.411416197,0.351123984,,,,,,,2020,1
08-Jan-20,0.442865611,0.334573225,,,,,,,2020,1
09-Jan-20,0.412460073,0.445712245,,,,,,,2020,1
09-Jan-20,0.412460073,0.331882955,,,,,,,2020,1
10-Jan-20,0.433032075,0.377195847,,,,,,,2020,1
12-Jan-20,0.419513692,0.384713792,0.214445095,-0.24347006,0.18033477,8.013823277,,6.225020812,2020,1
13-Jan-20,0.413365419,0.325415426,,,,,,,2020,1
14-Jan-20,0.409978863,0.360889387,,,,,,,2020,1
15-Jan-20,0.488883101,0.424061153,,,,,,,2020,1
16-Jan-20,0.608261293,0.573142385,,,,,,,2020,1
17-Jan-20,0.569397426,0.484832761,0.354022616,-0.279229923,0.182956447,7.789505124,,9.152411116,2020,1
18-Jan-20,0.443257063,0.373165152,,,,,13.93448048,,2020,1
19-Jan-20,0.627266313,0.570896696,,,,,,,2020,1
20-Jan-20,0.639710122,0.606194988,,,,,,,2020,1
21-Jan-20,0.5148588,0.419220734,,,,,,,2020,1
22-Jan-20,0.454332438,0.383254844,,,,,,,2020,1
23-Jan-20,0.423846189,0.342000946,,,,,,,2020,1
24-Jan-20,0.515441492,0.400879045,,,,,,,2020,1
24-Jan-20,0.515441492,0.409372292,,,,,,,2020,1
25-Jan-20,0.384001727,0.360248941,,,,,,,2020,1
27-Jan-20,0.425518362,0.341560122,,,,,,,2020,1
28-Jan-20,0.516985771,0.457514521,,,,,,,2020,1
28-Jan-20,0.38881305,0.457514521,,,,,,,2020,1
28-Jan-20,0.516985771,0.34679559,,,,,,,2020,1
28-Jan-20,0.38881305,0.34679559,,,,,,,2020,1
29-Jan-20,0.427284415,0.391303391,,,,,,,2020,1
31-Jan-20,0.454210246,0.3655019,,,,,,,2020,1
01-Feb-20,0.512791744,0.443303984,0.347258224,-0.259453107,0.175293515,7.773918759,,10.09104245,2020,2
01-Feb-20,0.512791744,0.334736317,0.347258224,-0.259453107,0.175293515,7.773918759,,10.09104245,2020,2
02-Feb-20,0.402550211,0.370536788,,,,,,,2020,2
04-Feb-20,0.444098775,0.352982709,,,,,,,2020,2
05-Feb-20,0.409504079,0.342874592,,,,,,,2020,2
05-Feb-20,0.45146031,0.342874592,,,,,,,2020,2
05-Feb-20,0.409504079,0.380515945,,,,,,,2020,2
05-Feb-20,0.45146031,0.380515945,,,,,,,2020,2
06-Feb-20,0.403623189,0.365834315,0.382912179,-0.276803239,0.162197047,7.639192673,,9.375859982,2020,2
08-Feb-20,0.469479615,0.426088924,,,,,,,2020,2
09-Feb-20,0.466517563,0.37626229,,,,,,,2020,2
10-Feb-20,0.408542819,0.367048659,,,,,,,2020,2
11-Feb-20,0.487621902,0.422146725,0.40262794,-0.274442439,0.163796308,7.703919234,,9.695016214,2020,2
12-Feb-20,0.401127748,0.381276425,,,,,,,2020,2
13-Feb-20,0.4449316,0.363962309,,,,,,,2020,2
14-Feb-20,0.419199137,0.401755049,,,,,,,2020,2
15-Feb-20,0.481211718,0.422045453,,,,,,,2020,2
16-Feb-20,0.424617593,0.429239139,0.45770292,-0.315672324,0.162916845,7.499185391,,10.47568031,2020,2
17-Feb-20,0.449608798,0.378421912,,,,,,,2020,2
18-Feb-20,0.419862813,0.414785463,,,,,,,2020,2
19-Feb-20,0.399869565,0.367501087,,,,,19.60121532,,2020,2
20-Feb-20,0.493681801,0.471024745,,,,,,,2020,2
20-Feb-20,0.493681801,0.382276197,,,,,,,2020,2
21-Feb-20,0.46318654,0.451591953,0.474204591,-0.404205915,0.122809425,7.8476694,,9.81302193,2020,2
23-Feb-20,0.472118105,0.398105493,,,,,,,2020,2
24-Feb-20,0.45120626,0.400496385,,,,,,,2020,2
24-Feb-20,0.45120626,0.400291787,,,,,,,2020,2
25-Feb-20,0.453967686,0.434012657,,,,,,,2020,2
27-Feb-20,0.467216052,0.380654133,,,,,,,2020,2
28-Feb-20,0.413546602,0.385064447,,,,,,,2020,2
29-Feb-20,0.444952136,0.378294562,,,,,,,2020,2
02-Mar-20,0.502490933,0.432063883,0.371875998,-0.258070142,0.125627982,7.966985028,,10.26364811,2020,3
03-Mar-20,0.624630913,0.386713374,,,,,,,2020,3
03-Mar-20,0.624630913,0.575857702,,,,,,,2020,3
04-Mar-20,0.409602918,0.385892637,,,,,,,2020,3
06-Mar-20,0.49230376,0.471953514,,,,,15.81016926,,2020,3
07-Mar-20,0.46553672,0.396137443,0.326780475,-0.218954302,0.171686312,7.708627238,,10.7227023,2020,3
08-Mar-20,0.431082283,0.411694971,,,,,,,2020,3
09-Mar-20,0.541176862,0.497049496,,,,,,,2020,3
10-Mar-20,0.625271506,0.594430756,,,,,,,2020,3
11-Mar-20,0.470901199,0.415539267,,,,,,,2020,3
12-Mar-20,0.47937308,0.448446446,0.509545278,-0.345007915,0.116528972,8.225215775,,11.38084297,2020,3
13-Mar-20,0.630805527,0.585470182,,,,,,,2020,3
14-Mar-20,0.608952605,0.577024837,,,,,,,2020,3
15-Mar-20,0.471665314,0.415241355,,,,,,,2020,3
16-Mar-20,0.49641521,0.468820209,,,,,,,2020,3
17-Mar-20,0.485643316,0.433420225,0.60834841,-0.391553894,0.147192631,8.147067811,,11.33257999,2020,3
18-Mar-20,0.510770033,0.442388221,,,,,,,2020,3
18-Mar-20,0.511489667,0.442388221,,,,,,,2020,3
18-Mar-20,0.510770033,0.494754761,,,,,,,2020,3
18-Mar-20,0.511489667,0.494754761,,,,,,,2020,3
19-Mar-20,0.473910372,0.462872952,,,,,,,2020,3
21-Mar-20,0.512003452,0.451084253,,,,,,,2020,3
22-Mar-20,0.48382409,0.459238704,0.540553374,-0.370549016,0.111795504,8.149685255,24.05163755,11.36212868,2020,3
22-Mar-20,0.48382409,0.427066479,0.540553374,-0.370549016,0.111795504,8.149685255,24.05163755,11.36212868,2020,3
23-Mar-20,0.442498949,0.469333632,,,,,,,2020,3
25-Mar-20,0.520567579,0.474218822,,,,,,,2020,3
26-Mar-20,0.472652597,0.432193943,,,,,,,2020,3
26-Mar-20,0.43870251,0.432193943,,,,,,,2020,3
26-Mar-20,0.472652597,0.464847765,,,,,,,2020,3
26-Mar-20,0.43870251,0.464847765,,,,,,,2020,3
27-Mar-20,0.582952057,0.532113708,,,,,,,2020,3
29-Mar-20,0.525880416,0.449203282,,,,,,,2020,3
30-Mar-20,0.637303472,0.415706615,,,,,,,2020,3
30-Mar-20,0.438957871,0.415706615,,,,,,,2020,3
30-Mar-20,0.637303472,0.597388594,,,,,,,2020,3
30-Mar-20,0.438957871,0.597388594,,,,,,,2020,3
31-Mar-20,0.448963002,0.456740215,,,,,,,2020,3
02-Apr-20,0.555629757,0.566568901,,,,,,,2020,4
03-Apr-20,0.470383141,0.425054765,,,,,,,2020,4
04-Apr-20,0.47309537,0.470479356,,,,,,,2020,4
05-Apr-20,0.585335093,0.566159118,,,,,,,2020,4
06-Apr-20,0.52218116,0.553858614,0.279667529,-0.166579163,0.173713572,7.995205882,,8.416050656,2020,4
07-Apr-20,0.525133751,0.477134861,,,,,31.55249098,,2020,4
08-Apr-20,0.509292091,0.500249384,,,,,,,2020,4
09-Apr-20,0.571617569,0.533388337,,,,,,,2020,4
10-Apr-20,0.547901267,0.554086041,,,,,,,2020,4
11-Apr-20,0.522632216,0.472489213,0.290726765,-0.20008309,0.160588089,7.797690476,,7.51560589,2020,4
12-Apr-20,0.518203355,0.503450346,,,,,,,2020,4
13-Apr-20,0.554207573,0.515106062,,,,,,,2020,4
14-Apr-20,0.570334921,0.586042269,,,,,,,2020,4
15-Apr-20,0.567081829,0.498461329,,,,,,,2020,4
17-Apr-20,0.555846546,0.522165378,,,,,,,2020,4
18-Apr-20,0.505934045,0.487907453,,,,,,,2020,4
18-Apr-20,0.505934045,0.511472219,,,,,,,2020,4
19-Apr-20,0.641265835,0.611180973,,,,,,,2020,4
21-Apr-20,0.632035068,0.57134155,0.339724091,-0.258749982,0.11029049,8.061929941,,5.463592271,2020,4
22-Apr-20,0.508711282,0.497736832,,,,,,,2020,4
22-Apr-20,0.508711282,0.472383395,,,,,,,2020,4
23-Apr-20,0.42521955,0.445171317,,,,,33.3461893,,2020,4
25-Apr-20,0.577008348,0.522596155,,,,,,,2020,4
26-Apr-20,0.487635577,0.470578361,0.289016529,-0.188579304,0.159400372,8.055254935,,2.345991863,2020,4
26-Apr-20,0.487635577,0.44843797,0.289016529,-0.188579304,0.159400372,8.055254935,,2.345991863,2020,4
27-Apr-20,0.46003123,0.443912841,,,,,,,2020,4
29-Apr-20,0.677813384,0.751907444,,,,,,,2020,4
30-Apr-20,0.489517159,0.453629954,,,,,,,2020,4
01-May-20,0.593925983,0.437456047,0.291811344,-0.181214307,0.14485222,8.022568036,,2.790890858,2020,5
02-May-20,0.612953195,0.403653617,,,,,,,2020,5
03-May-20,0.592007531,0.625459095,,,,,,,2020,5
04-May-20,0.53309226,0.485034177,,,,,,,2020,5
05-May-20,0.521470467,0.526279102,,,,,,,2020,5
06-May-20,0.592432253,0.581256744,0.269932092,-0.147025437,0.15163606,8.009255141,,3.583434584,2020,5
07-May-20,0.549999903,0.543592267,,,,,,,2020,5
08-May-20,0.53425787,0.483537369,,,,,,,2020,5
09-May-20,0.523315917,0.515810167,,,,,32.65293324,,2020,5
10-May-20,0.5352069,0.517862476,,,,,,,2020,5
11-May-20,0.574184214,0.565752214,0.085193109,-0.014507832,0.109442114,7.752788663,,39.7268494,2020,5
11-May-20,0.574184214,0.480843176,0.085193109,-0.014507832,0.109442114,7.752788663,,39.7268494,2020,5
12-May-20,0.63454696,0.682616431,,,,,,,2020,5
14-May-20,0.549069241,0.50893693,,,,,,,2020,5
15-May-20,0.509804717,0.464749665,,,,,,,2020,5
15-May-20,0.509804717,0.48025083,,,,,,,2020,5
16-May-20,0.552839589,0.588554462,0.273249162,-0.162295864,0.151961685,8.004423354,,5.560285265,2020,5
18-May-20,0.552400566,0.500848615,,,,,,,2020,5
19-May-20,0.490595189,0.489253605,,,,,,,2020,5
19-May-20,0.521104547,0.489253605,,,,,,,2020,5
19-May-20,0.490595189,0.464708571,,,,,,,2020,5
19-May-20,0.521104547,0.464708571,,,,,,,2020,5
20-May-20,0.539574192,0.54080096,,,,,,,2020,5
22-May-20,0.586260373,0.532767817,,,,,,,2020,5
23-May-20,0.507767127,0.505222575,,,,,,,2020,5
23-May-20,0.52447113,0.505222575,,,,,,,2020,5
23-May-20,0.507767127,0.473533729,,,,,,,2020,5
23-May-20,0.52447113,0.473533729,,,,,,,2020,5
24-May-20,0.53231385,0.525868119,,,,,,,2020,5
26-May-20,0.622937834,0.65193786,0.362248664,-0.208099283,0.143223917,8.039994061,,4.37550686,2020,5
27-May-20,0.51276195,0.46629198,,,,,,,2020,5
28-May-20,0.525264311,0.516723021,,,,,,,2020,5
29-May-20,0.632666487,0.634642067,,,,,,,2020,5
30-May-20,0.584819294,0.586761025,,,,,,,2020,5
31-May-20,0.549221412,0.500763717,0.243730682,-0.132638861,0.113398226,8.073609598,,4.464167756,2020,5
01-Jun-20,0.563150218,0.549268187,,,,,,,2020,6
02-Jun-20,0.602523449,0.572653541,,,,,,,2020,6
03-Jun-20,0.631334421,0.600704999,,,,,,,2020,6
04-Jun-20,0.570665169,0.507399735,,,,,,,2020,6
05-Jun-20,0.485133813,0.456055582,0.28372129,-0.142485823,0.148327334,7.930773341,,4.889056689,2020,6
06-Jun-20,0.625206955,0.585716934,,,,,,,2020,6
07-Jun-20,0.543456802,0.527003422,,,,,,,2020,6
07-Jun-20,0.55984853,0.527003422,,,,,,,2020,6
07-Jun-20,0.543456802,0.457419095,,,,,,,2020,6
07-Jun-20,0.55984853,0.457419095,,,,,,,2020,6
08-Jun-20,0.599320391,0.621556579,,,,,,,2020,6
10-Jun-20,0.520378673,0.462616044,0.206426629,-0.125503025,0.163736026,7.892736107,35.36783159,5.610143608,2020,6
11-Jun-20,0.463155766,0.464827903,,,,,,,2020,6
11-Jun-20,0.463155766,0.424888535,,,,,,,2020,6
12-Jun-20,0.507937966,0.434522256,,,,,,,2020,6
14-Jun-20,0.554977478,0.485777613,,,,,,,2020,6
15-Jun-20,0.612712579,0.447003637,,,,,,,2020,6
15-Jun-20,0.612712579,0.574562626,,,,,,,2020,6
16-Jun-20,0.627572906,0.588935037,,,,,,,2020,6
18-Jun-20,0.574725777,0.506151913,,,,,,,2020,6
19-Jun-20,0.497820608,0.461639838,,,,,,,2020,6
19-Jun-20,0.497820608,0.501655216,,,,,,,2020,6
20-Jun-20,0.554257044,0.505318484,,,,,,,2020,6
22-Jun-20,0.549786276,0.555989905,,,,,,,2020,6
23-Jun-20,0.629195688,0.590229812,,,,,,,2020,6
24-Jun-20,0.625893789,0.583834815,,,,,,,2020,6
25-Jun-20,0.531694296,0.504617593,,,,,,,2020,6
26-Jun-20,0.573384341,0.554128875,,,,,34.47677817,,2020,6
27-Jun-20,0.621239082,0.584629871,,,,,,,2020,6
28-Jun-20,0.612603118,0.580067072,,,,,,,2020,6
29-Jun-20,0.507083196,0.466652677,,,,,,,2020,6
30-Jun-20,0.509060503,0.502717481,0.178043162,-0.098891833,0.186717512,7.884084019,,7.139351678,2020,6
01-Jul-20,0.511370875,0.452286443,,,,,,,2020,7
02-Jul-20,0.607240404,0.575450251,,,,,,,2020,7
03-Jul-20,0.44973337,0.427355389,,,,,,,2020,7
04-Jul-20,0.62154526,0.573079532,,,,,,,2020,7
04-Jul-20,0.62154526,0.580601649,,,,,,,2020,7
05-Jul-20,0.585481485,0.615588169,,,,,,,2020,7
07-Jul-20,0.490297462,0.449598907,,,,,,,2020,7
08-Jul-20,0.597276319,0.608719508,,,,,,,2020,7
08-Jul-20,0.621033981,0.608719508,,,,,,,2020,7
08-Jul-20,0.597276319,0.558723308,,,,,,,2020,7
08-Jul-20,0.621033981,0.558723308,,,,,,,2020,7
09-Jul-20,0.568814018,0.539081376,,,,,,,2020,7
11-Jul-20,0.528417471,0.485633717,,,,,,,2020,7
12-Jul-20,0.621291862,0.594993914,,,,,28.36444915,,2020,7
12-Jul-20,0.621291862,0.496397556,,,,,28.36444915,,2020,7
13-Jul-20,0.630835503,0.596796145,,,,,,,2020,7
15-Jul-20,0.544597272,0.471073685,,,,,,,2020,7
16-Jul-20,0.641640236,0.580310019,,,,,,,2020,7
16-Jul-20,0.641640236,0.615137026,,,,,,,2020,7
17-Jul-20,0.621578042,0.5852839,,,,,,,2020,7
19-Jul-20,0.552811659,0.587627125,,,,,,,2020,7
20-Jul-20,0.592530066,0.561404151,,,,,,,2020,7
21-Jul-20,0.621007858,0.585188895,,,,,,,2020,7
22-Jul-20,0.630645719,0.607880483,,,,,,,2020,7
23-Jul-20,0.53714683,0.543803493,,,,,,,2020,7
24-Jul-20,0.488233605,0.438192554,,,,,,,2020,7
25-Jul-20,0.448034493,0.436784946,,,,,,,2020,7
26-Jul-20,0.532683151,0.500437824,,,,,,,2020,7
27-Jul-20,0.448254018,0.429330698,,,,,,,2020,7
28-Jul-20,0.609462726,0.567700209,,,,,-7.898216492,,2020,7
29-Jul-20,0.486623867,0.459406299,,,,,,,2020,7
30-Jul-20,0.449519923,0.423067532,,,,,,,2020,7
31-Jul-20,0.557598424,0.530729406,,,,,,,2020,7
31-Jul-20,0.631232242,0.530729406,,,,,,,2020,7
31-Jul-20,0.557598424,0.585637421,,,,,,,2020,7
31-Jul-20,0.631232242,0.585637421,,,,,,,2020,7
01-Aug-20,0.531391833,0.505460641,,,,,,,2020,8
03-Aug-20,0.486321582,0.456771119,,,,,,,2020,8
04-Aug-20,0.601660491,0.564453008,,,,,,,2020,8
04-Aug-20,0.396305573,0.564453008,,,,,,,2020,8
04-Aug-20,0.601660491,0.388418581,,,,,,,2020,8
04-Aug-20,0.396305573,0.388418581,,,,,,,2020,8
05-Aug-20,0.62880218,0.599648381,,,,,,,2020,8
07-Aug-20,0.61554795,0.569677908,,,,,,,2020,8
08-Aug-20,0.623968883,0.56596451,,,,,,,2020,8
08-Aug-20,0.604565944,0.56596451,,,,,,,2020,8
08-Aug-20,0.623968883,0.598461117,,,,,,,2020,8
08-Aug-20,0.604565944,0.598461117,,,,,,,2020,8
09-Aug-20,0.623058407,0.582640764,,,,,,,2020,8
11-Aug-20,0.625235589,0.577953555,,,,,,,2020,8
12-Aug-20,0.576078536,0.577739839,,,,,,,2020,8
12-Aug-20,0.621285339,0.577739839,,,,,,,2020,8
12-Aug-20,0.576078536,0.606290961,,,,,,,2020,8
12-Aug-20,0.621285339,0.606290961,,,,,,,2020,8
13-Aug-20,0.624585072,0.590958609,,,,,,,2020,8
15-Aug-20,0.634446332,0.613407168,,,,,,,2020,8
16-Aug-20,0.62928305,0.590415038,,,,,,,2020,8
17-Aug-20,0.631140831,0.597356816,,,,,,,2020,8
18-Aug-20,0.618447501,0.578551238,,,,,,,2020,8
19-Aug-20,0.624266253,0.590674451,,,,,,,2020,8
20-Aug-20,0.625039718,0.58041591,,,,,,,2020,8
21-Aug-20,0.617045902,0.592635163,,,,,,,2020,8
22-Aug-20,0.624553848,0.583931701,,,,,,,2020,8
23-Aug-20,0.62730447,0.596206033,,,,,,,2020,8
24-Aug-20,0.581546778,0.522870152,,,,,,,2020,8
25-Aug-20,0.635443426,0.602713556,,,,,,,2020,8
26-Aug-20,0.630122202,0.595937141,,,,,,,2020,8
27-Aug-20,0.420478261,0.515078463,,,,,,,2020,8
27-Aug-20,0.536639923,0.515078463,,,,,,,2020,8
27-Aug-20,0.420478261,0.355905948,,,,,,,2020,8
27-Aug-20,0.536639923,0.355905948,,,,,,,2020,8
28-Aug-20,0.626431961,0.591872725,,,,,,,2020,8
30-Aug-20,0.622665143,0.583404004,,,,,,,2020,8
31-Aug-20,0.576666186,0.546712129,,,,,,,2020,8
31-Aug-20,0.621170397,0.546712129,,,,,,,2020,8
31-Aug-20,0.576666186,0.585564975,,,,,,,2020,8
31-Aug-20,0.621170397,0.585564975,,,,,,,2020,8
01-Sep-20,0.54021071,0.504375284,,,,,,,2020,9
03-Sep-20,0.630202815,0.595498796,,,,,,,2020,9
04-Sep-20,0.57528768,0.514091207,,,,,,,2020,9
04-Sep-20,0.545871211,0.514091207,,,,,,,2020,9
04-Sep-20,0.57528768,0.539124759,,,,,,,2020,9
04-Sep-20,0.545871211,0.539124759,,,,,,,2020,9
05-Sep-20,0.419259556,0.395781295,,,,,,,2020,9
07-Sep-20,0.404602646,0.350862034,,,,,,,2020,9
08-Sep-20,0.468813494,0.376880581,,,,,,,2020,9
08-Sep-20,0.419337453,0.376880581,,,,,,,2020,9
08-Sep-20,0.468813494,0.43926374,,,,,,,2020,9
08-Sep-20,0.419337453,0.43926374,,,,,,,2020,9
09-Sep-20,0.493887079,0.462359134,,,,,,,2020,9
11-Sep-20,0.546608897,0.539115103,,,,,,,2020,9
12-Sep-20,0.435300462,0.388259237,,,,,,,2020,9
13-Sep-20,0.443602448,0.419760324,,,,,,,2020,9
14-Sep-20,0.435549932,0.412822885,,,,,27.07669243,,2020,9
15-Sep-20,0.439608287,0.425660494,,,,,,,2020,9
16-Sep-20,0.442705078,0.389313475,,,,,,,2020,9
17-Sep-20,0.440762043,0.400797349,,,,,,,2020,9
18-Sep-20,0.524480883,0.469304996,,,,,,,2020,9
19-Sep-20,0.462811938,0.447868146,,,,,,,2020,9
20-Sep-20,0.472288961,0.402559716,,,,,,,2020,9
21-Sep-20,0.445113469,0.398169027,,,,,,,2020,9
22-Sep-20,0.51013472,0.451423869,,,,,,,2020,9
23-Sep-20,0.578655029,0.5373722,,,,,,,2020,9
23-Sep-20,0.563163505,0.5373722,,,,,,,2020,9
23-Sep-20,0.578655029,0.491824752,,,,,,,2020,9
23-Sep-20,0.563163505,0.491824752,,,,,,,2020,9
24-Sep-20,0.627290556,0.593474162,,,,,,,2020,9
26-Sep-20,0.623124863,0.582018844,,,,,,,2020,9
27-Sep-20,0.513187973,0.582518662,,,,,,,2020,9
27-Sep-20,0.620872855,0.582518662,,,,,,,2020,9
27-Sep-20,0.513187973,0.467238965,,,,,,,2020,9
27-Sep-20,0.620872855,0.467238965,,,,,,,2020,9
28-Sep-20,0.614516628,0.592965259,0.205087389,-0.132127839,0.217975142,7.974956543,,5.866619404,2020,9
30-Sep-20,0.548513061,0.485716346,,,,,35.47153831,,2020,9
01-Oct-20,0.410626813,0.367884731,,,,,,,2020,10
01-Oct-20,0.421195642,0.367884731,,,,,,,2020,10
01-Oct-20,0.410626813,0.382040546,,,,,,,2020,10
01-Oct-20,0.421195642,0.382040546,,,,,,,2020,10
02-Oct-20,0.43756707,0.427858251,,,,,,,2020,10
04-Oct-20,0.439784834,0.37449098,,,,,,,2020,10
05-Oct-20,0.413242458,0.374875163,,,,,,,2020,10
05-Oct-20,0.421431203,0.374875163,,,,,,,2020,10
05-Oct-20,0.413242458,0.376480728,,,,,,,2020,10
05-Oct-20,0.421431203,0.376480728,,,,,,,2020,10
06-Oct-20,0.400884432,0.380113176,,,,,,,2020,10
08-Oct-20,0.423868323,0.420083068,,,,,,,2020,10
09-Oct-20,0.421257779,0.372920686,,,,,,,2020,10
10-Oct-20,0.59020247,0.552788263,,,,,,,2020,10
11-Oct-20,0.512786107,0.482833237,,,,,,,2020,10
12-Oct-20,0.456074911,0.409236195,,,,,,,2020,10
13-Oct-20,0.466473642,0.400594281,,,,,,,2020,10
14-Oct-20,0.438959229,0.399910637,,,,,,,2020,10
15-Oct-20,0.501221512,0.434651352,,,,,,,2020,10
16-Oct-20,0.604351873,0.580649763,,,,,31.33425777,,2020,10
17-Oct-20,0.582401374,0.525016643,,,,,,,2020,10
18-Oct-20,0.441497123,0.378869253,0.254190561,-0.189806761,0.249741372,7.991258112,,7.838270425,2020,10
19-Oct-20,0.512009915,0.454002756,,,,,,,2020,10
20-Oct-20,0.502663909,0.397070625,,,,,,,2020,10
20-Oct-20,0.502663909,0.456633577,,,,,,,2020,10
21-Oct-20,0.503103356,0.454958531,,,,,,,2020,10
23-Oct-20,0.498467185,0.410129733,0.342403499,-0.278727881,0.260314653,7.931539693,,5.872915126,2020,10
24-Oct-20,0.469598757,0.387377813,,,,,,,2020,10
24-Oct-20,0.431009981,0.387377813,,,,,,,2020,10
24-Oct-20,0.469598757,0.403225006,,,,,,,2020,10
24-Oct-20,0.431009981,0.403225006,,,,,,,2020,10
25-Oct-20,0.411722731,0.385255171,,,,,,,2020,10
27-Oct-20,0.453456032,0.378417358,,,,,,,2020,10
28-Oct-20,0.427317143,0.373770433,0.222799409,-0.193345774,0.23350779,8.036972868,,4.726266848,2020,10
28-Oct-20,0.420086215,0.373770433,0.222799409,-0.193345774,0.23350779,8.036972868,,4.726266848,2020,10
28-Oct-20,0.427317143,0.38037002,0.222799409,-0.193345774,0.23350779,8.036972868,,4.726266848,2020,10
28-Oct-20,0.420086215,0.38037002,0.222799409,-0.193345774,0.23350779,8.036972868,,4.726266848,2020,10
29-Oct-20,0.447945648,0.404190602,,,,,,,2020,10
31-Oct-20,0.484396309,0.387154362,,,,,,,2020,10
01-Nov-20,0.474456201,0.400581302,,,,,22.16993494,,2020,11
01-Nov-20,0.474456201,0.394980562,,,,,22.16993494,,2020,11
02-Nov-20,0.476151334,0.412186085,0.258232978,-0.201907783,0.24216062,8.003262673,,3.889990367,2020,11
04-Nov-20,0.457199099,0.412147386,,,,,,,2020,11
05-Nov-20,0.477983001,0.389262144,,,,,,,2020,11
06-Nov-20,0.427666509,0.366795759,,,,,,,2020,11
07-Nov-20,0.516618947,0.45685976,0.221670651,-0.195720537,0.233458094,8.086480874,,3.35916509,2020,11
08-Nov-20,0.46470534,0.406330837,,,,,,,2020,11
09-Nov-20,0.498033067,0.405227089,,,,,,,2020,11
10-Nov-20,0.493661519,0.4166722,,,,,,,2020,11
11-Nov-20,0.52357946,0.436144709,,,,,,,2020,11
12-Nov-20,0.531195583,0.461326381,0.148999941,-0.172045652,0.242186969,8.012816343,,3.030400659,2020,11
13-Nov-20,0.512903309,0.408760074,,,,,,,2020,11
14-Nov-20,0.469484475,0.395387696,,,,,,,2020,11
15-Nov-20,0.473461237,0.379845471,,,,,,,2020,11
16-Nov-20,0.519026387,0.458835142,,,,,,,2020,11
16-Nov-20,0.519026387,0.406580651,,,,,,,2020,11
17-Nov-20,0.420391635,0.379948314,0.182246126,-0.20986278,0.229744157,8.001070287,26.49820871,4.578061513,2020,11
19-Nov-20,0.46918171,0.381602759,,,,,,,2020,11
20-Nov-20,0.445258995,0.382797538,,,,,,,2020,11
20-Nov-20,0.445258995,0.390971755,,,,,,,2020,11
21-Nov-20,0.484120588,0.41658313,,,,,,,2020,11
23-Nov-20,0.493277295,0.385666342,,,,,,,2020,11
24-Nov-20,0.407124186,0.341234737,,,,,,,2020,11
24-Nov-20,0.407124186,0.339349988,,,,,,,2020,11
25-Nov-20,0.423363349,0.341983635,,,,,,,2020,11
26-Nov-20,0.431954586,0.336384282,,,,,,,2020,11
28-Nov-20,0.415875496,0.328504494,,,,,,,2020,11
28-Nov-20,0.415875496,0.338188068,,,,,,,2020,11
29-Nov-20,0.419268537,0.334085881,,,,,,,2020,11
01-Dec-20,0.447622107,0.367359738,,,,,,,2020,12
02-Dec-20,0.409721583,0.314279139,0.132680827,-0.151842271,0.252553369,7.867994668,,3.347227976,2020,12
03-Dec-20,0.419748781,0.328568075,,,,,26.06384964,,2020,12
04-Dec-20,0.482209839,0.390283315,,,,,,,2020,12
05-Dec-20,0.43141507,0.347299145,,,,,,,2020,12
06-Dec-20,0.428708193,0.330137233,,,,,,,2020,12
07-Dec-20,0.452527657,0.358126247,0.302641143,-0.237815497,0.205753245,8.029194809,,4.692495829,2020,12
08-Dec-20,0.477677449,0.384682337,,,,,,,2020,12
09-Dec-20,0.483304447,0.331077125,,,,,,,2020,12
09-Dec-20,0.483304447,0.393817738,,,,,,,2020,12
11-Dec-20,0.454887507,0.361300446,,,,,,,2020,12
12-Dec-20,0.440068067,0.347944538,,,,,,,2020,12
13-Dec-20,0.579646849,0.591956837,,,,,,,2020,12
13-Dec-20,0.579646849,0.606900308,,,,,,,2020,12
14-Dec-20,0.575892579,0.606589463,,,,,,,2020,12
15-Dec-20,0.598299033,0.666345991,,,,,,,2020,12
16-Dec-20,0.567512722,0.587607986,,,,,,,2020,12
17-Dec-20,0.583092207,0.624264605,0.366502528,-0.285492017,0.208082674,8.006644789,,6.162116752,2020,12
18-Dec-20,0.454179265,0.376143571,,,,,,,2020,12
19-Dec-20,0.424687203,0.336797719,,,,,23.91121954,,2020,12
21-Dec-20,0.385200041,0.313995577,,,,,,,2020,12
21-Dec-20,0.385200041,0.281467589,,,,,,,2020,12
22-Dec-20,0.396550506,0.292057442,0.155526463,-0.157358483,0.23280154,7.976575589,,6.14622185,2020,12
23-Dec-20,0.41157378,0.303737988,,,,,,,2020,12
25-Dec-20,0.398076275,0.296859614,,,,,,,2020,12
25-Dec-20,0.398076275,0.29643951,,,,,,,2020,12
26-Dec-20,0.425412211,0.333968166,,,,,,,2020,12
28-Dec-20,0.463842388,0.395157317,,,,,,,2020,12
29-Dec-20,0.4028413,0.306642221,,,,,,,2020,12
30-Dec-20,0.459209608,0.382544335,,,,,,,2020,12
31-Dec-20,,0.397836863,,,,,,,2020,12
01-Mar-21,0.488598885,0.418701775,,,,,,,2021,3
02-Mar-21,0.557300117,0.479009636,0.4451396,-0.280166054,0.144513123,8.127927962,,3.804616154,2021,3
03-Mar-21,0.484895358,0.416220066,,,,,,,2021,3
04-Mar-21,0.456487146,0.365948249,,,,,,,2021,3
04-Mar-21,0.456487146,0.429639728,,,,,,,2021,3
06-Mar-21,0.553828289,0.488261553,,,,,,,2021,3
07-Mar-21,0.558985517,0.483943377,0.43002608,-0.27903126,0.121621543,8.226566733,,3.53747042,2021,3
08-Mar-21,0.510596523,0.439249856,,,,,,,2021,3
09-Mar-21,0.475654481,0.411850536,,,,,23.63779709,,2021,3
10-Mar-21,0.48988276,0.408421055,,,,,,,2021,3
12-Mar-21,0.527937435,0.465691885,,,,,,,2021,3
12-Mar-21,0.527937435,0.456420737,,,,,,,2021,3
13-Mar-21,0.593966626,0.634387658,,,,,,,2021,3
14-Mar-21,0.578169819,0.601202713,,,,,,,2021,3
16-Mar-21,0.516772734,0.420154362,,,,,,,2021,3
16-Mar-21,0.516772734,0.463825528,,,,,,,2021,3
17-Mar-21,0.48880785,0.430510539,0.503546507,-0.305841452,0.140499247,8.198285319,,4.371796024,2021,3
19-Mar-21,0.513452087,0.470428323,,,,,,,2021,3
20-Mar-21,0.500624247,0.435596331,,,,,,,2021,3
21-Mar-21,0.483165495,0.409149212,,,,,,,2021,3
22-Mar-21,0.517644973,0.450343403,,,,,,,2021,3
23-Mar-21,0.486531531,0.424027022,,,,,,,2021,3
24-Mar-21,0.477053219,0.396518336,,,,,,,2021,3
25-Mar-21,0.507983848,0.433641083,,,,,27.89176546,,2021,3
26-Mar-21,0.533515477,0.466232246,,,,,,,2021,3
27-Mar-21,0.54314356,0.486407873,0.193978355,-0.095144422,0.178934689,7.849886393,,3.115316057,2021,3
27-Mar-21,0.4891568,0.486407873,0.193978355,-0.095144422,0.178934689,7.849886393,,3.115316057,2021,3
27-Mar-21,0.54314356,0.412760127,0.193978355,-0.095144422,0.178934689,7.849886393,,3.115316057,2021,3
27-Mar-21,0.4891568,0.412760127,0.193978355,-0.095144422,0.178934689,7.849886393,,3.115316057,2021,3
29-Mar-21,0.519672932,0.45619371,,,,,,,2021,3
30-Mar-21,0.505643263,0.437419416,,,,,,,2021,3
31-Mar-21,0.504559767,0.431961442,,,,,,,2021,3
31-Mar-21,0.565468112,0.431961442,,,,,,,2021,3
31-Mar-21,0.504559767,0.507507225,,,,,,,2021,3
31-Mar-21,0.565468112,0.507507225,,,,,,,2021,3
01-Apr-21,0.578101026,0.581807819,0.388660095,-0.202427509,0.173699046,8.068535413,,3.711888026,2021,4
02-Apr-21,0.489749293,0.422010534,,,,,,,2021,4
03-Apr-21,0.539740799,0.486973365,,,,,,,2021,4
04-Apr-21,0.498737164,0.441852028,,,,,,,2021,4
05-Apr-21,0.520900614,0.482182676,,,,,,,2021,4
06-Apr-21,0.525711167,0.457546267,0.353692543,-0.179225043,0.149392888,8.147370776,,2.696555101,2021,4
08-Apr-21,0.465327205,0.470766862,,,,,,,2021,4
08-Apr-21,0.465327205,0.402356867,,,,,,,2021,4
09-Apr-21,0.538271149,0.5004838,,,,,,,2021,4
10-Apr-21,0.538940278,0.479023019,,,,,27.19359604,,2021,4
12-Apr-21,0.510664023,0.464408799,,,,,,,2021,4
12-Apr-21,0.510664023,0.452916877,,,,,,,2021,4
13-Apr-21,0.491358457,0.430461373,,,,,,,2021,4
15-Apr-21,0.588789629,0.602336468,,,,,,,2021,4
16-Apr-21,0.491749505,0.427349104,0.164345642,-0.077162801,0.168615239,7.932349858,,3.411835354,2021,4
17-Apr-21,0.516950939,0.458781452,,,,,,,2021,4
18-Apr-21,0.576951712,0.600827666,,,,,,,2021,4
19-Apr-21,0.548447051,0.52279051,,,,,,,2021,4
20-Apr-21,0.505204822,0.440766358,,,,,,,2021,4
21-Apr-21,0.5593676,0.516718739,,,,,,,2021,4
22-Apr-21,0.584883491,0.548806876,,,,,,,2021,4
23-Apr-21,0.604921254,0.657336365,,,,,,,2021,4
23-Apr-21,0.604921254,0.548661391,,,,,,,2021,4
25-Apr-21,0.534991635,0.482379878,,,,,,,2021,4
26-Apr-21,0.554392026,0.521477054,0.216360128,-0.084328105,0.167404251,8.00220946,31.48688466,3.44736997,2021,4
27-Apr-21,0.577609081,0.446767147,,,,,,,2021,4
27-Apr-21,0.577609081,0.539072687,,,,,,,2021,4
28-Apr-21,0.719998607,0.921273222,,,,,,,2021,4
29-Apr-21,0.492475683,0.450005983,,,,,,,2021,4
30-Apr-21,0.542359038,0.48447005,,,,,,,2021,4
01-May-21,0.515226354,0.468131252,,,,,,,2021,5
02-May-21,0.659408623,0.724531815,,,,,,,2021,5
03-May-21,0.538173649,0.484408305,,,,,,,2021,5
05-May-21,0.469728983,0.406796532,,,,,,,2021,5
05-May-21,0.543504298,0.406796532,,,,,,,2021,5
05-May-21,0.469728983,0.524748409,,,,,,,2021,5
05-May-21,0.543504298,0.524748409,,,,,,,2021,5
06-May-21,0.571566794,0.559538484,0.384574901,-0.209049852,0.167828006,8.094981267,,1.633013759,2021,5
07-May-21,0.526446251,0.451619791,,,,,,,2021,5
10-May-21,0.503764513,0.45529726,,,,,,,2021,5
12-May-21,0.645888145,0.736252476,,,,,32.59363845,,2021,5
14-May-21,0.525163368,0.479217394,,,,,,,2021,5
16-May-21,0.583903816,0.579349342,0.374312659,-0.215858737,0.159137373,8.123806297,,2.513687295,2021,5
17-May-21,0.498772702,0.4296043,,,,,,,2021,5
18-May-21,0.567413565,0.530246435,,,,,,,2021,5
19-May-21,0.577267006,0.521185608,,,,,,,2021,5
20-May-21,0.542958699,0.49485262,,,,,,,2021,5
20-May-21,0.561231373,0.49485262,,,,,,,2021,5
20-May-21,0.542958699,0.546293723,,,,,,,2021,5
20-May-21,0.561231373,0.546293723,,,,,,,2021,5
22-May-21,0.525845538,0.471648348,,,,,,,2021,5
23-May-21,0.591070938,0.638599283,,,,,,,2021,5
24-May-21,0.509835721,0.575874552,,,,,,,2021,5
24-May-21,0.581774836,0.575874552,,,,,,,2021,5
25-May-21,0.588081788,0.598949039,,,,,,,2021,5
26-May-21,0.520294966,0.479832074,0.280015653,-0.137352254,0.166258771,8.112240092,,1.221451575,2021,5
27-May-21,0.538551294,0.48012615,,,,,,,2021,5
28-May-21,0.531528554,0.483282471,,,,,32.30660112,,2021,5
29-May-21,0.58892438,0.59546692,,,,,,,2021,5
30-May-21,0.545437532,0.483699056,,,,,,,2021,5
01-Jun-21,0.54459239,0.469084395,,,,,,,2021,6
02-Jun-21,0.573083898,0.567611655,,,,,,,2021,6
03-Jun-21,0.527410394,0.457266089,,,,,,,2021,6
05-Jun-21,0.498723087,0.437012907,,,,,,,2021,6
06-Jun-21,0.574736418,0.57861396,,,,,,,2021,6
08-Jun-21,0.601184117,0.603482537,,,,,,,2021,6
09-Jun-21,0.556521507,0.535727515,,,,,,,2021,6
11-Jun-21,0.574226345,0.528393435,,,,,,,2021,6
12-Jun-21,0.58015664,0.575680103,,,,,,,2021,6
13-Jun-21,0.502357249,0.436670498,,,,,34.53963137,,2021,6
15-Jun-21,0.594250686,0.624013829,,,,,,,2021,6
16-Jun-21,0.501365672,0.432354376,,,,,,,2021,6
16-Jun-21,0.558285666,0.432354376,,,,,,,2021,6
16-Jun-21,0.501365672,0.525688073,,,,,,,2021,6
16-Jun-21,0.558285666,0.525688073,,,,,,,2021,6
18-Jun-21,0.541085935,0.495235996,,,,,,,2021,6
19-Jun-21,0.594507413,0.636152346,,,,,,,2021,6
20-Jun-21,0.584757448,0.596104162,,,,,,,2021,6
20-Jun-21,0.584757448,0.489375275,,,,,,,2021,6
21-Jun-21,0.548263016,0.525902856,,,,,,,2021,6
22-Jun-21,0.600054629,0.64770408,,,,,,,2021,6
23-Jun-21,0.505475788,0.452440842,,,,,,,2021,6
24-Jun-21,0.567656657,0.567636251,,,,,,,2021,6
25-Jun-21,0.586030407,0.604574313,,,,,,,2021,6
26-Jun-21,0.567790629,0.571496288,,,,,,,2021,6
28-Jun-21,0.502191174,0.449184222,,,,,,,2021,6
28-Jun-21,0.502191174,0.465277323,,,,,,,2021,6
29-Jun-21,0.529781528,0.490061146,,,,,32.08731705,,2021,6
01-Jul-21,0.46273444,0.395605554,,,,,,,2021,7
02-Jul-21,0.409909156,0.320308484,,,,,,,2021,7
02-Jul-21,0.548568105,0.320308484,,,,,,,2021,7
02-Jul-21,0.409909156,0.525563436,,,,,,,2021,7
02-Jul-21,0.548568105,0.525563436,,,,,,,2021,7
03-Jul-21,0.553628536,0.5403037,,,,,,,2021,7
05-Jul-21,0.578237626,0.578343647,0.263345021,-0.118396837,0.1780827,8.072280457,,2.169203164,2021,7
06-Jul-21,0.58065588,0.597515263,,,,,,,2021,7
07-Jul-21,0.560693836,0.535666088,,,,,,,2021,7
08-Jul-21,0.54311505,0.484555385,,,,,,,2021,7
09-Jul-21,0.588694982,0.625103543,,,,,,,2021,7
10-Jul-21,0.496345042,0.426472437,,,,,,,2021,7
11-Jul-21,0.56333554,0.55658242,,,,,,,2021,7
12-Jul-21,0.581265148,0.599775082,,,,,,,2021,7
13-Jul-21,0.53871611,0.635684287,,,,,,,2021,7
13-Jul-21,0.53871611,0.525359863,,,,,,,2021,7
16-Jul-21,0.553408696,0.549159133,,,,,,,2021,7
17-Jul-21,0.598150488,0.547080193,,,,,,,2021,7
17-Jul-21,0.598150488,0.63862085,,,,,,,2021,7
18-Jul-21,0.616236847,0.65836411,,,,,,,2021,7
19-Jul-21,0.57899753,0.60035534,,,,,,,2021,7
20-Jul-21,0.495264244,0.423171048,,,,,,,2021,7
21-Jul-21,0.585280717,0.616005537,,,,,,,2021,7
22-Jul-21,0.588276415,0.612774508,,,,,,,2021,7
25-Jul-21,0.590005728,0.622847163,,,,,,,2021,7
25-Jul-21,0.590005728,0.632118151,,,,,,,2021,7
27-Jul-21,0.590730535,0.629943312,,,,,,,2021,7
29-Jul-21,0.593023094,0.621029309,,,,,,,2021,7
29-Jul-21,0.593023094,0.628499227,,,,,,,2021,7
30-Jul-21,0.587518859,0.620555242,,,,,,,2021,7
02-Aug-21,0.583618303,0.617923639,,,,,,,2021,8
03-Aug-21,0.587343262,0.620219784,,,,,,,2021,8
04-Aug-21,0.593995523,0.625584034,,,,,,,2021,8
06-Aug-21,0.582829146,0.610442005,,,,,,,2021,8
07-Aug-21,0.584697905,0.620566982,,,,,,,2021,8
08-Aug-21,0.583737199,0.616980019,,,,,,,2021,8
09-Aug-21,0.573097622,0.612680269,,,,,,,2021,8
09-Aug-21,0.573097622,0.588118654,,,,,,,2021,8
11-Aug-21,0.589183301,0.618734557,,,,,,,2021,8
12-Aug-21,0.598772333,0.638372279,,,,,,,2021,8
13-Aug-21,0.513641509,0.481973373,,,,,,,2021,8
13-Aug-21,0.513641509,0.464020135,,,,,,,2021,8
14-Aug-21,0.520569159,0.47529378,,,,,,,2021,8
15-Aug-21,0.556712323,0.556803242,,,,,,,2021,8
16-Aug-21,0.481400116,0.412944708,,,,,6.55635525,,2021,8
17-Aug-21,0.471908856,0.402080243,,,,,,,2021,8
18-Aug-21,0.555859807,0.547073525,,,,,,,2021,8
19-Aug-21,0.556036881,0.554551424,,,,,,,2021,8
21-Aug-21,0.59917108,0.632509195,,,,,,,2021,8
21-Aug-21,0.59917108,0.649122995,,,,,,,2021,8
22-Aug-21,0.59673981,0.631460211,,,,,,,2021,8
23-Aug-21,0.602068174,0.657485169,,,,,,,2021,8
25-Aug-21,0.603830547,0.652481063,,,,,,,2021,8
25-Aug-21,0.603830547,0.65118243,,,,,,,2021,8
26-Aug-21,0.602023644,0.647678694,,,,,,,2021,8
28-Aug-21,0.601225961,0.652480021,,,,,,,2021,8
29-Aug-21,0.597840377,0.645830672,,,,,,,2021,8
30-Aug-21,0.489214777,0.436770226,,,,,,,2021,8
31-Aug-21,0.596879605,0.628940677,,,,,,,2021,8
01-Sep-21,0.595460186,0.634885536,,,,,,,2021,9
02-Sep-21,0.592120351,0.62936891,,,,,,,2021,9
03-Sep-21,0.588985165,0.620226725,,,,,,,2021,9
04-Sep-21,0.594948674,0.631113829,,,,,,,2021,9
05-Sep-21,0.51390058,0.46894344,,,,,,,2021,9
05-Sep-21,0.51390058,0.639463985,,,,,,,2021,9
07-Sep-21,0.502172329,0.453697068,,,,,,,2021,9
08-Sep-21,0.547986561,0.536799898,,,,,,,2021,9
09-Sep-21,0.563767168,0.556152173,,,,,,,2021,9
09-Sep-21,0.563767168,0.443125722,,,,,,,2021,9
10-Sep-21,0.585885814,0.626911785,,,,,,,2021,9
11-Sep-21,0.587675449,0.632680202,,,,,,,2021,9
12-Sep-21,0.580931722,0.620138776,,,,,,,2021,9
13-Sep-21,0.52214054,0.492123527,,,,,,,2021,9
14-Sep-21,0.590769415,0.620393478,,,,,,,2021,9
15-Sep-21,0.602725154,0.652929674,,,,,,,2021,9
17-Sep-21,0.545112621,0.52080559,,,,,,,2021,9
17-Sep-21,0.545112621,0.525352401,,,,,,,2021,9
18-Sep-21,0.586152398,0.603861213,,,,,,,2021,9
19-Sep-21,0.577882521,0.603179666,,,,,,,2021,9
21-Sep-21,0.602430564,0.654884889,,,,,,,2021,9
24-Sep-21,0.563032125,0.57843778,,,,,,,2021,9
25-Sep-21,0.586271507,0.61660406,,,,,,,2021,9
26-Sep-21,0.599610136,0.647646823,,,,,,,2021,9
27-Sep-21,0.55014159,0.529426482,,,,,,,2021,9
28-Sep-21,0.501156213,0.46083836,,,,,,,2021,9
29-Sep-21,0.585229146,0.616102797,,,,,,,2021,9
30-Sep-21,0.420083357,0.331733507,,,,,,,2021,9
01-Oct-21,0.512577193,0.458981469,,,,,,,2021,10
02-Oct-21,0.492213275,0.44387715,,,,,,,2021,10
02-Oct-21,0.492213275,0.51459738,,,,,,,2021,10
04-Oct-21,0.440285105,0.358695997,,,,,,,2021,10
05-Oct-21,0.418276967,0.339076967,,,,,,,2021,10
06-Oct-21,0.419362131,0.327532158,,,,,,,2021,10
06-Oct-21,0.482274798,0.327532158,,,,,,,2021,10
06-Oct-21,0.419362131,0.403868185,,,,,,,2021,10
06-Oct-21,0.482274798,0.403868185,,,,,,,2021,10
07-Oct-21,0.444267635,0.394035695,,,,,,,2021,10
08-Oct-21,0.424247774,0.353800569,,,,,,,2021,10
09-Oct-21,0.427211529,0.337566775,,,,,,,2021,10
10-Oct-21,0.434806143,0.361268925,,,,,,,2021,10
11-Oct-21,0.450891788,0.382997303,,,,,,,2021,10
14-Oct-21,0.438916776,0.34877305,,,,,,,2021,10
16-Oct-21,0.444998665,0.354443451,,,,,,,2021,10
19-Oct-21,0.441764751,0.364648274,,,,,33.21975802,,2021,10
23-Oct-21,0.44263286,0.365521334,0.254761202,-0.245139182,0.250242479,8.065589708,,4.214840372,2021,10
24-Oct-21,0.447021611,0.384187225,,,,,,,2021,10
25-Oct-21,0.429571783,0.356945137,,,,,,,2021,10
26-Oct-21,0.427239058,0.341093941,,,,,,,2021,10
29-Oct-21,0.448440368,0.391539932,,,,,,,2021,10
31-Oct-21,0.447371835,0.360121915,,,,,,,2021,10
01-Nov-21,0.436810878,0.352858076,,,,,,,2021,11
02-Nov-21,0.490669861,0.33631994,0.214573361,-0.1908195,0.250592466,8.108567001,,2.344601892,2021,11
02-Nov-21,0.426343507,0.33631994,0.214573361,-0.1908195,0.250592466,8.108567001,,2.344601892,2021,11
03-Nov-21,0.438021518,0.372837155,,,,,,,2021,11
04-Nov-21,0.417325715,0.332668583,,,,,23.74172681,,2021,11
05-Nov-21,0.429728379,0.341959488,,,,,,,2021,11
06-Nov-21,0.431951657,0.353077617,,,,,,,2021,11
07-Nov-21,0.434577673,0.361715506,0.236392022,-0.221078561,0.271471104,8.057160926,,3.376425189,2021,11
08-Nov-21,0.430875786,0.339241375,,,,,,,2021,11
10-Nov-21,0.439954234,0.368591461,,,,,,,2021,11
10-Nov-21,0.420986178,0.368591461,,,,,,,2021,11
10-Nov-21,0.439954234,0.345203513,,,,,,,2021,11
10-Nov-21,0.420986178,0.345203513,,,,,,,2021,11
11-Nov-21,0.46109764,0.398941728,,,,,,,2021,11
12-Nov-21,0.442667386,0.363671624,0.041764135,-0.057035188,-0.01782608,7.403000643,,24.02398909,2021,11
14-Nov-21,0.442091632,0.3663751,,,,,,,2021,11
14-Nov-21,0.442091632,0.514071684,,,,,,,2021,11
15-Nov-21,0.435145804,0.359597694,,,,,,,2021,11
17-Nov-21,0.471631102,0.414314669,,,,,,,2021,11
18-Nov-21,0.424975754,0.340235931,,,,,,,2021,11
19-Nov-21,0.583358755,0.59758117,,,,,,,2021,11
20-Nov-21,0.481077043,0.412222522,,,,,23.81042,,2021,11
21-Nov-21,0.475774616,0.416346904,,,,,,,2021,11
22-Nov-21,0.491726334,0.436877972,,,,,,,2021,11
23-Nov-21,0.453225451,0.371193379,,,,,,,2021,11
24-Nov-21,0.469364671,0.387152564,,,,,,,2021,11
25-Nov-21,0.472965863,0.394559591,,,,,,,2021,11
25-Nov-21,0.472965863,0.338064914,,,,,,,2021,11
27-Nov-21,0.444527334,0.353756653,0.176195943,-0.184946037,0.255707314,8.002175375,,5.465657352,2021,11
28-Nov-21,0.410815244,0.322165023,,,,,,,2021,11
29-Nov-21,0.430265273,0.337286958,,,,,,,2021,11
29-Nov-21,0.430265273,0.406626326,,,,,,,2021,11
30-Nov-21,0.471096715,0.408084383,,,,,,,2021,11
01-Dec-21,0.556069055,0.558850177,,,,,,,2021,12
02-Dec-21,0.447500611,0.358678863,,,,,,,2021,12
03-Dec-21,0.579405585,0.619760394,,,,,,,2021,12
04-Dec-21,0.487700621,0.437389872,,,,,,,2021,12
05-Dec-21,0.470160089,0.407558039,,,,,,,2021,12
07-Dec-21,0.415580425,0.379366031,0.196706797,-0.209896968,0.209857811,7.891162779,,6.2912841,2021,12
07-Dec-21,0.415580425,0.3283378,0.196706797,-0.209896968,0.209857811,7.891162779,,6.2912841,2021,12
08-Dec-21,0.476629247,0.419683192,,,,,,,2021,12
09-Dec-21,0.447611329,0.376861466,,,,,,,2021,12
11-Dec-21,0.443015338,0.366232281,,,,,,,2021,12
11-Dec-21,0.443015338,0.346459749,,,,,,,2021,12
12-Dec-21,0.430600199,0.346725901,0.087443554,-0.108710219,0.259110942,7.707359992,,2.566016455,2021,12
14-Dec-21,0.480936152,0.428680893,,,,,,,2021,12
15-Dec-21,0.413626359,0.326589166,,,,,,,2021,12
16-Dec-21,0.497413008,0.449858645,,,,,,,2021,12
17-Dec-21,0.558950788,0.559599071,,,,,,,2021,12
18-Dec-21,0.503665736,0.463248778,,,,,,,2021,12
19-Dec-21,0.441117249,0.364356785,,,,,,,2021,12
20-Dec-21,0.425399673,0.327573917,,,,,,,2021,12
21-Dec-21,0.46883105,0.393097151,,,,,,,2021,12
22-Dec-21,0.400009742,0.301614535,0.194974578,-0.175321705,0.233206911,7.904004148,23.96363691,7.42352382,2021,12
22-Dec-21,0.400009742,0.379363729,0.194974578,-0.175321705,0.233206911,7.904004148,23.96363691,7.42352382,2021,12
24-Dec-21,0.42784289,0.335158406,,,,,,,2021,12
25-Dec-21,0.409149116,0.31543863,,,,,,,2021,12
26-Dec-21,0.439076529,0.392935269,,,,,,,2021,12
26-Dec-21,0.439076529,0.348174312,,,,,,,2021,12
27-Dec-21,0.458260134,0.399016729,0.291824089,-0.252922933,0.1891377,7.893609402,,8.322028236,2021,12
28-Dec-21,0.418361811,0.339045772,,,,,,,2021,12
29-Dec-21,0.429331411,0.343948965,,,,,,,2021,12
30-Dec-21,0.547778529,0.55053692,,,,,,,2021,12
03-Jan-22,0.549142987,0.38238659,,,,,,,2022,1
03-Jan-22,0.549142987,0.537265119,,,,,,,2022,1
04-Jan-22,0.423396451,0.337057334,,,,,,,2022,1
05-Jan-22,0.402074188,0.306168639,,,,,,,2022,1
07-Jan-22,0.396289887,0.390270694,,,,,21.45760424,,2022,1
07-Jan-22,0.396289887,0.299429867,,,,,21.45760424,,2022,1
08-Jan-22,0.571310011,0.589321637,,,,,,,2022,1
10-Jan-22,0.577893655,0.608236275,,,,,,,2022,1
11-Jan-22,0.45916506,0.397593841,,,,,,,2022,1
12-Jan-22,0.559699635,0.555689656,,,,,,,2022,1
13-Jan-22,0.443600384,0.340919924,,,,,,,2022,1
14-Jan-22,0.438398152,0.358614858,,,,,,,2022,1
15-Jan-22,0.411677134,0.328055908,,,,,,,2022,1
16-Jan-22,0.513197487,0.480180745,,,,,,,2022,1
17-Jan-22,0.456480376,0.376786428,,,,,,,2022,1
18-Jan-22,0.48127896,0.415957179,,,,,,,2022,1
18-Jan-22,0.48127896,0.575604667,,,,,,,2022,1
20-Jan-22,0.422956847,0.325065139,,,,,,,2022,1
21-Jan-22,0.398041674,0.306914391,0.309658365,-0.243828044,0.171781473,8.031051165,,7.837718246,2022,1
22-Jan-22,0.413487087,0.373245214,,,,,,,2022,1
22-Jan-22,0.413487087,0.317883475,,,,,,,2022,1
23-Jan-22,0.553058866,0.552930576,,,,,-15.29246416,,2022,1
24-Jan-22,0.442958042,0.360959623,,,,,,,2022,1
25-Jan-22,0.473795986,0.405776576,,,,,,,2022,1
26-Jan-22,0.446990259,0.368012174,0.374689602,-0.269818413,0.176575018,8.00792298,,8.566512116,2022,1
27-Jan-22,0.418086777,0.326825363,,,,,,,2022,1
28-Jan-22,0.410099732,0.30860401,,,,,,,2022,1
30-Jan-22,0.377742679,0.302900636,,,,,,,2022,1
30-Jan-22,0.377742679,0.279136984,,,,,,,2022,1
31-Jan-22,0.431029008,0.354356612,0.108430288,-0.068979063,0.048370476,7.783439553,,5.360835005,2022,1
01-Feb-22,0.411601925,0.312225471,,,,,,,2022,2
03-Feb-22,0.424095278,0.316664177,,,,,,,2022,2
03-Feb-22,0.424095278,0.325459581,,,,,,,2022,2
04-Feb-22,0.429596875,0.346321413,,,,,,,2022,2
06-Feb-22,0.467767717,0.401574934,,,,,,,2022,2
07-Feb-22,0.429862205,0.341600152,,,,,,,2022,2
08-Feb-22,0.444586096,0.362287115,,,,,18.1851253,,2022,2
09-Feb-22,0.494633135,0.405157918,,,,,,,2022,2
10-Feb-22,0.470546141,0.403975131,0.056708458,-0.057131257,0.050868577,7.841157505,,5.179055805,2022,2
11-Feb-22,0.442176323,0.35400133,,,,,,,2022,2
12-Feb-22,0.456603573,0.36557954,,,,,,,2022,2
13-Feb-22,0.467416746,0.383986498,,,,,,,2022,2
14-Feb-22,0.40885995,0.385512562,,,,,,,2022,2
14-Feb-22,0.40885995,0.312001078,,,,,,,2022,2
16-Feb-22,0.491876329,0.431433277,,,,,,,2022,2
17-Feb-22,0.433309049,0.345575724,,,,,,,2022,2
18-Feb-22,0.44165024,0.34636383,,,,,,,2022,2
18-Feb-22,0.44165024,0.3921474,,,,,,,2022,2
19-Feb-22,0.563493768,0.558349664,,,,,,,2022,2
20-Feb-22,0.548118135,0.545283168,0.033792053,-0.047803384,0.099552017,7.623260985,,1.205571374,2022,2
21-Feb-22,0.559952267,0.560771834,,,,,,,2022,2
22-Feb-22,0.418524919,0.319871333,,,,,,,2022,2
23-Feb-22,0.435486383,0.346937123,,,,,,,2022,2
24-Feb-22,0.442831367,0.347157325,,,,,20.69472376,,2022,2
26-Feb-22,0.427284499,0.340448338,,,,,,,2022,2
26-Feb-22,0.427284499,0.319254008,,,,,,,2022,2
27-Feb-22,0.462015373,0.37720674,,,,,,,2022,2
28-Feb-22,0.450667378,0.358316465,,,,,,,2022,2
02-Mar-22,0.428250593,0.365652164,0.119027659,-0.041308795,0.054145907,7.829329961,,5.760649432,2022,3
02-Mar-22,0.428250593,0.335072641,0.119027659,-0.041308795,0.054145907,7.829329961,,5.760649432,2022,3
03-Mar-22,0.429580566,0.334526076,,,,,,,2022,3
05-Mar-22,,0.435268425,,,,,,,2022,3
06-Mar-22,0.447834954,0.362805879,,,,,,,2022,3
07-Mar-22,0.448998323,0.35488707,,,,,,,2022,3
08-Mar-22,0.517870045,0.436312409,,,,,,,2022,3
09-Mar-22,0.529030054,0.490328252,,,,,,,2022,3
10-Mar-22,0.464366271,0.38561344,,,,,,,2022,3
11-Mar-22,0.494213584,0.413814923,,,,,,,2022,3
12-Mar-22,0.506020484,0.424638134,0.123770695,-0.046065727,0.055198472,7.894680458,24.53197633,6.170114255,2022,3
13-Mar-22,0.505096133,0.429574314,,,,,,,2022,3
13-Mar-22,0.505096133,0.366340979,,,,,,,2022,3
15-Mar-22,0.497056651,0.419678642,,,,,,,2022,3
16-Mar-22,0.472270357,0.387962192,,,,,,,2022,3
17-Mar-22,0.492258197,0.410159175,0.146863083,-0.096765693,0.068042888,7.962654091,,0.441002749,2022,3
17-Mar-22,0.492258197,0.46928844,0.146863083,-0.096765693,0.068042888,7.962654091,,0.441002749,2022,3
18-Mar-22,0.549299153,0.52359796,,,,,,,2022,3
19-Mar-22,0.450168757,0.374428874,,,,,,,2022,3
20-Mar-22,0.497437922,0.417674772,,,,,,,2022,3
21-Mar-22,0.475250877,0.408527875,,,,,,,2022,3
22-Mar-22,0.509965878,0.453464698,0.116786193,-0.064211921,0.061052553,7.939582683,,5.710451969,2022,3
23-Mar-22,0.523536487,0.46720788,,,,,,,2022,3
25-Mar-22,0.522907746,0.401681882,,,,,,,2022,3
25-Mar-22,0.522907746,0.472622547,,,,,,,2022,3
26-Mar-22,0.524671866,0.477060935,,,,,,,2022,3
27-Mar-22,,0.438723434,,,,,,,2022,3
29-Mar-22,0.481338287,0.4076812,,,,,,,2022,3
29-Mar-22,0.496678989,0.4076812,,,,,,,2022,3
29-Mar-22,0.481338287,0.428108668,,,,,,,2022,3
29-Mar-22,0.496678989,0.428108668,,,,,,,2022,3
30-Mar-22,0.478882091,0.414956663,,,,,,,2022,3
01-Apr-22,0.581222193,0.584216016,0.128417506,-0.076621129,0.072114422,7.858017784,,4.48078262,2022,4
02-Apr-22,0.466771152,0.388940281,,,,,,,2022,4
03-Apr-22,0.492784982,0.439043293,,,,,,,2022,4
04-Apr-22,0.592498548,0.550457874,,,,,,,2022,4
05-Apr-22,0.503982428,0.461229697,,,,,,,2022,4
06-Apr-22,0.4942817,0.429314426,0.175925961,-0.083798765,0.080279365,7.903755829,,6.09465669,2022,4
07-Apr-22,0.535706762,0.486742665,,,,,,,2022,4
08-Apr-22,0.581147693,0.53682586,,,,,,,2022,4
09-Apr-22,0.500815339,0.434950596,,,,,,,2022,4
09-Apr-22,0.500815339,0.51909148,,,,,,,2022,4
11-Apr-22,0.543382681,0.495221942,,,,,,,2022,4
12-Apr-22,0.521890339,0.46870886,,,,,,,2022,4
13-Apr-22,0.581878433,0.545200349,,,,,29.50114245,,2022,4
13-Apr-22,0.581878433,0.476245168,,,,,29.50114245,,2022,4
14-Apr-22,0.616435381,0.638312883,,,,,,,2022,4
15-Apr-22,0.509510185,0.465190201,,,,,,,2022,4
16-Apr-22,0.552324054,0.52492802,0.161846777,-0.106450671,0.071171949,7.873103882,,4.322567012,2022,4
17-Apr-22,0.528158038,0.489829131,,,,,,,2022,4
18-Apr-22,0.611957661,0.654525321,,,,,,,2022,4
19-Apr-22,0.554368221,0.503659024,,,,,,,2022,4
21-Apr-22,0.521684354,0.473131632,,,,,,,2022,4
21-Apr-22,0.521684354,0.47680073,,,,,,,2022,4
22-Apr-22,0.592342625,0.628528063,,,,,,,2022,4
23-Apr-22,0.578172849,0.604484944,,,,,,,2022,4
25-Apr-22,0.498347272,0.483358345,,,,,,,2022,4
25-Apr-22,0.498347272,0.43819604,,,,,,,2022,4
26-Apr-22,0.510521875,0.478237695,0.128290347,-0.0566585,0.080977171,7.889238385,,3.370636132,2022,4
28-Apr-22,,0.799003077,,,,,,,2022,4
29-Apr-22,0.473588261,0.409986016,,,,,28.05255902,,2022,4
30-Apr-22,0.524460531,0.482783712,,,,,,,2022,4
01-May-22,0.620623533,0.609107436,0.156204433,-0.074160902,0.082688111,7.865432842,,2.84479288,2022,5
02-May-22,0.607906258,0.634766754,,,,,,,2022,5
03-May-22,0.496620296,0.430249376,,,,,,,2022,5
04-May-22,0.564619044,0.533889439,,,,,,,2022,5
05-May-22,0.604378494,0.577454411,,,,,,,2022,5
06-May-22,0.498973166,0.432502565,0.134010364,-0.048601943,0.094815136,7.839946019,,4.937293699,2022,5
06-May-22,0.498973166,0.582239385,0.134010364,-0.048601943,0.094815136,7.839946019,,4.937293699,2022,5
08-May-22,0.558966458,0.536426665,,,,,,,2022,5
09-May-22,0.547626011,0.509675904,,,,,,,2022,5
10-May-22,0.543130076,0.576385697,,,,,,,2022,5
10-May-22,0.543130076,0.494997027,,,,,,,2022,5
11-May-22,0.691907382,0.856664496,0.200361918,-0.089982242,0.087413547,7.957982691,,3.914554951,2022,5
12-May-22,0.549514759,0.541437622,,,,,,,2022,5
13-May-22,0.55599171,0.518243291,,,,,,,2022,5
14-May-22,0.548252076,0.528121826,,,,,,,2022,5
15-May-22,0.600639803,0.645215302,,,,,32.78440266,,2022,5
16-May-22,0.556746347,0.512133916,0.248797511,-0.114154985,0.099575294,7.994211799,,5.800142577,2022,5
18-May-22,0.568258904,0.501837427,,,,,,,2022,5
18-May-22,0.568258904,0.561827081,,,,,,,2022,5
19-May-22,0.574000028,0.582130461,,,,,,,2022,5
20-May-22,0.554470593,0.511490042,,,,,,,2022,5
22-May-22,0.52738386,0.484391334,,,,,,,2022,5
22-May-22,0.52738386,0.494265284,,,,,,,2022,5
23-May-22,0.547132159,0.539343601,,,,,,,2022,5
25-May-22,0.597670596,0.629394579,,,,,,,2022,5
26-May-22,0.517595493,0.473868741,0.178402382,-0.077084415,0.102806076,7.944581134,,4.102148277,2022,5
27-May-22,0.537284757,0.5140441,,,,,,,2022,5
28-May-22,0.594187211,0.582538464,,,,,,,2022,5
29-May-22,0.581986379,0.596816486,,,,,,,2022,5
30-May-22,0.503465055,0.446487019,,,,,,,2022,5
31-May-22,0.57140487,0.554631267,0.169318015,-0.071436805,0.09114803,7.946786318,24.31457216,3.258134775,2022,5
01-Jun-22,0.589684493,0.565050213,,,,,,,2022,6
02-Jun-22,0.582693943,0.570877852,,,,,,,2022,6
02-Jun-22,0.582693943,0.486849763,,,,,,,2022,6
04-Jun-22,0.557722172,0.527193934,,,,,,,2022,6
05-Jun-22,0.564433521,0.543807164,,,,,,,2022,6
06-Jun-22,0.588512977,0.478002281,,,,,,,2022,6
06-Jun-22,0.588512977,0.565044335,,,,,,,2022,6
07-Jun-22,0.603900648,0.645424463,,,,,,,2022,6
08-Jun-22,0.495590673,0.46000026,,,,,,,2022,6
09-Jun-22,0.561220853,0.518263188,,,,,,,2022,6
10-Jun-22,0.534028283,0.503616511,,,,,,,2022,6
11-Jun-22,0.599972954,0.642422083,,,,,,,2022,6
12-Jun-22,0.564297052,0.519515891,,,,,,,2022,6
14-Jun-22,0.525645879,0.450450923,,,,,,,2022,6
14-Jun-22,0.525645879,0.490680997,,,,,,,2022,6
15-Jun-22,0.572823534,0.586251592,,,,,,,2022,6
16-Jun-22,0.543400222,0.474296511,,,,,22.62461304,,2022,6
18-Jun-22,0.528038895,0.478131983,,,,,,,2022,6
18-Jun-22,0.528038895,0.459397233,,,,,,,2022,6
19-Jun-22,0.530914896,0.498759523,,,,,,,2022,6
21-Jun-22,0.561058699,0.559596863,,,,,,,2022,6
22-Jun-22,0.553565082,0.536573602,,,,,,,2022,6
23-Jun-22,0.49165275,0.450871533,,,,,,,2022,6
24-Jun-22,0.555308312,0.506870168,,,,,,,2022,6
25-Jun-22,0.555059858,0.542942438,,,,,,,2022,6
26-Jun-22,0.474082536,0.409791984,,,,,,,2022,6
27-Jun-22,0.58530397,0.61097002,,,,,,,2022,6
28-Jun-22,0.548951158,0.500643177,,,,,,,2022,6
29-Jun-22,0.5735343,0.579219446,,,,,,,2022,6
29-Jun-22,0.527483393,0.579219446,,,,,,,2022,6
29-Jun-22,0.5735343,0.478917175,,,,,,,2022,6
29-Jun-22,0.527483393,0.478917175,,,,,,,2022,6
