date,Suspended Matter,Year,Month,Day
2018-01-02,0.5988963070071717,2018,01,02
2018-01-03,0.617666522724617,2018,01,03
2018-01-06,0.5479384942002127,2018,01,06
2018-01-07,0.5958598778705452,2018,01,07
2018-01-10,0.5641506337156786,2018,01,10
2018-01-11,0.6176035727640444,2018,01,11
2018-01-14,0.5600742813885128,2018,01,14
2018-01-15,0.6094978490030674,2018,01,15
2018-01-18,0.5786384708955581,2018,01,18
2018-01-19,0.6271224903118995,2018,01,19
2018-01-22,0.553453190089122,2018,01,22
2018-01-23,0.6075639684153527,2018,01,23
2018-01-25,0.5696225646713253,2018,01,25
2018-01-26,0.6096413862534811,2018,01,26
2018-01-29,0.5568150101905457,2018,01,29
2018-01-30,0.6176576056658988,2018,01,30
2018-02-02,0.5633267130466486,2018,02,02
2018-02-03,0.623669855017339,2018,02,03
2018-02-06,0.5760980109544614,2018,02,06
2018-02-07,0.5839433650144018,2018,02,07
2018-02-10,0.6311958391320841,2018,02,10
2018-02-11,0.6247877238950161,2018,02,11
2018-02-14,0.5721184555092492,2018,02,14
2018-02-15,0.5988420483998241,2018,02,15
2018-02-18,0.5516394226672306,2018,02,18
2018-02-19,0.6036199007956672,2018,02,19
2018-02-21,0.5737401949925871,2018,02,21
2018-02-22,0.6530573501612529,2018,02,22
2018-02-25,0.5799553968707672,2018,02,25
2018-02-26,0.5866541657474976,2018,02,26
2018-03-01,0.5897836750504141,2018,03,01
2018-03-02,0.6120364301308013,2018,03,02
2018-03-05,0.5866660445328603,2018,03,05
2018-03-06,0.6238717207601737,2018,03,06
2018-03-09,0.5833439755659466,2018,03,09
2018-03-10,0.6013811641244385,2018,03,10
2018-03-13,0.5597608654741428,2018,03,13
2018-03-14,0.6245169701031263,2018,03,14
2018-03-17,0.5677261605512615,2018,03,17
2018-03-18,0.6086327209535008,2018,03,18
2018-03-20,0.626691435800849,2018,03,20
2018-03-21,0.6168061337952122,2018,03,21
2018-03-23,0.6069208317895753,2018,03,23
2018-03-24,0.6176168972434,2018,03,24
2018-03-25,0.6283129626972245,2018,03,25
2018-03-28,0.6254683817785434,2018,03,28
2018-03-29,0.6226238008598624,2018,03,29
2018-04-02,0.6010585977417633,2018,04,02
2018-04-03,0.6010585977417633,2018,04,03
2018-04-04,0.6007909319320339,2018,04,04
2018-04-05,0.6007909319320339,2018,04,05
2018-04-06,0.6071327688659371,2018,04,06
2018-04-07,0.6412236726696571,2018,04,07
2018-04-08,0.6412236726696571,2018,04,08
2018-04-09,0.6412236726696571,2018,04,09
2018-04-10,0.6030491894379928,2018,04,10
2018-04-11,0.6310498082458261,2018,04,11
2018-04-12,0.6310498082458261,2018,04,12
2018-04-13,0.6310498082458261,2018,04,13
2018-04-14,0.603508157851007,2018,04,14
2018-04-15,0.6180642924509693,2018,04,15
2018-04-16,0.6180642924509693,2018,04,16
2018-04-17,0.6202820524031111,2018,04,17
2018-04-18,0.6406882207881086,2018,04,18
2018-04-19,0.6406882207881086,2018,04,19
2018-04-20,0.6406882207881086,2018,04,20
2018-04-21,0.6173546030032326,2018,04,21
2018-04-22,0.6200199616007736,2018,04,22
2018-04-23,0.6200199616007736,2018,04,23
2018-04-24,0.6200199616007736,2018,04,24
2018-04-25,0.6318440167656261,2018,04,25
2018-04-26,0.6179444540851908,2018,04,26
2018-04-27,0.6179444540851908,2018,04,27
2018-04-28,0.6179444540851908,2018,04,28
2018-04-29,0.6156122120502777,2018,04,29
2018-04-30,,2018,04,30
2018-05-02,0.6125189056870047,2018,05,02
2018-05-03,0.6125641905885718,2018,05,03
2018-05-04,0.6125641905885718,2018,05,04
2018-05-05,0.6125641905885718,2018,05,05
2018-05-06,0.6499263464291917,2018,05,06
2018-05-07,0.6173239806827162,2018,05,07
2018-05-08,0.6173239806827162,2018,05,08
2018-05-09,0.6173239806827162,2018,05,09
2018-05-10,0.6417255565108598,2018,05,10
2018-05-11,0.6083117565668751,2018,05,11
2018-05-12,0.6083117565668751,2018,05,12
2018-05-13,0.637881193679192,2018,05,13
2018-05-14,0.6157518423370392,2018,05,14
2018-05-15,0.6157518423370392,2018,05,15
2018-05-16,0.610308196591558,2018,05,16
2018-05-17,0.6271827946455919,2018,05,17
2018-05-18,0.6134703121595722,2018,05,18
2018-05-19,0.6134703121595722,2018,05,19
2018-05-20,0.6223716357813658,2018,05,20
2018-05-21,0.6195710955799403,2018,05,21
2018-05-22,0.6193968238208437,2018,05,22
2018-05-23,0.6193968238208437,2018,05,23
2018-05-24,0.6193968238208437,2018,05,24
2018-05-25,0.6133712868911789,2018,05,25
2018-05-26,0.5950195181772908,2018,05,26
2018-05-27,0.5950195181772908,2018,05,27
2018-05-28,0.5950195181772908,2018,05,28
2018-05-29,0.6334378674925312,2018,05,29
2018-05-30,0.6238643363334199,2018,05,30
2018-05-31,0.6238643363334199,2018,05,31
2018-06-02,0.5833949100137014,2018,06,02
2018-06-03,0.6296504767567546,2018,06,03
2018-06-04,0.6296504767567546,2018,06,04
2018-06-05,0.6296504767567546,2018,06,05
2018-06-06,0.6205422264466229,2018,06,06
2018-06-07,0.6188367867208592,2018,06,07
2018-06-08,0.6188367867208592,2018,06,08
2018-06-09,0.6138058179693503,2018,06,09
2018-06-10,0.6124181184724571,2018,06,10
2018-06-11,0.6124181184724571,2018,06,11
2018-06-12,0.6124181184724571,2018,06,12
2018-06-13,0.6037670429638893,2018,06,13
2018-06-14,0.602988423781191,2018,06,14
2018-06-15,0.602988423781191,2018,06,15
2018-06-16,0.602988423781191,2018,06,16
2018-06-17,0.5022314985880082,2018,06,17
2018-06-18,0.5335100035772598,2018,06,18
2018-06-19,0.5335100035772598,2018,06,19
2018-06-20,0.5335100035772598,2018,06,20
2018-06-21,0.6076590842812717,2018,06,21
2018-06-22,0.5959384298483821,2018,06,22
2018-06-23,0.5959384298483821,2018,06,23
2018-06-24,0.5959384298483821,2018,06,24
2018-06-25,0.5819368618415124,2018,06,25
2018-06-26,0.5910011493142698,2018,06,26
2018-06-27,0.5910011493142698,2018,06,27
2018-06-28,0.5910011493142698,2018,06,28
2018-06-29,0.6291773667943636,2018,06,29
2018-06-30,0.5976865697237249,2018,06,30
2018-07-01,0.5976865697237249,2018,07,01
2018-07-02,0.5976865697237249,2018,07,02
2018-07-03,0.589059025733724,2018,07,03
2018-07-04,0.590047182542049,2018,07,04
2018-07-05,0.590047182542049,2018,07,05
2018-07-06,0.595511801564913,2018,07,06
2018-07-07,0.5530800369427051,2018,07,07
2018-07-08,0.5530800369427051,2018,07,08
2018-07-09,0.5530800369427051,2018,07,09
2018-07-10,0.5885935660334971,2018,07,10
2018-07-11,0.6154907116408557,2018,07,11
2018-07-12,0.6154907116408557,2018,07,12
2018-07-13,0.6154907116408557,2018,07,13
2018-07-14,0.5966645745322159,2018,07,14
2018-07-15,0.6222818139894721,2018,07,15
2018-07-16,0.6222818139894721,2018,07,16
2018-07-17,0.6222818139894721,2018,07,17
2018-07-18,0.6026302306683076,2018,07,18
2018-07-19,0.6258417237756388,2018,07,19
2018-07-20,0.6258417237756388,2018,07,20
2018-07-21,0.6258417237756388,2018,07,21
2018-07-22,0.6109186065646349,2018,07,22
2018-07-23,0.6047588410864035,2018,07,23
2018-07-24,0.6047588410864035,2018,07,24
2018-07-25,0.6047588410864035,2018,07,25
2018-07-26,0.6270666728633689,2018,07,26
2018-07-27,0.6015794678697797,2018,07,27
2018-07-28,0.6015794678697797,2018,07,28
2018-07-29,0.6015794678697797,2018,07,29
2018-07-30,0.6205379251589802,2018,07,30
2018-07-31,0.5498344303267998,2018,07,31
2018-08-02,0.5894007003212122,2018,08,02
2018-08-03,0.5908978565877638,2018,08,03
2018-08-04,0.5908978565877638,2018,08,04
2018-08-05,0.5908978565877638,2018,08,05
2018-08-06,0.6137390613728695,2018,08,06
2018-08-07,0.6276935296910041,2018,08,07
2018-08-08,0.6276935296910041,2018,08,08
2018-08-09,0.6276935296910041,2018,08,09
2018-08-10,0.6269476898726034,2018,08,10
2018-08-11,0.6354357233344459,2018,08,11
2018-08-12,0.6354357233344459,2018,08,12
2018-08-13,0.6354357233344459,2018,08,13
2018-08-14,0.6166187129622346,2018,08,14
2018-08-15,0.6031792631850065,2018,08,15
2018-08-16,0.6031792631850065,2018,08,16
2018-08-17,0.6031792631850065,2018,08,17
2018-08-18,0.6053215432020456,2018,08,18
2018-08-19,0.6265277773918303,2018,08,19
2018-08-20,0.6265277773918303,2018,08,20
2018-08-21,0.6265277773918303,2018,08,21
2018-08-22,0.6240988591344239,2018,08,22
2018-08-23,0.6272484717773164,2018,08,23
2018-08-24,0.6272484717773164,2018,08,24
2018-08-25,0.6272484717773164,2018,08,25
2018-08-26,0.6270653130730494,2018,08,26
2018-08-27,0.6346355031787665,2018,08,27
2018-08-28,0.6346355031787665,2018,08,28
2018-08-29,0.6263920851873426,2018,08,29
2018-08-30,0.622943781199514,2018,08,30
2018-09-02,0.6298557821757435,2018,09,02
2018-09-03,0.629282336653607,2018,09,03
2018-09-06,0.5718389376318476,2018,09,06
2018-09-07,0.6285950294109779,2018,09,07
2018-09-10,0.6324444702609393,2018,09,10
2018-09-11,0.5744017541341752,2018,09,11
2018-09-14,0.5771612434967068,2018,09,14
2018-09-15,0.5230583314778892,2018,09,15
2018-09-18,0.5273386768611552,2018,09,18
2018-09-19,0.5414563902540533,2018,09,19
2018-09-22,0.5367041400476887,2018,09,22
2018-09-23,0.6265428830368571,2018,09,23
2018-09-25,0.6241795927340017,2018,09,25
2018-09-26,0.5372933370245725,2018,09,26
2018-09-29,0.5154519843182526,2018,09,29
2018-09-30,0.5222354705414576,2018,09,30
2018-10-03,0.513134910282974,2018,10,03
2018-10-04,0.5132195583498823,2018,10,04
2018-10-07,0.5164213177865455,2018,10,07
2018-10-08,0.5081582093925927,2018,10,08
2018-10-11,0.5364510415745483,2018,10,11
2018-10-12,0.5372955350199006,2018,10,12
2018-10-15,0.5361470328866356,2018,10,15
2018-10-16,0.5570101877161803,2018,10,16
2018-10-19,0.5500243126223275,2018,10,19
2018-10-20,0.5490109530901737,2018,10,20
2018-10-22,0.5542154327676587,2018,10,22
2018-10-23,0.5806921485764057,2018,10,23
2018-10-26,0.5578853577204415,2018,10,26
2018-10-27,0.5703128441115544,2018,10,27
2018-10-30,0.5639131687969623,2018,10,30
2018-10-31,0.5511322924595877,2018,10,31
2018-11-02,0.5815298450167753,2018,11,02
2018-11-03,0.5399299884382207,2018,11,03
2018-11-04,0.5819758508816779,2018,11,04
2018-11-06,0.5637181724982224,2018,11,06
2018-11-07,0.5454095354649435,2018,11,07
2018-11-08,0.5533556110920441,2018,11,08
2018-11-10,0.5546076642293899,2018,11,10
2018-11-11,0.540755075623924,2018,11,11
2018-11-12,0.592802428899584,2018,11,12
2018-11-14,0.5753362819454845,2018,11,14
2018-11-15,0.5544476934471108,2018,11,15
2018-11-16,0.5734561585284015,2018,11,16
2018-11-17,0.5712124441217097,2018,11,17
2018-11-18,0.5612281490718782,2018,11,18
2018-11-19,0.5866641323161179,2018,11,19
2018-11-21,0.586954029456731,2018,11,21
2018-11-22,0.5518942591860052,2018,11,22
2018-11-23,0.5639119689088804,2018,11,23
2018-11-25,0.5712268350055109,2018,11,25
2018-11-26,0.5594670487899804,2018,11,26
2018-11-27,0.5612406460824496,2018,11,27
2018-11-29,0.5887124253358731,2018,11,29
2018-11-30,0.5610193258108045,2018,11,30
2018-12-01,0.5623690660575463,2018,12,01
2018-12-02,0.5623690660575463,2018,12,02
2018-12-03,0.5767557584277184,2018,12,03
2018-12-04,0.5459324900468719,2018,12,04
2018-12-05,0.5974687581450001,2018,12,05
2018-12-06,0.6012528381836773,2018,12,06
2018-12-07,0.5699326364028398,2018,12,07
2018-12-08,0.5358969439902431,2018,12,08
2018-12-09,0.5803186955163407,2018,12,09
2018-12-10,0.578049647317238,2018,12,10
2018-12-11,0.5779482399348747,2018,12,11
2018-12-12,0.5464757367504558,2018,12,12
2018-12-13,0.5833242885479727,2018,12,13
2018-12-14,0.577129552218828,2018,12,14
2018-12-15,0.5718004232882674,2018,12,15
2018-12-16,0.5865135769452636,2018,12,16
2018-12-18,0.5675147305656184,2018,12,18
2018-12-19,0.5600357163056703,2018,12,19
2018-12-20,0.5981160813904217,2018,12,20
2018-12-22,0.5803247187515318,2018,12,22
2018-12-23,0.560163668980077,2018,12,23
2018-12-24,0.5834716549804453,2018,12,24
2018-12-26,0.5964754195871683,2018,12,26
2018-12-27,0.5729887866486607,2018,12,27
2018-12-28,0.584663761945097,2018,12,28
2018-12-29,0.584663761945097,2018,12,29
2018-12-30,0.6211672171241978,2018,12,30
2019-01-01,0.6260623031891198,2019,01,01
2019-01-02,0.6260623031891198,2019,01,02
2019-01-03,0.5872802871748402,2019,01,03
2019-01-04,0.5663406500937884,2019,01,04
2019-01-05,0.6020867679811649,2019,01,05
2019-01-06,0.599599241388269,2019,01,06
2019-01-07,0.604084321783824,2019,01,07
2019-01-08,0.5989825763427041,2019,01,08
2019-01-09,0.5810542537389144,2019,01,09
2019-01-10,0.5620099792746855,2019,01,10
2019-01-11,0.5829295534236573,2019,01,11
2019-01-12,0.6127795611773664,2019,01,12
2019-01-14,0.6033057877357059,2019,01,14
2019-01-15,0.5633203609591433,2019,01,15
2019-01-16,0.6049451370688285,2019,01,16
2019-01-18,0.6026050434558571,2019,01,18
2019-01-19,0.577446658087674,2019,01,19
2019-01-20,0.6128652687881606,2019,01,20
2019-01-22,0.6121615880680392,2019,01,22
2019-01-23,0.5878073081550997,2019,01,23
2019-01-24,0.5996284069856602,2019,01,24
2019-01-25,0.5996284069856602,2019,01,25
2019-01-26,0.6458209559608314,2019,01,26
2019-01-27,0.5574563290387138,2019,01,27
2019-01-28,0.6064921549143689,2019,01,28
2019-01-29,0.585058190602158,2019,01,29
2019-01-30,0.6136188636102557,2019,01,30
2019-01-31,0.5681526714227381,2019,01,31
2019-02-01,0.6097172175412896,2019,02,01
2019-02-02,0.6280568113732427,2019,02,02
2019-02-03,0.5939117386970479,2019,02,03
2019-02-04,0.5574504005224726,2019,02,04
2019-02-05,0.5729159131604745,2019,02,05
2019-02-06,0.5790217132439532,2019,02,06
2019-02-07,0.5929893525576886,2019,02,07
2019-02-08,0.5820587227003639,2019,02,08
2019-02-10,0.5798778662211876,2019,02,10
2019-02-11,0.5897185048297708,2019,02,11
2019-02-12,0.6117075306077363,2019,02,12
2019-02-14,0.6116750093495061,2019,02,14
2019-02-15,0.5652732756294752,2019,02,15
2019-02-16,0.5815680989053696,2019,02,16
2019-02-18,0.58056552050048,2019,02,18
2019-02-19,0.5639925991235428,2019,02,19
2019-02-20,0.5717996980191346,2019,02,20
2019-02-21,0.5717996980191346,2019,02,21
2019-02-22,0.59327639924326,2019,02,22
2019-02-23,0.5659624746697195,2019,02,23
2019-02-24,0.6051823955234472,2019,02,24
2019-02-25,0.5999732468729202,2019,02,25
2019-02-26,0.6161183669180731,2019,02,26
2019-02-27,0.6204762766165131,2019,02,27
2019-02-28,0.6032390097342248,2019,02,28
2019-03-01,0.6190321918021605,2019,03,01
2019-03-02,0.6263058872709488,2019,03,02
2019-03-03,0.5788631275290395,2019,03,03
2019-03-04,0.6303944994131678,2019,03,04
2019-03-05,0.6109232019382569,2019,03,05
2019-03-06,0.6016564452786437,2019,03,06
2019-03-07,0.625320910239987,2019,03,07
2019-03-09,0.6177380265498762,2019,03,09
2019-03-10,0.5980943030733201,2019,03,10
2019-03-11,0.6309406219145717,2019,03,11
2019-03-13,0.6278933935681148,2019,03,13
2019-03-14,0.5997125664384707,2019,03,14
2019-03-15,0.5969953110672422,2019,03,15
2019-03-17,0.6150890409518305,2019,03,17
2019-03-18,0.6032439878057987,2019,03,18
2019-03-19,0.6121200244515369,2019,03,19
2019-03-20,0.6121200244515369,2019,03,20
2019-03-21,0.6204191761994595,2019,03,21
2019-03-22,0.5833785909594345,2019,03,22
2019-03-23,0.6249170035175261,2019,03,23
2019-03-24,0.6394650734644783,2019,03,24
2019-03-25,0.6148289494473814,2019,03,25
2019-03-26,0.60005498703786,2019,03,26
2019-03-27,0.6407772732653098,2019,03,27
2019-03-28,0.6421724702718165,2019,03,28
2019-03-29,0.6534208715052676,2019,03,29
2019-03-30,0.6007259761054602,2019,03,30
2019-03-31,0.6384215205540738,2019,03,31
2019-04-01,0.6453715599995918,2019,04,01
2019-04-02,0.6340405123317328,2019,04,02
2019-04-03,0.6395724752040983,2019,04,03
2019-04-04,0.6395724752040983,2019,04,04
2019-04-05,0.6225672433295567,2019,04,05
2019-04-06,0.634052304125118,2019,04,06
2019-04-07,0.6337275678119906,2019,04,07
2019-04-08,0.6337275678119906,2019,04,08
2019-04-09,0.6208744974002117,2019,04,09
2019-04-10,0.6279109692305397,2019,04,10
2019-04-11,0.6243725641267375,2019,04,11
2019-04-12,0.6243725641267375,2019,04,12
2019-04-13,0.604439445511128,2019,04,13
2019-04-14,0.6251258536587551,2019,04,14
2019-04-15,0.6172596231744929,2019,04,15
2019-04-16,0.6188041786088383,2019,04,16
2019-04-17,0.6328077160850724,2019,04,17
2019-04-18,0.6210085351760783,2019,04,18
2019-04-19,0.6232489622817913,2019,04,19
2019-04-20,0.6225232190935162,2019,04,20
2019-04-21,0.6584397411548446,2019,04,21
2019-04-22,0.592383899897458,2019,04,22
2019-04-23,0.6456907372009831,2019,04,23
2019-04-24,0.6332123425307284,2019,04,24
2019-04-25,0.628169483133684,2019,04,25
2019-04-26,0.6098720286727494,2019,04,26
2019-04-27,0.6360080698863099,2019,04,27
2019-04-28,0.6278731003650694,2019,04,28
2019-04-29,0.6091991145937754,2019,04,29
2019-04-30,0.625853580320361,2019,04,30
2019-05-02,0.6088424976309874,2019,05,02
2019-05-03,0.5740037695304647,2019,05,03
2019-05-04,0.6353850273622438,2019,05,04
2019-05-05,0.6353850273622438,2019,05,05
2019-05-06,0.6083425589831195,2019,05,06
2019-05-07,0.6249829279757395,2019,05,07
2019-05-08,0.6229175099328271,2019,05,08
2019-05-09,0.6229175099328271,2019,05,09
2019-05-10,0.6251013763603719,2019,05,10
2019-05-11,0.6248610344610015,2019,05,11
2019-05-12,0.6244825381274828,2019,05,12
2019-05-13,0.6311077410558467,2019,05,13
2019-05-14,0.6337214643420616,2019,05,14
2019-05-15,0.6152941654883688,2019,05,15
2019-05-16,0.6305832678342996,2019,05,16
2019-05-17,0.6276655455224603,2019,05,17
2019-05-18,0.6362937085897657,2019,05,18
2019-05-19,0.595984081889171,2019,05,19
2019-05-20,0.6456675347120998,2019,05,20
2019-05-21,0.6452634202775857,2019,05,21
2019-05-22,0.6325732490539899,2019,05,22
2019-05-23,0.6124245901727938,2019,05,23
2019-05-24,0.6541665922864576,2019,05,24
2019-05-25,0.6473163339822551,2019,05,25
2019-05-26,0.6240745546274455,2019,05,26
2019-05-27,0.6270194669502375,2019,05,27
2019-05-29,0.6270194669502375,2019,05,29
2019-05-30,0.6088264594075328,2019,05,30
2019-05-31,0.5857715151935766,2019,05,31
2019-06-02,0.6175916886043072,2019,06,02
2019-06-03,0.6208590662287417,2019,06,03
2019-06-04,0.6353820281578535,2019,06,04
2019-06-06,0.6237005702100374,2019,06,06
2019-06-07,0.6228942129830287,2019,06,07
2019-06-08,0.6236675999754779,2019,06,08
2019-06-09,0.6236675999754779,2019,06,09
2019-06-10,0.6232048240556605,2019,06,10
2019-06-11,0.6141820153117535,2019,06,11
2019-06-12,0.652094012723002,2019,06,12
2019-06-13,0.6520633895109607,2019,06,13
2019-06-14,0.6282138451061852,2019,06,14
2019-06-15,0.6050764781605035,2019,06,15
2019-06-16,0.6440893152634108,2019,06,16
2019-06-17,0.6464163637176696,2019,06,17
2019-06-18,0.6259760419643506,2019,06,18
2019-06-19,0.6235015156825319,2019,06,19
2019-06-20,0.6309539174937053,2019,06,20
2019-06-21,0.6304385589547405,2019,06,21
2019-06-22,0.618756773723816,2019,06,22
2019-06-23,0.5777565653232508,2019,06,23
2019-06-25,0.6137459243660617,2019,06,25
2019-06-26,0.5944504774670062,2019,06,26
2019-06-27,0.6274481786567933,2019,06,27
2019-06-29,0.6114823400947239,2019,06,29
2019-06-30,0.6113774362454943,2019,06,30
2019-07-01,0.6359733770634897,2019,07,01
2019-07-03,0.6296771190274199,2019,07,03
2019-07-04,0.6327818132090264,2019,07,04
2019-07-05,0.6287046098276442,2019,07,05
2019-07-06,0.6287046098276442,2019,07,06
2019-07-07,0.6247475667243368,2019,07,07
2019-07-08,0.6290353678729959,2019,07,08
2019-07-09,0.6289000284561309,2019,07,09
2019-07-10,0.6307362950037136,2019,07,10
2019-07-11,0.6021073876289572,2019,07,11
2019-07-12,0.624516566507394,2019,07,12
2019-07-13,0.5956914477935601,2019,07,13
2019-07-14,0.5835174272581142,2019,07,14
2019-07-15,0.568525850757107,2019,07,15
2019-07-16,0.6141436783778058,2019,07,16
2019-07-17,0.6489323728015581,2019,07,17
2019-07-18,0.578034623578008,2019,07,18
2019-07-19,0.5567215143559149,2019,07,19
2019-07-20,0.5781060401369996,2019,07,20
2019-07-22,0.5787383628142613,2019,07,22
2019-07-23,0.4884966518407906,2019,07,23
2019-07-24,0.5208661968580284,2019,07,24
2019-07-26,0.5643998929458693,2019,07,26
2019-07-27,0.5749109525545526,2019,07,27
2019-07-28,0.6225741779774212,2019,07,28
2019-07-30,0.6318414651050489,2019,07,30
2019-07-31,0.628688432676803,2019,07,31
2019-08-01,0.6258548862334024,2019,08,01
2019-08-02,0.6258548862334024,2019,08,02
2019-08-03,0.6263076284699629,2019,08,03
2019-08-04,0.6235829819182933,2019,08,04
2019-08-05,0.6304679624314554,2019,08,05
2019-08-06,0.6289393557861631,2019,08,06
2019-08-07,0.6123521139402978,2019,08,07
2019-08-08,0.5718102100719055,2019,08,08
2019-08-09,0.6200544695381618,2019,08,09
2019-08-10,0.6236893038281629,2019,08,10
2019-08-11,0.6347061953630497,2019,08,11
2019-08-12,0.6246122228423087,2019,08,12
2019-08-13,0.6372564527643197,2019,08,13
2019-08-14,0.5745670160265189,2019,08,14
2019-08-15,0.6259150337121092,2019,08,15
2019-08-16,0.6262663819859382,2019,08,16
2019-08-18,0.6249386089431872,2019,08,18
2019-08-19,0.6268227870420335,2019,08,19
2019-08-20,0.6232759157658253,2019,08,20
2019-08-22,0.6125664291401122,2019,08,22
2019-08-23,0.607696674853253,2019,08,23
2019-08-24,0.6229847335756644,2019,08,24
2019-08-26,0.6378882000355175,2019,08,26
2019-08-27,0.6283129239005225,2019,08,27
2019-08-28,0.5466183916241416,2019,08,28
2019-08-29,0.5466183916241416,2019,08,29
2019-08-30,0.5382225668826734,2019,08,30
2019-08-31,0.6272056003742348,2019,08,31
2019-09-01,0.6030126497704406,2019,09,01
2019-09-02,0.6058855516865174,2019,09,02
2019-09-03,0.6170835805674444,2019,09,03
2019-09-04,0.5806206663722249,2019,09,04
2019-09-05,0.6172545707818102,2019,09,05
2019-09-06,0.6256383986727638,2019,09,06
2019-09-07,0.5132822752439209,2019,09,07
2019-09-08,0.5931814836574271,2019,09,08
2019-09-09,0.6275918120052909,2019,09,09
2019-09-10,0.6089443585369984,2019,09,10
2019-09-11,0.633175595256681,2019,09,11
2019-09-12,0.6238078474994264,2019,09,12
2019-09-14,0.6226682433060996,2019,09,14
2019-09-15,0.6255863403101845,2019,09,15
2019-09-16,0.6310801554532153,2019,09,16
2019-09-18,0.6248556599765405,2019,09,18
2019-09-19,0.6038119662907323,2019,09,19
2019-09-20,0.5142908438045665,2019,09,20
2019-09-22,0.6023549592052571,2019,09,22
2019-09-23,0.5160567488031078,2019,09,23
2019-09-24,0.579154567285117,2019,09,24
2019-09-25,0.579154567285117,2019,09,25
2019-09-26,0.6214417792220447,2019,09,26
2019-09-27,0.6330192004445163,2019,09,27
2019-09-28,0.6186109822125543,2019,09,28
2019-09-29,0.6235842774853553,2019,09,29
2019-09-30,0.6344892271154895,2019,09,30
2019-10-01,0.6245555315429946,2019,10,01
2019-10-02,0.5545959202484195,2019,10,02
2019-10-03,0.5472194307374035,2019,10,03
2019-10-04,0.4804212460030333,2019,10,04
2019-10-05,0.6166727466428934,2019,10,05
2019-10-06,0.5045131960727267,2019,10,06
2019-10-07,0.5400980891473509,2019,10,07
2019-10-08,0.5638010955713344,2019,10,08
2019-10-09,0.5103435988315184,2019,10,09
2019-10-11,0.545883250825387,2019,10,11
2019-10-12,0.5086082849505864,2019,10,12
2019-10-13,0.4851164061811391,2019,10,13
2019-10-15,0.5431263897223955,2019,10,15
2019-10-16,0.4825519863291427,2019,10,16
2019-10-17,0.4844063516267469,2019,10,17
2019-10-19,0.5603992207687444,2019,10,19
2019-10-20,0.5597954014518004,2019,10,20
2019-10-21,0.6305397563028011,2019,10,21
2019-10-22,0.6305397563028011,2019,10,22
2019-10-23,0.6226557213384882,2019,10,23
2019-10-24,0.6157135511148008,2019,10,24
2019-10-25,0.5209654203244353,2019,10,25
2019-10-26,0.6235963694912402,2019,10,26
2019-10-27,0.622170908972674,2019,10,27
2019-10-28,0.6027727912897648,2019,10,28
2019-10-29,0.575383431151218,2019,10,29
2019-10-30,0.6220562072521827,2019,10,30
2019-10-31,0.4991097151973034,2019,10,31
2019-11-02,0.5427499752448267,2019,11,02
2019-11-03,0.4706782247944232,2019,11,03
2019-11-04,0.6244605369983831,2019,11,04
2019-11-05,0.5088719962144453,2019,11,05
2019-11-07,0.564037603523097,2019,11,07
2019-11-08,0.4895064142828583,2019,11,08
2019-11-09,0.608529821703965,2019,11,09
2019-11-11,0.6375460671527912,2019,11,11
2019-11-12,0.4987598607297465,2019,11,12
2019-11-13,0.5147320851362834,2019,11,13
2019-11-15,0.544050098034227,2019,11,15
2019-11-16,0.4914090101427583,2019,11,16
2019-11-17,0.5075111117430335,2019,11,17
2019-11-18,0.5075111117430335,2019,11,18
2019-11-19,0.5772446328872665,2019,11,19
2019-11-20,0.505410041261496,2019,11,20
2019-11-21,0.5487870989733444,2019,11,21
2019-11-22,0.5451278038203314,2019,11,22
2019-11-23,0.5121671896859459,2019,11,23
2019-11-24,0.4994531904671795,2019,11,24
2019-11-25,0.5763823583534547,2019,11,25
2019-11-26,0.5294198018106425,2019,11,26
2019-11-27,0.5144070248161726,2019,11,27
2019-11-28,0.516943184630293,2019,11,28
2019-11-29,0.5491682834229459,2019,11,29
2019-11-30,0.5570723111940115,2019,11,30
2019-12-01,0.5093553154154193,2019,12,01
2019-12-02,0.5453020695250934,2019,12,02
2019-12-04,0.5500555740918517,2019,12,04
2019-12-05,0.5113973135253735,2019,12,05
2019-12-06,0.5533005926646115,2019,12,06
2019-12-08,0.5630791879337067,2019,12,08
2019-12-09,0.5147746937436997,2019,12,09
2019-12-10,0.5230138814687698,2019,12,10
2019-12-12,0.5547292853477962,2019,12,12
2019-12-13,0.5225720508597195,2019,12,13
2019-12-14,0.4913008204155893,2019,12,14
2019-12-15,0.4913008204155893,2019,12,15
2019-12-16,0.6169737850521451,2019,12,16
2019-12-17,0.64475509956639,2019,12,17
2019-12-18,0.6368490491999892,2019,12,18
2019-12-19,0.6450206902966883,2019,12,19
2019-12-20,0.5342099827489292,2019,12,20
2019-12-21,0.5093359700319918,2019,12,21
2019-12-22,0.5573340499509916,2019,12,22
2019-12-23,0.5412328518661619,2019,12,23
2019-12-24,0.533320172573126,2019,12,24
2019-12-25,0.5062967694630387,2019,12,25
2019-12-26,0.5905228085135799,2019,12,26
2019-12-27,0.5574857410710352,2019,12,27
2019-12-28,0.5163507192283734,2019,12,28
2019-12-29,0.5806359294121046,2019,12,29
2019-12-31,0.5750850963899133,2019,12,31
2020-01-01,0.6046324141355202,2020,01,01
2020-01-02,0.6450777978158367,2020,01,02
2020-01-04,0.6447608207153281,2020,01,04
2020-01-05,0.6483242892850811,2020,01,05
2020-01-06,0.5285460185545009,2020,01,06
2020-01-08,0.5616731239781101,2020,01,08
2020-01-09,0.5191833697328688,2020,01,09
2020-01-10,0.5400130340479717,2020,01,10
2020-01-11,0.5400130340479717,2020,01,11
2020-01-12,0.5765777937950775,2020,01,12
2020-01-13,0.5227624324872946,2020,01,13
2020-01-14,0.5667369550255787,2020,01,14
2020-01-15,0.5780218439589536,2020,01,15
2020-01-16,0.5482730746078865,2020,01,16
2020-01-17,0.5422753210428252,2020,01,17
2020-01-18,0.5650202590213377,2020,01,18
2020-01-19,0.6514200587835708,2020,01,19
2020-01-20,0.6459074870793314,2020,01,20
2020-01-21,0.5153721517901018,2020,01,21
2020-01-22,0.5468057283125269,2020,01,22
2020-01-23,0.5677369365323685,2020,01,23
2020-01-24,0.540948287352442,2020,01,24
2020-01-25,0.5768547602381016,2020,01,25
2020-01-27,0.5892901134207538,2020,01,27
2020-01-28,0.5886611550974405,2020,01,28
2020-01-29,0.5695128392160045,2020,01,29
2020-01-31,0.5739343358238039,2020,01,31
2020-02-01,0.546560637707777,2020,02,01
2020-02-02,0.5487926676122935,2020,02,02
2020-02-04,0.5788937302011448,2020,02,04
2020-02-05,0.5378875163902415,2020,02,05
2020-02-06,0.5522985222318916,2020,02,06
2020-02-07,0.5522985222318916,2020,02,07
2020-02-08,0.5674507444829259,2020,02,08
2020-02-09,0.5323819883586942,2020,02,09
2020-02-10,0.586590674888627,2020,02,10
2020-02-11,0.5920396074942262,2020,02,11
2020-02-12,0.5758698404403368,2020,02,12
2020-02-13,0.5415996140222308,2020,02,13
2020-02-14,0.6083545153613337,2020,02,14
2020-02-15,0.5798816075978991,2020,02,15
2020-02-16,0.5720038555709482,2020,02,16
2020-02-17,0.5477969069252248,2020,02,17
2020-02-18,0.5990643253887918,2020,02,18
2020-02-19,0.6115974044105893,2020,02,19
2020-02-20,0.5788422123134331,2020,02,20
2020-02-21,0.5828482982717498,2020,02,21
2020-02-23,0.6002681025129947,2020,02,23
2020-02-24,0.5568200006882944,2020,02,24
2020-02-25,0.6010593944264032,2020,02,25
2020-02-27,0.588417883889297,2020,02,27
2020-02-28,0.5866342860783434,2020,02,28
2020-02-29,0.5539421151756704,2020,02,29
2020-03-02,0.6173105837494005,2020,03,02
2020-03-03,0.5925110324958656,2020,03,03
2020-03-04,0.565482830455786,2020,03,04
2020-03-05,0.565482830455786,2020,03,05
2020-03-06,0.6022650296674558,2020,03,06
2020-03-07,0.5662775325328381,2020,03,07
2020-03-08,0.601026609227015,2020,03,08
2020-03-09,0.6062022766251024,2020,03,09
2020-03-10,0.6422527557737628,2020,03,10
2020-03-11,0.5829137188408291,2020,03,11
2020-03-12,0.6182215488021978,2020,03,12
2020-03-13,0.6318245240738146,2020,03,13
2020-03-14,0.591731352929838,2020,03,14
2020-03-15,0.5713036721589004,2020,03,15
2020-03-16,0.6139134243004998,2020,03,16
2020-03-17,0.6172235802130015,2020,03,17
2020-03-18,0.5881967701621817,2020,03,18
2020-03-19,0.5924508392238718,2020,03,19
2020-03-21,0.6137219571595198,2020,03,21
2020-03-22,0.5870680018202139,2020,03,22
2020-03-23,0.6165676013921277,2020,03,23
2020-03-25,0.61840136582255,2020,03,25
2020-03-26,0.5859596685728914,2020,03,26
2020-03-27,0.6064516732526481,2020,03,27
2020-03-29,0.611076649407817,2020,03,29
2020-03-30,0.5964597616381238,2020,03,30
2020-03-31,0.5552492195989516,2020,03,31
2020-04-01,0.5552492195989516,2020,04,01
2020-04-02,0.6010087489474142,2020,04,02
2020-04-03,0.5519596941892573,2020,04,03
2020-04-04,0.5960382995950276,2020,04,04
2020-04-05,0.6159161991429748,2020,04,05
2020-04-06,0.5944926149764276,2020,04,06
2020-04-07,0.5730818110154833,2020,04,07
2020-04-08,0.6195770959154348,2020,04,08
2020-04-09,0.6088134605197566,2020,04,09
2020-04-10,0.5906556630607709,2020,04,10
2020-04-11,0.5589733916966793,2020,04,11
2020-04-12,0.5956637402499624,2020,04,12
2020-04-13,0.6188597358970374,2020,04,13
2020-04-14,0.6014619988519798,2020,04,14
2020-04-15,0.5813015730782412,2020,04,15
2020-04-17,0.616136405118099,2020,04,17
2020-04-18,0.5967884073394902,2020,04,18
2020-04-19,0.6337815314035432,2020,04,19
2020-04-21,0.6244894470063959,2020,04,21
2020-04-22,0.5943832073522572,2020,04,22
2020-04-23,0.5846991277516855,2020,04,23
2020-04-25,0.6155273995773399,2020,04,25
2020-04-26,0.5924290628557052,2020,04,26
2020-04-27,0.5768841737607521,2020,04,27
2020-04-28,0.5768841737607521,2020,04,28
2020-04-29,0.6109928799173676,2020,04,29
2020-04-30,0.5820271873690444,2020,04,30
2020-05-01,0.6422149255438591,2020,05,01
2020-05-02,0.6566444091230568,2020,05,02
2020-05-03,0.5986894062351832,2020,05,03
2020-05-04,0.5788612354475345,2020,05,04
2020-05-05,0.6364156488667754,2020,05,05
2020-05-06,0.6272857204656304,2020,05,06
2020-05-07,0.5961420861732153,2020,05,07
2020-05-08,0.5771671923003595,2020,05,08
2020-05-09,0.6210619014919828,2020,05,09
2020-05-10,0.61696182577639,2020,05,10
2020-05-11,0.589090409572365,2020,05,11
2020-05-12,0.6168159399836178,2020,05,12
2020-05-14,0.6139227711852693,2020,05,14
2020-05-15,0.588557621741461,2020,05,15
2020-05-16,0.5795181759449212,2020,05,16
2020-05-18,0.6138483028476446,2020,05,18
2020-05-19,0.5900905664467615,2020,05,19
2020-05-20,0.5880388317654711,2020,05,20
2020-05-22,0.6114033910833879,2020,05,22
2020-05-23,0.5922248282765175,2020,05,23
2020-05-24,0.5858064355655717,2020,05,24
2020-05-25,0.5858064355655717,2020,05,25
2020-05-26,0.6317997642768254,2020,05,26
2020-05-27,0.5911514902416695,2020,05,27
2020-05-28,0.6078326577759116,2020,05,28
2020-05-29,0.6408369556456285,2020,05,29
2020-05-30,0.6074839628235728,2020,05,30
2020-05-31,0.5870941456746331,2020,05,31
2020-06-01,0.6285560597786506,2020,06,01
2020-06-02,0.608728980797419,2020,06,02
2020-06-03,0.628605456872335,2020,06,03
2020-06-04,0.6074567188448219,2020,06,04
2020-06-05,0.6330053541230969,2020,06,05
2020-06-06,0.6240169179748722,2020,06,06
2020-06-07,0.6085211354138983,2020,06,07
2020-06-08,0.5564139414177665,2020,06,08
2020-06-10,0.59625002202857,2020,06,10
2020-06-11,0.546788224907078,2020,06,11
2020-06-12,0.4673349632260505,2020,06,12
2020-06-14,0.5868558302381512,2020,06,14
2020-06-15,0.5831300257297716,2020,06,15
2020-06-16,0.6274121103975315,2020,06,16
2020-06-18,0.5901632033885235,2020,06,18
2020-06-19,0.5424711201032022,2020,06,19
2020-06-20,0.5169773587683146,2020,06,20
2020-06-21,0.5169773587683146,2020,06,21
2020-06-22,0.5416807411099015,2020,06,22
2020-06-23,0.6299360101389172,2020,06,23
2020-06-24,0.62881006825817,2020,06,24
2020-06-25,0.5562512757115412,2020,06,25
2020-06-26,0.6114557757651071,2020,06,26
2020-06-27,0.5872913822137646,2020,06,27
2020-06-28,0.6028213997176037,2020,06,28
2020-06-29,0.5179207360429395,2020,06,29
2020-06-30,0.5183155190286367,2020,06,30
2020-07-01,0.5559042739284573,2020,07,01
2020-07-02,0.5658561761259238,2020,07,02
2020-07-03,0.5664172617265809,2020,07,03
2020-07-04,0.5854257206681903,2020,07,04
2020-07-05,0.5038253084578445,2020,07,05
2020-07-07,0.5686321501178064,2020,07,07
2020-07-08,0.6165739133420625,2020,07,08
2020-07-09,0.6197478387534302,2020,07,09
2020-07-11,0.6419761069572308,2020,07,11
2020-07-12,0.5558427452518889,2020,07,12
2020-07-13,0.6324530166519379,2020,07,13
2020-07-15,0.5686954431585669,2020,07,15
2020-07-16,0.6270150609279838,2020,07,16
2020-07-17,0.6106268092349435,2020,07,17
2020-07-18,0.6106268092349435,2020,07,18
2020-07-19,0.6160111532014214,2020,07,19
2020-07-20,0.5800682562850976,2020,07,20
2020-07-21,0.5786804521537008,2020,07,21
2020-07-22,0.6026011621106437,2020,07,22
2020-07-23,0.4874998828483238,2020,07,23
2020-07-24,0.5140092533544478,2020,07,24
2020-07-25,0.5775289848216074,2020,07,25
2020-07-26,0.5617145231195859,2020,07,26
2020-07-27,0.5276816000244484,2020,07,27
2020-07-28,0.5918531646304606,2020,07,28
2020-07-29,0.6058094960843847,2020,07,29
2020-07-30,0.6400476791689484,2020,07,30
2020-07-31,0.561972350610767,2020,07,31
2020-08-01,0.5300973103443166,2020,08,01
2020-08-03,0.5801453331789055,2020,08,03
2020-08-04,0.6268026447727186,2020,08,04
2020-08-05,0.6309299546772318,2020,08,05
2020-08-07,0.62709641174388,2020,08,07
2020-08-08,0.5259716533473573,2020,08,08
2020-08-09,0.6256632971870552,2020,08,09
2020-08-11,0.6248440391072043,2020,08,11
2020-08-12,0.6402475078092954,2020,08,12
2020-08-13,0.6166681268942967,2020,08,13
2020-08-14,0.6166681268942967,2020,08,14
2020-08-15,0.6388379481759737,2020,08,15
2020-08-16,0.629167959954573,2020,08,16
2020-08-17,0.6342701149532091,2020,08,17
2020-08-18,0.6205534477877045,2020,08,18
2020-08-19,0.6248489054559019,2020,08,19
2020-08-20,0.62603194042604,2020,08,20
2020-08-21,0.6261568623880068,2020,08,21
2020-08-22,0.6221993644655203,2020,08,22
2020-08-23,0.6250233476259734,2020,08,23
2020-08-24,0.6023709324792634,2020,08,24
2020-08-25,0.6346969294854519,2020,08,25
2020-08-26,0.6377374724288875,2020,08,26
2020-08-27,0.4827026964823848,2020,08,27
2020-08-28,0.6250294412691703,2020,08,28
2020-08-30,0.6240138137947943,2020,08,30
2020-08-31,0.6106266279152759,2020,08,31
2020-09-01,0.4655287456925025,2020,09,01
2020-09-03,0.5680122999470604,2020,09,03
2020-09-04,0.5876328291311883,2020,09,04
2020-09-05,0.4878029072842063,2020,09,05
2020-09-07,0.5845168872369682,2020,09,07
2020-09-08,0.55662814947759,2020,09,08
2020-09-09,0.4998588264955204,2020,09,09
2020-09-10,0.4998588264955204,2020,09,10
2020-09-11,0.5740424668010843,2020,09,11
2020-09-12,0.5815067546538614,2020,09,12
2020-09-13,0.5088308032147063,2020,09,13
2020-09-14,0.5373667304014563,2020,09,14
2020-09-15,0.4888475518756434,2020,09,15
2020-09-16,0.484811813319319,2020,09,16
2020-09-17,0.5416945521303073,2020,09,17
2020-09-18,0.5489916315174984,2020,09,18
2020-09-19,0.5058345521690363,2020,09,19
2020-09-20,0.4905256190397284,2020,09,20
2020-09-21,0.5159864235105309,2020,09,21
2020-09-22,0.540450618303437,2020,09,22
2020-09-23,0.6028540221402667,2020,09,23
2020-09-24,0.6272132056187604,2020,09,24
2020-09-26,0.6238818675398,2020,09,26
2020-09-27,0.5957654204149705,2020,09,27
2020-09-28,0.572374613719188,2020,09,28
2020-09-30,0.581888499859569,2020,09,30
2020-10-01,0.4769734343078196,2020,10,01
2020-10-02,0.4773674491498439,2020,10,02
2020-10-04,0.570592449989719,2020,10,04
2020-10-05,0.4942798875554774,2020,10,05
2020-10-06,0.5062069496988802,2020,10,06
2020-10-07,0.5062069496988802,2020,10,07
2020-10-08,0.5614056906443244,2020,10,08
2020-10-09,0.5011969845466422,2020,10,09
2020-10-10,0.5992050265297167,2020,10,10
2020-10-11,0.5601147383894074,2020,10,11
2020-10-12,0.5246415456747814,2020,10,12
2020-10-13,0.5094304580902648,2020,10,13
2020-10-14,0.556708196955245,2020,10,14
2020-10-15,0.5365493398136749,2020,10,15
2020-10-16,0.5402579572545871,2020,10,16
2020-10-17,0.5269892327810984,2020,10,17
2020-10-18,0.5545129325823583,2020,10,18
2020-10-19,0.5919818197167495,2020,10,19
2020-10-20,0.5083988623268898,2020,10,20
2020-10-21,0.5399598672067563,2020,10,21
2020-10-23,0.53800515063534,2020,10,23
2020-10-24,0.5112307682384067,2020,10,24
2020-10-25,0.5674079508288159,2020,10,25
2020-10-27,0.5772686510037266,2020,10,27
2020-10-28,0.5202206803201743,2020,10,28
2020-10-29,0.5189807690156587,2020,10,29
2020-10-31,0.5708236221253042,2020,10,31
2020-11-01,0.526130015498621,2020,11,01
2020-11-02,0.5297123936175805,2020,11,02
2020-11-03,0.5297123936175805,2020,11,03
2020-11-04,0.5829060706328915,2020,11,04
2020-11-05,0.526452353845967,2020,11,05
2020-11-06,0.6001634557701194,2020,11,06
2020-11-07,0.5938868211248965,2020,11,07
2020-11-08,0.5498482550695132,2020,11,08
2020-11-09,0.5330841442954896,2020,11,09
2020-11-10,0.572560284865937,2020,11,10
2020-11-11,0.5611314750044651,2020,11,11
2020-11-12,0.5513206838770964,2020,11,12
2020-11-13,0.5337467718907225,2020,11,13
2020-11-14,0.5649472227545007,2020,11,14
2020-11-15,0.5809373669886332,2020,11,15
2020-11-16,0.5523435231159555,2020,11,16
2020-11-17,0.5752577932659808,2020,11,17
2020-11-19,0.5837020371293171,2020,11,19
2020-11-20,0.5322044269932396,2020,11,20
2020-11-21,0.5635546391719917,2020,11,21
2020-11-23,0.5542215306224845,2020,11,23
2020-11-24,0.525326977508628,2020,11,24
2020-11-25,0.5316885924807514,2020,11,25
2020-11-26,0.516668492465656,2020,11,26
2020-11-27,0.516668492465656,2020,11,27
2020-11-28,0.493639730801376,2020,11,28
2020-11-29,0.5422536452809449,2020,11,29
2020-11-30,0.5422536452809449,2020,11,30
2020-12-01,0.5899523437996219,2020,12,01
2020-12-02,0.5003573814030112,2020,12,02
2020-12-03,0.5512833653345414,2020,12,03
2020-12-04,0.5562881691630331,2020,12,04
2020-12-05,0.5647523318960962,2020,12,05
2020-12-06,0.4907185657690472,2020,12,06
2020-12-07,0.5592931059759843,2020,12,07
2020-12-08,0.5357756616045185,2020,12,08
2020-12-09,0.5053626427944954,2020,12,09
2020-12-10,0.5053626427944954,2020,12,10
2020-12-11,0.5155816765609091,2020,12,11
2020-12-12,0.5337873657117104,2020,12,12
2020-12-13,0.5719146822626779,2020,12,13
2020-12-14,0.5633815478627953,2020,12,14
2020-12-15,0.5968450923945856,2020,12,15
2020-12-16,0.5803706244179914,2020,12,16
2020-12-17,0.6016579550555199,2020,12,17
2020-12-18,0.4999299559081308,2020,12,18
2020-12-19,0.492193282873384,2020,12,19
2020-12-20,0.492193282873384,2020,12,20
2020-12-21,0.4848319940952241,2020,12,21
2020-12-22,0.5020164947757562,2020,12,22
2020-12-23,0.5177650338904366,2020,12,23
2020-12-24,0.5177650338904366,2020,12,24
2020-12-25,0.4905799726700071,2020,12,25
2020-12-26,0.4939810070644969,2020,12,26
2020-12-27,0.4939810070644969,2020,12,27
2020-12-28,0.5208186971026344,2020,12,28
2020-12-29,0.4723382685582803,2020,12,29
2020-12-30,0.5190486300798784,2020,12,30
2021-01-01,0.5053819560755932,2021,01,01
2021-01-02,0.5089661853610418,2021,01,02
2021-01-03,0.5167291994340409,2021,01,03
2021-01-04,0.4883126673854678,2021,01,04
2021-01-05,0.5800003034702605,2021,01,05
2021-01-06,0.5800003034702605,2021,01,06
2021-01-07,0.4908687032996051,2021,01,07
2021-01-08,0.5821322035279242,2021,01,08
2021-01-09,0.4691638948079653,2021,01,09
2021-01-10,0.5792567696951322,2021,01,10
2021-01-11,0.6024287760270166,2021,01,11
2021-01-12,0.5504168931893177,2021,01,12
2021-01-13,0.4952284206742283,2021,01,13
2021-01-14,0.5152113227444086,2021,01,14
2021-01-15,0.5249564975174908,2021,01,15
2021-01-16,0.5249564975174908,2021,01,16
2021-01-17,0.4872638075191746,2021,01,17
2021-01-18,0.5038479379331623,2021,01,18
2021-01-19,0.4830728068313302,2021,01,19
2021-01-20,0.4830728068313302,2021,01,20
2021-01-21,0.4906304128094594,2021,01,21
2021-01-22,0.5115753895969719,2021,01,22
2021-01-23,0.5115753895969719,2021,01,23
2021-01-24,0.5396732881250426,2021,01,24
2021-01-25,0.4912156714539143,2021,01,25
2021-01-26,0.527393951754006,2021,01,26
2021-01-27,0.5318314222894549,2021,01,27
2021-01-28,0.536017053189105,2021,01,28
2021-01-29,0.47215393319986,2021,01,29
2021-01-30,0.5453533668605515,2021,01,30
2021-01-31,0.5027410475494476,2021,01,31
2021-02-01,0.5194418568701002,2021,02,01
2021-02-02,0.5194418568701002,2021,02,02
2021-02-03,0.547572646788543,2021,02,03
2021-02-04,0.5471939578393781,2021,02,04
2021-02-05,0.5084840482474958,2021,02,05
2021-02-06,0.4907689925525169,2021,02,06
2021-02-07,0.5093073262547229,2021,02,07
2021-02-08,0.4909125132742961,2021,02,08
2021-02-09,0.5382396757372184,2021,02,09
2021-02-10,0.5658330774298871,2021,02,10
2021-02-11,0.5534936773977397,2021,02,11
2021-02-12,0.5534936773977397,2021,02,12
2021-02-13,0.5283874763923873,2021,02,13
2021-02-14,0.538456986244209,2021,02,14
2021-02-15,0.5320872165181655,2021,02,15
2021-02-16,0.5320872165181655,2021,02,16
2021-02-17,0.5033428583509085,2021,02,17
2021-02-18,0.505410416268666,2021,02,18
2021-02-19,0.505410416268666,2021,02,19
2021-02-20,0.5687172227417236,2021,02,20
2021-02-21,0.497438595192834,2021,02,21
2021-02-22,0.5401951943654136,2021,02,22
2021-02-23,0.5612604285570363,2021,02,23
2021-02-24,0.5664247637167428,2021,02,24
2021-02-25,0.5181387294514591,2021,02,25
2021-02-26,0.5664863713986162,2021,02,26
2021-02-27,0.5566697962503576,2021,02,27
2021-02-28,0.545107579730131,2021,02,28
2021-03-01,0.545107579730131,2021,03,01
2021-03-02,0.6157497873820732,2021,03,02
2021-03-03,0.6178132767166084,2021,03,03
2021-03-04,0.5605622350393316,2021,03,04
2021-03-06,0.6077973679997615,2021,03,06
2021-03-07,0.6105032040360182,2021,03,07
2021-03-08,0.5990664304918623,2021,03,08
2021-03-09,0.5795527986096335,2021,03,09
2021-03-10,0.5722596167837655,2021,03,10
2021-03-11,0.5722596167837655,2021,03,11
2021-03-12,0.5958195913924158,2021,03,12
2021-03-13,0.5962129389346604,2021,03,13
2021-03-14,0.5684288435109147,2021,03,14
2021-03-15,0.5684288435109147,2021,03,15
2021-03-16,0.5600046228220732,2021,03,16
2021-03-17,0.5405895115545057,2021,03,17
2021-03-18,0.5405895115545057,2021,03,18
2021-03-19,0.5446175913175056,2021,03,19
2021-03-20,0.5187960275859572,2021,03,20
2021-03-21,0.5435116879287996,2021,03,21
2021-03-22,0.5370353651310643,2021,03,22
2021-03-23,0.5339841593200484,2021,03,23
2021-03-24,0.5198744575556579,2021,03,24
2021-03-25,0.5681527262777315,2021,03,25
2021-03-26,0.5462622577624265,2021,03,26
2021-03-27,0.5445776477177536,2021,03,27
2021-03-28,0.5445776477177536,2021,03,28
2021-03-29,0.5732436077405167,2021,03,29
2021-03-30,0.583256372122926,2021,03,30
2021-03-31,0.5443694548480599,2021,03,31
2021-04-01,0.6053919267001309,2021,04,01
2021-04-02,0.5735932191782716,2021,04,02
2021-04-03,0.5721808303049529,2021,04,03
2021-04-04,0.5499273030178751,2021,04,04
2021-04-05,0.5698468694157344,2021,04,05
2021-04-06,0.5669265666052419,2021,04,06
2021-04-07,0.5669265666052419,2021,04,07
2021-04-08,0.5590396398512856,2021,04,08
2021-04-09,0.5699023814991213,2021,04,09
2021-04-10,0.5520306335806038,2021,04,10
2021-04-11,0.5520306335806038,2021,04,11
2021-04-12,0.5503741077732309,2021,04,12
2021-04-13,0.5508159280694477,2021,04,13
2021-04-14,0.5508159280694477,2021,04,14
2021-04-15,0.5867478895257889,2021,04,15
2021-04-16,0.5473845778152985,2021,04,16
2021-04-17,0.5801147599648593,2021,04,17
2021-04-18,0.5605365686150675,2021,04,18
2021-04-19,0.5695814204566492,2021,04,19
2021-04-20,0.5362774891496501,2021,04,20
2021-04-21,0.5907118696097918,2021,04,21
2021-04-22,0.5945529339170977,2021,04,22
2021-04-23,0.581878353602282,2021,04,23
2021-04-24,0.581878353602282,2021,04,24
2021-04-25,0.5923555079509493,2021,04,25
2021-04-26,0.5685150916891633,2021,04,26
2021-04-27,0.5631153197464774,2021,04,27
2021-04-28,0.5835057441099644,2021,04,28
2021-04-29,0.572100745900915,2021,04,29
2021-04-30,0.5722838947069965,2021,04,30
2021-05-01,0.5673355975012839,2021,05,01
2021-05-02,0.5655960865037079,2021,05,02
2021-05-03,0.5492733444732834,2021,05,03
2021-05-04,0.5492733444732834,2021,05,04
2021-05-05,0.5711391717971535,2021,05,05
2021-05-06,0.5632606516189101,2021,05,06
2021-05-07,0.5587603876370795,2021,05,07
2021-05-08,0.5587603876370795,2021,05,08
2021-05-09,0.5769962543697131,2021,05,09
2021-05-10,0.5765193596924376,2021,05,10
2021-05-11,0.5765193596924376,2021,05,11
2021-05-12,0.5939636967372267,2021,05,12
2021-05-13,0.5536872754348476,2021,05,13
2021-05-14,0.6011864094096149,2021,05,14
2021-05-15,0.6304886873899302,2021,05,15
2021-05-16,0.5824630155128896,2021,05,16
2021-05-17,0.5521142911659972,2021,05,17
2021-05-18,0.5861759827099224,2021,05,18
2021-05-19,0.5965640414066233,2021,05,19
2021-05-20,0.5342799938959419,2021,05,20
2021-05-21,0.5342799938959419,2021,05,21
2021-05-22,0.5809386428182701,2021,05,22
2021-05-23,0.5892098524123557,2021,05,23
2021-05-24,0.5353913139159703,2021,05,24
2021-05-25,0.5793275524408462,2021,05,25
2021-05-26,0.5736354573097064,2021,05,26
2021-05-27,0.5730058283631952,2021,05,27
2021-05-28,0.5700032647980899,2021,05,28
2021-05-29,0.5903251994140416,2021,05,29
2021-05-30,0.5439809551978355,2021,05,30
2021-05-31,0.5439809551978355,2021,05,31
2021-06-01,0.5664362077369401,2021,06,01
2021-06-02,0.5682167211485389,2021,06,02
2021-06-03,0.5624215172930486,2021,06,03
2021-06-04,0.5624215172930486,2021,06,04
2021-06-05,0.5674339354022251,2021,06,05
2021-06-06,0.5605169124263031,2021,06,06
2021-06-07,0.5605169124263031,2021,06,07
2021-06-08,0.5583989166018146,2021,06,08
2021-06-09,0.5735223657726904,2021,06,09
2021-06-10,0.5361507056781556,2021,06,10
2021-06-11,0.5836889366660308,2021,06,11
2021-06-12,0.5438240225251302,2021,06,12
2021-06-13,0.517093717771345,2021,06,13
2021-06-14,0.5993762790084032,2021,06,14
2021-06-15,0.5982473681480753,2021,06,15
2021-06-16,0.5314662036798369,2021,06,16
2021-06-17,0.5314662036798369,2021,06,17
2021-06-18,0.5725894193343565,2021,06,18
2021-06-19,0.5850877541111491,2021,06,19
2021-06-20,0.5561695258097044,2021,06,20
2021-06-21,0.5880432071866761,2021,06,21
2021-06-22,0.5916968965609536,2021,06,22
2021-06-23,0.6040428794416581,2021,06,23
2021-06-24,0.5731867306794808,2021,06,24
2021-06-25,0.5910279413922294,2021,06,25
2021-06-26,0.5472023104831042,2021,06,26
2021-06-27,0.5472023104831042,2021,06,27
2021-06-28,0.522638227157636,2021,06,28
2021-06-29,0.5230352810111178,2021,06,29
2021-06-30,0.5280462277572812,2021,06,30
2021-07-01,0.5280462277572812,2021,07,01
2021-07-02,0.5611003998323131,2021,07,02
2021-07-03,0.5650210669828604,2021,07,03
2021-07-04,0.5650210669828604,2021,07,04
2021-07-05,0.5598246085125632,2021,07,05
2021-07-06,0.5551838425395614,2021,07,06
2021-07-07,0.559868490024229,2021,07,07
2021-07-08,0.5828964388063164,2021,07,08
2021-07-09,0.5921980980300853,2021,07,09
2021-07-10,0.5216119041884127,2021,07,10
2021-07-11,0.575935016641167,2021,07,11
2021-07-12,0.5743706488145716,2021,07,12
2021-07-13,0.5536428125260981,2021,07,13
2021-07-14,0.5536428125260981,2021,07,14
2021-07-15,0.5262416009160356,2021,07,15
2021-07-16,0.5797986452347326,2021,07,16
2021-07-17,0.5301484503574262,2021,07,17
2021-07-18,0.5501862907206758,2021,07,18
2021-07-19,0.5371594400440206,2021,07,19
2021-07-20,0.5713228438454666,2021,07,20
2021-07-21,0.5836796359275869,2021,07,21
2021-07-22,0.5918002737482045,2021,07,22
2021-07-23,0.5825499306508911,2021,07,23
2021-07-24,0.5825499306508911,2021,07,24
2021-07-25,0.5864699753634268,2021,07,25
2021-07-26,0.5899209353990957,2021,07,26
2021-07-27,0.5807910016820789,2021,07,27
2021-07-28,0.5807910016820789,2021,07,28
2021-07-29,0.5929305059927059,2021,07,29
2021-07-30,0.588182266974333,2021,07,30
2021-07-31,0.588182266974333,2021,07,31
2021-08-01,0.5930027896553639,2021,08,01
2021-08-02,0.5826130248870144,2021,08,02
2021-08-03,0.5882267717328621,2021,08,03
2021-08-04,0.5966654210025718,2021,08,04
2021-08-05,0.5871617176137108,2021,08,05
2021-08-06,0.5829904479787233,2021,08,06
2021-08-07,0.5837604301127309,2021,08,07
2021-08-08,0.5841471735150467,2021,08,08
2021-08-09,0.5814688178581872,2021,08,09
2021-08-10,0.5814688178581872,2021,08,10
2021-08-11,0.5829481870270096,2021,08,11
2021-08-12,0.579189915722058,2021,08,12
2021-08-13,0.5255583278110469,2021,08,13
2021-08-14,0.5200274035502923,2021,08,14
2021-08-15,0.5146508005032503,2021,08,15
2021-08-16,0.5440639106397801,2021,08,16
2021-08-17,0.5162965231064016,2021,08,17
2021-08-18,0.5614516093427755,2021,08,18
2021-08-19,0.5638545696180999,2021,08,19
2021-08-20,0.5638545696180999,2021,08,20
2021-08-21,0.5966631447803191,2021,08,21
2021-08-22,0.5910893466857363,2021,08,22
2021-08-23,0.6002315482026365,2021,08,23
2021-08-24,0.6002315482026365,2021,08,24
2021-08-25,0.5943849447660209,2021,08,25
2021-08-26,0.5951294186138639,2021,08,26
2021-08-27,0.5951294186138639,2021,08,27
2021-08-28,0.5935516884708716,2021,08,28
2021-08-29,0.5952275684498718,2021,08,29
2021-08-30,0.5198141388145225,2021,08,30
2021-08-31,0.5821238050839534,2021,08,31
2021-09-01,0.5929620567336062,2021,09,01
2021-09-02,0.5893311364117378,2021,09,02
2021-09-03,0.5806482063838777,2021,09,03
2021-09-04,0.5899983346469083,2021,09,04
2021-09-05,0.5835838523997106,2021,09,05
2021-09-06,0.5835838523997106,2021,09,06
2021-09-07,0.5453459536514209,2021,09,07
2021-09-08,0.5802015979418437,2021,09,08
2021-09-09,0.5453260199652583,2021,09,09
2021-09-10,0.5862200850952066,2021,09,10
2021-09-11,0.5889796009667053,2021,09,11
2021-09-12,0.5797164804337631,2021,09,12
2021-09-13,0.6010486334553119,2021,09,13
2021-09-14,0.5446891214996121,2021,09,14
2021-09-15,0.5714823210104494,2021,09,15
2021-09-16,0.5714823210104494,2021,09,16
2021-09-17,0.5006124032484257,2021,09,17
2021-09-18,0.5876456545097235,2021,09,18
2021-09-19,0.5773962049255488,2021,09,19
2021-09-20,0.5773962049255488,2021,09,20
2021-09-21,0.6005459023950044,2021,09,21
2021-09-23,0.6005459023950044,2021,09,23
2021-09-24,0.5637351371789939,2021,09,24
2021-09-25,0.5939115294299651,2021,09,25
2021-09-26,0.5706226350001641,2021,09,26
2021-09-27,0.5581220777387896,2021,09,27
2021-09-28,0.6005478391693024,2021,09,28
2021-09-29,0.5779016713802966,2021,09,29
2021-09-30,0.5679995763397439,2021,09,30
2021-10-01,0.5518256666509284,2021,10,01
2021-10-02,0.4946394231774326,2021,10,02
2021-10-03,0.4946394231774326,2021,10,03
2021-10-04,0.5156214462390314,2021,10,04
2021-10-05,0.5437333145394011,2021,10,05
2021-10-06,0.4995406997923994,2021,10,06
2021-10-07,0.521100154258845,2021,10,07
2021-10-08,0.4989186743058854,2021,10,08
2021-10-09,0.5573371190369133,2021,10,09
2021-10-10,0.5032576408575842,2021,10,10
2021-10-11,0.5249815414061637,2021,10,11
2021-10-14,0.5330145902164576,2021,10,14
2021-10-16,0.5349415054771697,2021,10,16
2021-10-19,0.5097176768856725,2021,10,19
2021-10-20,0.5097176768856725,2021,10,20
2021-10-23,0.4695409936697536,2021,10,23
2021-10-24,0.5270944900041131,2021,10,24
2021-10-25,0.5050594332594817,2021,10,25
2021-10-26,0.4730760530916499,2021,10,26
2021-10-29,0.5220268791147754,2021,10,29
2021-10-30,0.5220268791147754,2021,10,30
2021-10-31,0.5252580512534433,2021,10,31
2021-11-01,0.5369495418810931,2021,11,01
2021-11-02,0.4876916127801722,2021,11,02
2021-11-03,0.5369387015239578,2021,11,03
2021-11-04,0.5012170431635976,2021,11,04
2021-11-05,0.5360942799311167,2021,11,05
2021-11-06,0.49213967723037,2021,11,06
2021-11-07,0.5063847010210245,2021,11,07
2021-11-08,0.487275301977592,2021,11,08
2021-11-09,0.487275301977592,2021,11,09
2021-11-10,0.4889935782745412,2021,11,10
2021-11-11,0.5082114088902131,2021,11,11
2021-11-12,0.4964579249588532,2021,11,12
2021-11-13,0.4964579249588532,2021,11,13
2021-11-14,0.489471945344938,2021,11,14
2021-11-15,0.5017638308598703,2021,11,15
2021-11-16,0.5017638308598703,2021,11,16
2021-11-17,0.5268273002466531,2021,11,17
2021-11-18,0.4740155798271723,2021,11,18
2021-11-19,0.5978474310050461,2021,11,19
2021-11-20,0.5115872564620214,2021,11,20
2021-11-21,0.5054640912537993,2021,11,21
2021-11-22,0.5189864590471379,2021,11,22
2021-11-23,0.5254263543158705,2021,11,23
2021-11-24,0.4995570834563569,2021,11,24
2021-11-25,0.4891365170121158,2021,11,25
2021-11-26,0.4891365170121158,2021,11,26
2021-11-27,0.5313281747679901,2021,11,27
2021-11-28,0.5203874195279528,2021,11,28
2021-11-29,0.4986901396096128,2021,11,29
2021-11-30,0.5367634498882453,2021,11,30
2021-12-01,0.552415194412071,2021,12,01
2021-12-02,0.5309474815595323,2021,12,02
2021-12-03,0.5808074462552124,2021,12,03
2021-12-04,0.528613637172856,2021,12,04
2021-12-05,0.4840711621542778,2021,12,05
2021-12-06,0.4840711621542778,2021,12,06
2021-12-07,0.4826242108198889,2021,12,07
2021-12-08,0.5134179229344731,2021,12,08
2021-12-09,0.4749269319797271,2021,12,09
2021-12-10,0.4749269319797271,2021,12,10
2021-12-11,0.4776105312624843,2021,12,11
2021-12-12,0.5046363874008027,2021,12,12
2021-12-13,0.5046363874008027,2021,12,13
2021-12-14,0.5236193928028373,2021,12,14
2021-12-15,0.4694835444635822,2021,12,15
2021-12-16,0.5310263797931551,2021,12,16
2021-12-17,0.5643526659652129,2021,12,17
2021-12-18,0.5310571464317928,2021,12,18
2021-12-19,0.4696878670115213,2021,12,19
2021-12-20,0.5537662881956534,2021,12,20
2021-12-21,0.4998242467952448,2021,12,21
2021-12-22,0.5034209145242796,2021,12,22
2021-12-23,0.5034209145242796,2021,12,23
2021-12-24,0.5230451580673613,2021,12,24
2021-12-25,0.5295286001820366,2021,12,25
2021-12-26,0.4981034958421848,2021,12,26
2021-12-27,0.5298437759154653,2021,12,27
2021-12-28,0.4912904511803865,2021,12,28
2021-12-29,0.5009011622154946,2021,12,29
2021-12-30,0.4863997193757678,2021,12,30
2022-01-01,0.4900835352800404,2022,01,01
2022-01-02,0.4900835352800404,2022,01,02
2022-01-03,0.5279050960449589,2022,01,03
2022-01-04,0.5323160076979037,2022,01,04
2022-01-05,0.5050877187865854,2022,01,05
2022-01-06,0.5050877187865854,2022,01,06
2022-01-07,0.4897133730088665,2022,01,07
2022-01-08,0.5870085446522472,2022,01,08
2022-01-09,0.5870085446522472,2022,01,09
2022-01-10,0.5811911180895796,2022,01,10
2022-01-11,0.4686329252748475,2022,01,11
2022-01-12,0.5756853678709859,2022,01,12
2022-01-13,0.521694373692501,2022,01,13
2022-01-14,0.52006119995226,2022,01,14
2022-01-15,0.4587652927992048,2022,01,15
2022-01-16,0.5882293182470356,2022,01,16
2022-01-17,0.4840916123193343,2022,01,17
2022-01-18,0.5493066429142202,2022,01,18
2022-01-19,0.5493066429142202,2022,01,19
2022-01-20,0.5164752849844658,2022,01,20
2022-01-21,0.503769650835688,2022,01,21
2022-01-22,0.4899236248818486,2022,01,22
2022-01-23,0.5644442089991348,2022,01,23
2022-01-24,0.5156502540254922,2022,01,24
2022-01-25,0.5138531605862298,2022,01,25
2022-01-26,0.6091862155019134,2022,01,26
2022-01-27,0.5167820807891347,2022,01,27
2022-01-28,0.5334579846278328,2022,01,28
2022-01-29,0.5334579846278328,2022,01,29
2022-01-30,0.4943613106102656,2022,01,30
2022-01-31,0.5175558186811176,2022,01,31
2022-02-01,0.5309156060899647,2022,02,01
2022-02-02,0.5309156060899647,2022,02,02
2022-02-03,0.5007208533310381,2022,02,03
2022-02-04,0.5342297030910741,2022,02,04
2022-02-05,0.5342297030910741,2022,02,05
2022-02-06,0.5779469360178019,2022,02,06
2022-02-07,0.4955124924155992,2022,02,07
2022-02-08,0.5504344073997537,2022,02,08
2022-02-09,0.5554213883554381,2022,02,09
2022-02-10,0.5249956207819654,2022,02,10
2022-02-11,0.4940125394391573,2022,02,11
2022-02-12,0.5658153392353144,2022,02,12
2022-02-13,0.5137486261172535,2022,02,13
2022-02-14,0.5239578001732806,2022,02,14
2022-02-15,0.5239578001732806,2022,02,15
2022-02-16,0.5303396613005703,2022,02,16
2022-02-17,0.5332455288820328,2022,02,17
2022-02-18,0.5091776616599598,2022,02,18
2022-02-19,0.5303517310997865,2022,02,19
2022-02-20,0.5716997333613701,2022,02,20
2022-02-21,0.5763730573966104,2022,02,21
2022-02-22,0.5384328093540863,2022,02,22
2022-02-23,0.576713487425324,2022,02,23
2022-02-24,0.5503380357781069,2022,02,24
2022-02-25,0.5503380357781069,2022,02,25
2022-02-26,0.5270981575074463,2022,02,26
2022-02-27,0.5508955403082888,2022,02,27
2022-02-28,0.5394080983714666,2022,02,28
2022-03-01,0.5394080983714666,2022,03,01
2022-03-02,0.5224559923829668,2022,03,02
2022-03-03,0.5459190342372168,2022,03,03
2022-03-04,0.5459190342372168,2022,03,04
2022-03-05,0.5470474012561889,2022,03,05
2022-03-06,0.5160745101268936,2022,03,06
2022-03-07,0.5857808813542411,2022,03,07
2022-03-08,0.579684740406877,2022,03,08
2022-03-09,0.4748405176035461,2022,03,09
2022-03-10,0.4989140747630681,2022,03,10
2022-03-11,0.5689993828234716,2022,03,11
2022-03-12,0.5361714724039623,2022,03,12
2022-03-13,0.5410828852343361,2022,03,13
2022-03-14,0.5410828852343361,2022,03,14
2022-03-15,0.5723845563518752,2022,03,15
2022-03-16,0.5731716410034733,2022,03,16
2022-03-17,0.5530691574127442,2022,03,17
2022-03-18,0.5858674701111677,2022,03,18
2022-03-19,0.5482285039095313,2022,03,19
2022-03-20,0.5795256448744515,2022,03,20
2022-03-21,0.5511838332890293,2022,03,21
2022-03-22,0.5798252155186863,2022,03,22
2022-03-23,0.5682437081949562,2022,03,23
2022-03-24,0.5682437081949562,2022,03,24
2022-03-25,0.5527105832019308,2022,03,25
2022-03-26,0.5646959777978692,2022,03,26
2022-03-27,0.5379685249217048,2022,03,27
2022-03-28,0.5379685249217048,2022,03,28
2022-03-29,0.5616954553309885,2022,03,29
2022-03-30,0.5885466838353475,2022,03,30
2022-03-31,0.5885466838353475,2022,03,31
2022-04-01,0.6000047622443769,2022,04,01
2022-04-02,0.5676666847945361,2022,04,02
2022-04-03,0.5868549336823139,2022,04,03
2022-04-04,0.6015062446957586,2022,04,04
2022-04-05,0.6069067032512105,2022,04,05
2022-04-06,0.5481666108175699,2022,04,06
2022-04-07,0.6020702403491052,2022,04,07
2022-04-08,0.6072014343058582,2022,04,08
2022-04-09,0.5551069890746951,2022,04,09
2022-04-10,0.5551069890746951,2022,04,10
2022-04-11,0.5950957446815885,2022,04,11
2022-04-12,0.595223732440925,2022,04,12
2022-04-13,0.5596769680795828,2022,04,13
2022-04-14,0.5834535490322664,2022,04,14
2022-04-15,0.582021811132899,2022,04,15
2022-04-16,0.55466476533659,2022,04,16
2022-04-17,0.5978561893561732,2022,04,17
2022-04-18,0.6173092796218559,2022,04,18
2022-04-19,0.5809817657980354,2022,04,19
2022-04-20,0.5809817657980354,2022,04,20
2022-04-21,0.5995622357595614,2022,04,21
2022-04-22,0.595123722275215,2022,04,22
2022-04-23,0.5734875853790857,2022,04,23
2022-04-24,0.5734875853790857,2022,04,24
2022-04-25,0.5759090149091592,2022,04,25
2022-04-26,0.6113133992863534,2022,04,26
2022-04-27,0.6113133992863534,2022,04,27
2022-04-28,0.616996704236156,2022,04,28
2022-04-29,0.5708860952644661,2022,04,29
2022-04-30,0.6189933806842107,2022,04,30
2022-05-01,0.6537552978053355,2022,05,01
2022-05-02,0.5976404916902616,2022,05,02
2022-05-03,0.5718827002923732,2022,05,03
2022-05-04,0.6180084823517739,2022,05,04
2022-05-05,0.6188833016166196,2022,05,05
2022-05-06,0.5905241329611982,2022,05,06
2022-05-07,0.5905241329611982,2022,05,07
2022-05-08,0.6093564518130941,2022,05,08
2022-05-09,0.5939515992078204,2022,05,09
2022-05-10,0.5940639957510632,2022,05,10
2022-05-11,0.6022804669615781,2022,05,11
2022-05-12,0.6040092330226667,2022,05,12
2022-05-13,0.5868884610828905,2022,05,13
2022-05-14,0.5988058592242235,2022,05,14
2022-05-15,0.6095657510223432,2022,05,15
2022-05-16,0.5869513507722713,2022,05,16
2022-05-17,0.5869513507722713,2022,05,17
2022-05-18,0.6033479545970294,2022,05,18
2022-05-19,0.6069781197928004,2022,05,19
2022-05-20,0.5705389744018925,2022,05,20
2022-05-21,0.5705389744018925,2022,05,21
2022-05-22,0.5944522880100036,2022,05,22
2022-05-23,0.6080870788262087,2022,05,23
2022-05-24,0.6080870788262087,2022,05,24
2022-05-25,0.6052276339110051,2022,05,25
2022-05-26,0.5855465625226172,2022,05,26
2022-05-27,0.6079486615990992,2022,05,27
2022-05-28,0.6042572486247051,2022,05,28
2022-05-29,0.6103707352489006,2022,05,29
2022-05-30,0.572559806368069,2022,05,30
2022-05-31,0.6182233616251565,2022,05,31
2022-06-01,0.607493890980103,2022,06,01
2022-06-02,0.5894924579288074,2022,06,02
2022-06-03,0.5894924579288074,2022,06,03
2022-06-04,0.6152268727036307,2022,06,04
2022-06-05,0.584261885512129,2022,06,05
2022-06-06,0.5903806402740785,2022,06,06
2022-06-07,0.6069362528983925,2022,06,07
2022-06-08,0.6083793029509289,2022,06,08
2022-06-09,0.5908632133553304,2022,06,09
2022-06-10,0.6078884149805486,2022,06,10
2022-06-11,0.6145495412825889,2022,06,11
2022-06-12,0.5819507161039522,2022,06,12
2022-06-13,0.5819507161039522,2022,06,13
2022-06-14,0.6015857215737218,2022,06,14
2022-06-15,0.6043523291875327,2022,06,15
2022-06-16,0.568926268507682,2022,06,16
2022-06-17,0.568926268507682,2022,06,17
2022-06-18,0.570598302911829,2022,06,18
2022-06-19,0.492500208361698,2022,06,19
2022-06-20,0.492500208361698,2022,06,20
2022-06-21,0.5967105254749427,2022,06,21
2022-06-22,0.5655164400998219,2022,06,22
2022-06-23,0.577556555374153,2022,06,23
2022-06-24,0.5876722051390938,2022,06,24
2022-06-25,0.5542351158503641,2022,06,25
2022-06-26,0.5179154178533787,2022,06,26
2022-06-27,0.5906712912699152,2022,06,27
2022-06-28,0.5697186756652873,2022,06,28
2022-06-29,0.5537477261534969,2022,06,29
2022-06-30,0.5537477261534969,2022,06,30
2022-07-01,0.581568147180187,2022,07,01
2022-07-02,0.5519254581571409,2022,07,02
2022-07-03,0.5556527615745417,2022,07,03
2022-07-04,0.569551028543463,2022,07,04
2022-07-06,0.5643306016718762,2022,07,06
2022-07-07,0.585070797682245,2022,07,07
2022-07-08,0.5832028126264515,2022,07,08
2022-07-09,0.5807359767464292,2022,07,09
2022-07-10,0.5807359767464292,2022,07,10
2022-07-11,0.5591698913827658,2022,07,11
2022-07-12,0.626552013068381,2022,07,12
2022-07-13,0.5841830930082856,2022,07,13
2022-07-14,0.5841830930082856,2022,07,14
2022-07-15,0.592803781941408,2022,07,15
2022-07-16,0.5808711795759262,2022,07,16
2022-07-17,0.5808711795759262,2022,07,17
2022-07-18,0.5826374024909188,2022,07,18
2022-07-19,0.5920390318460593,2022,07,19
2022-07-20,0.6144025822183773,2022,07,20
2022-07-21,0.5676392846242506,2022,07,21
2022-07-22,0.592911180467049,2022,07,22
2022-07-23,0.5822860639645047,2022,07,23
2022-07-24,0.5936951107983942,2022,07,24
2022-07-25,0.5813572919660526,2022,07,25
2022-07-26,0.5864841405458475,2022,07,26
2022-07-27,0.5864841405458475,2022,07,27
2022-07-28,0.5926212454269089,2022,07,28
2022-07-29,0.5844620873794317,2022,07,29
2022-07-30,0.5784876835936894,2022,07,30
2022-07-31,0.592607148948286,2022,07,31
2022-08-01,0.5252711837789688,2022,08,01
2022-08-02,0.5685745583748244,2022,08,02
2022-08-03,0.5075956324053452,2022,08,03
2022-08-04,0.5734899565559464,2022,08,04
2022-08-05,0.5578209426954572,2022,08,05
2022-08-06,0.5578209426954572,2022,08,06
2022-08-07,0.5715486379291046,2022,08,07
2022-08-08,0.5788244244437443,2022,08,08
2022-08-09,0.5719525885609126,2022,08,09
2022-08-10,0.5719525885609126,2022,08,10
2022-08-11,0.5885968172481317,2022,08,11
2022-08-12,0.597343986433172,2022,08,12
2022-08-13,0.597343986433172,2022,08,13
2022-08-14,0.5869423020622404,2022,08,14
2022-08-15,0.5642807531970482,2022,08,15
2022-08-16,0.5889790478015458,2022,08,16
2022-08-17,0.5962367033494591,2022,08,17
2022-08-18,0.5996049494770994,2022,08,18
2022-08-19,0.5794800254313016,2022,08,19
2022-08-20,0.5968672703394678,2022,08,20
2022-08-21,0.6052070335068191,2022,08,21
2022-08-22,0.5749743769939824,2022,08,22
2022-08-23,0.5749743769939824,2022,08,23
2022-08-24,0.600438267652454,2022,08,24
2022-08-25,0.5797186585556716,2022,08,25
2022-08-26,0.564732119851094,2022,08,26
2022-08-27,0.53556914536954,2022,08,27
2022-08-28,0.5378245674310959,2022,08,28
2022-08-29,0.5671787675752937,2022,08,29
2022-08-30,0.5879428850752252,2022,08,30
2022-08-31,0.5702212995528638,2022,08,31
2022-09-01,0.5877116652591776,2022,09,01
2022-09-02,0.5877116652591776,2022,09,02
2022-09-03,0.5822904922995688,2022,09,03
2022-09-04,0.4823256645313328,2022,09,04
2022-09-05,0.545363797406209,2022,09,05
2022-09-06,0.545363797406209,2022,09,06
2022-09-07,0.5485361615006743,2022,09,07
2022-09-08,0.49675830493247,2022,09,08
2022-09-09,0.49675830493247,2022,09,09
2022-09-10,0.5456702342375467,2022,09,10
2022-09-11,0.4833040950402686,2022,09,11
2022-09-12,0.5736625503630283,2022,09,12
2022-09-13,0.5613862638519019,2022,09,13
2022-09-14,0.5688188801728891,2022,09,14
2022-09-15,0.5697117806723925,2022,09,15
2022-09-16,0.5840543404294435,2022,09,16
2022-09-17,0.5819064602126512,2022,09,17
2022-09-18,0.5932861117672563,2022,09,18
2022-09-19,0.5932861117672563,2022,09,19
2022-09-20,0.544323671304189,2022,09,20
2022-09-21,0.5418994530776508,2022,09,21
2022-09-22,0.5809214220181332,2022,09,22
2022-09-23,0.566007563557109,2022,09,23
2022-09-24,0.5879795637352677,2022,09,24
2022-09-25,0.5831225562643247,2022,09,25
2022-09-26,0.5184799066365435,2022,09,26
2022-09-27,0.5094204117756737,2022,09,27
2022-09-28,0.537129677893759,2022,09,28
2022-09-29,0.537129677893759,2022,09,29
2022-09-30,0.507076449496639,2022,09,30
2022-10-01,0.5254021911548763,2022,10,01
2022-10-02,0.5339431346961309,2022,10,02
2022-10-03,0.5339431346961309,2022,10,03
2022-10-04,0.5164323068361232,2022,10,04
2022-10-05,0.5452435528425552,2022,10,05
2022-10-06,0.5452435528425552,2022,10,06
2022-10-07,0.5422378645546567,2022,10,07
2022-10-08,0.5772068043944761,2022,10,08
2022-10-09,0.549677546133294,2022,10,09
2022-10-10,0.5939587346470098,2022,10,10
2022-10-11,0.6012766605022276,2022,10,11
2022-10-12,0.575246665323917,2022,10,12
2022-10-13,0.5404135255275019,2022,10,13
2022-10-14,0.5055935110241435,2022,10,14
2022-10-15,0.4935505987683528,2022,10,15
2022-10-16,0.4935505987683528,2022,10,16
2022-10-17,0.5124216759683705,2022,10,17
2022-10-18,0.5430469772092786,2022,10,18
2022-10-19,0.4812565198449653,2022,10,19
2022-10-20,0.523374612725873,2022,10,20
2022-10-21,0.5031122762019393,2022,10,21
2022-10-22,0.5397220564840726,2022,10,22
2022-10-23,0.5138281897242631,2022,10,23
2022-10-24,0.5248684965892982,2022,10,24
2022-10-25,0.5241225552718308,2022,10,25
2022-10-26,0.5241225552718308,2022,10,26
2022-10-27,0.5059813221701968,2022,10,27
2022-10-28,0.5285220865684893,2022,10,28
2022-10-29,0.5252721065896807,2022,10,29
2022-10-30,0.5252721065896807,2022,10,30
2022-10-31,0.4971437570276115,2022,10,31
2022-11-01,0.501382555289864,2022,11,01
2022-11-02,0.501382555289864,2022,11,02
2022-11-03,0.5401296239026115,2022,11,03
2022-11-04,0.4831964977684158,2022,11,04
2022-11-05,0.5291802634268907,2022,11,05
2022-11-06,0.5508470667546553,2022,11,06
2022-11-07,0.5095726574719336,2022,11,07
2022-11-08,0.4858763356253808,2022,11,08
2022-11-09,0.5417509624986672,2022,11,09
2022-11-10,0.5189816875286515,2022,11,10
2022-11-11,0.4921433061347734,2022,11,11
2022-11-12,0.4921433061347734,2022,11,12
2022-11-13,0.5037781251089932,2022,11,13
2022-11-14,0.5109254331359189,2022,11,14
2022-11-15,0.4868174383242298,2022,11,15
2022-11-16,0.5212966254543224,2022,11,16
2022-11-17,0.4852947331165997,2022,11,17
2022-11-18,0.5172773144960714,2022,11,18
2022-11-19,0.511144275417889,2022,11,19
2022-11-20,0.5510729194168263,2022,11,20
2022-11-21,0.518545015497159,2022,11,21
2022-11-22,0.518545015497159,2022,11,22
2022-11-23,0.5045238525268881,2022,11,23
2022-11-24,0.5199114264347656,2022,11,24
2022-11-25,0.5182237399606797,2022,11,25
2022-11-26,0.5182237399606797,2022,11,26
2022-11-27,0.5121678623561605,2022,11,27
2022-11-28,0.5141861696439205,2022,11,28
2022-11-29,0.5141861696439205,2022,11,29
2022-11-30,0.5469993562402188,2022,11,30
