ndwi,mndwi,ndci,date
,,,01-01-2018
,,,02-01-2018
,,,03-01-2018
,,,04-01-2018
,,,05-01-2018
,,,06-01-2018
,,,07-01-2018
,,,08-01-2018
,,,09-01-2018
,,,10-01-2018
,,,11-01-2018
,,,12-01-2018
,,,13-01-2018
,,,14-01-2018
,,,15-01-2018
,,,16-01-2018
,,,17-01-2018
,,,18-01-2018
,,,19-01-2018
,,,20-01-2018
,,,21-01-2018
,,,22-01-2018
,,,23-01-2018
,,,24-01-2018
,,,25-01-2018
,,,26-01-2018
,,,27-01-2018
,,,28-01-2018
,,,29-01-2018
,,,30-01-2018
,,,31-01-2018
,,,01-02-2018
,,,02-02-2018
,,,03-02-2018
,,,04-02-2018
,,,05-02-2018
,,,06-02-2018
,,,07-02-2018
,,,08-02-2018
,,,09-02-2018
,,,10-02-2018
,,,11-02-2018
,,,12-02-2018
,,,13-02-2018
,,,14-02-2018
,,,15-02-2018
,,,16-02-2018
,,,17-02-2018
,,,18-02-2018
,,,19-02-2018
,,,20-02-2018
,,,21-02-2018
,,,22-02-2018
,,,23-02-2018
,,,24-02-2018
,,,25-02-2018
,,,26-02-2018
,,,27-02-2018
,,,28-02-2018
,,,01-03-2018
,,,02-03-2018
,,,03-03-2018
,,,04-03-2018
,,,05-03-2018
,,,06-03-2018
,,,07-03-2018
,,,08-03-2018
,,,09-03-2018
,,,10-03-2018
,,,11-03-2018
,,,12-03-2018
,,,13-03-2018
,,,14-03-2018
,,,15-03-2018
,,,16-03-2018
,,,17-03-2018
,,,18-03-2018
,,,19-03-2018
,,,20-03-2018
,,,21-03-2018
,,,22-03-2018
,,,23-03-2018
,,,24-03-2018
,,,25-03-2018
,,,26-03-2018
,,,27-03-2018
,,,28-03-2018
,,,29-03-2018
,,,30-03-2018
,,,31-03-2018
,,,01-04-2018
,,,02-04-2018
,,,03-04-2018
,,,04-04-2018
,,,05-04-2018
,,,06-04-2018
,,,07-04-2018
,,,08-04-2018
,,,09-04-2018
,,,10-04-2018
,,,11-04-2018
,,,12-04-2018
,,,13-04-2018
,,,14-04-2018
,,,15-04-2018
,,,16-04-2018
,,,17-04-2018
,,,18-04-2018
,,,19-04-2018
,,,20-04-2018
,,,21-04-2018
,,,22-04-2018
,,,23-04-2018
,,,24-04-2018
,,,25-04-2018
,,,26-04-2018
,,,27-04-2018
,,,28-04-2018
,,,29-04-2018
,,,30-04-2018
,,,01-05-2018
,,,02-05-2018
,,,03-05-2018
,,,04-05-2018
,,,05-05-2018
,,,06-05-2018
,,,07-05-2018
,,,08-05-2018
,,,09-05-2018
,,,10-05-2018
,,,11-05-2018
,,,12-05-2018
,,,13-05-2018
,,,14-05-2018
,,,15-05-2018
,,,16-05-2018
,,,17-05-2018
,,,18-05-2018
,,,19-05-2018
,,,20-05-2018
,,,21-05-2018
,,,22-05-2018
,,,23-05-2018
,,,24-05-2018
,,,25-05-2018
,,,26-05-2018
,,,27-05-2018
,,,28-05-2018
,,,29-05-2018
,,,30-05-2018
,,,31-05-2018
,,,01-06-2018
,,,02-06-2018
,,,03-06-2018
,,,04-06-2018
,,,05-06-2018
,,,06-06-2018
,,,07-06-2018
,,,08-06-2018
,,,09-06-2018
,,,10-06-2018
,,,11-06-2018
,,,12-06-2018
,,,13-06-2018
,,,14-06-2018
,,,15-06-2018
,,,16-06-2018
,,,17-06-2018
,,,18-06-2018
,,,19-06-2018
,,,20-06-2018
,,,21-06-2018
,,,22-06-2018
,,,23-06-2018
,,,24-06-2018
,,,25-06-2018
,,,26-06-2018
,,,27-06-2018
,,,28-06-2018
,,,29-06-2018
,,,30-06-2018
,,,01-07-2018
,,,02-07-2018
,,,03-07-2018
,,,04-07-2018
,,,05-07-2018
,,,06-07-2018
,,,07-07-2018
,,,08-07-2018
,,,09-07-2018
,,,10-07-2018
,,,11-07-2018
,,,12-07-2018
,,,13-07-2018
,,,14-07-2018
,,,15-07-2018
,,,16-07-2018
,,,17-07-2018
,,,18-07-2018
,,,19-07-2018
,,,20-07-2018
,,,21-07-2018
,,,22-07-2018
,,,23-07-2018
,,,24-07-2018
,,,25-07-2018
,,,26-07-2018
,,,27-07-2018
,,,28-07-2018
,,,29-07-2018
,,,30-07-2018
,,,31-07-2018
,,,01-08-2018
,,,02-08-2018
,,,03-08-2018
,,,04-08-2018
,,,05-08-2018
,,,06-08-2018
,,,07-08-2018
,,,08-08-2018
,,,09-08-2018
,,,10-08-2018
,,,11-08-2018
,,,12-08-2018
,,,13-08-2018
,,,14-08-2018
,,,15-08-2018
,,,16-08-2018
,,,17-08-2018
,,,18-08-2018
,,,19-08-2018
,,,20-08-2018
,,,21-08-2018
,,,22-08-2018
,,,23-08-2018
,,,24-08-2018
,,,25-08-2018
,,,26-08-2018
,,,27-08-2018
,,,28-08-2018
,,,29-08-2018
,,,30-08-2018
,,,31-08-2018
,,,01-09-2018
,,,02-09-2018
,,,03-09-2018
,,,04-09-2018
,,,05-09-2018
,,,06-09-2018
,,,07-09-2018
,,,08-09-2018
,,,09-09-2018
,,,10-09-2018
,,,11-09-2018
,,,12-09-2018
,,,13-09-2018
,,,14-09-2018
,,,15-09-2018
,,,16-09-2018
,,,17-09-2018
,,,18-09-2018
,,,19-09-2018
,,,20-09-2018
,,,21-09-2018
,,,22-09-2018
,,,23-09-2018
,,,24-09-2018
,,,25-09-2018
,,,26-09-2018
,,,27-09-2018
,,,28-09-2018
,,,29-09-2018
,,,30-09-2018
,,,01-10-2018
,,,02-10-2018
,,,03-10-2018
,,,04-10-2018
,,,05-10-2018
,,,06-10-2018
,,,07-10-2018
,,,08-10-2018
,,,09-10-2018
,,,10-10-2018
,,,11-10-2018
,,,12-10-2018
,,,13-10-2018
,,,14-10-2018
,,,15-10-2018
,,,16-10-2018
,,,17-10-2018
,,,18-10-2018
,,,19-10-2018
,,,20-10-2018
,,,21-10-2018
,,,22-10-2018
,,,23-10-2018
,,,24-10-2018
,,,25-10-2018
,,,26-10-2018
,,,27-10-2018
,,,28-10-2018
,,,29-10-2018
,,,30-10-2018
,,,31-10-2018
,,,01-11-2018
,,,02-11-2018
,,,03-11-2018
,,,04-11-2018
,,,05-11-2018
,,,06-11-2018
,,,07-11-2018
,,,08-11-2018
,,,09-11-2018
,,,10-11-2018
,,,11-11-2018
,,,12-11-2018
,,,13-11-2018
,,,14-11-2018
,,,15-11-2018
,,,16-11-2018
,,,17-11-2018
,,,18-11-2018
,,,19-11-2018
,,,20-11-2018
,,,21-11-2018
,,,22-11-2018
,,,23-11-2018
,,,24-11-2018
,,,25-11-2018
,,,26-11-2018
,,,27-11-2018
,,,28-11-2018
,,,29-11-2018
,,,30-11-2018
,,,01-12-2018
,,,02-12-2018
,,,03-12-2018
,,,04-12-2018
,,,05-12-2018
,,,06-12-2018
,,,07-12-2018
,,,08-12-2018
,,,09-12-2018
,,,10-12-2018
,,,11-12-2018
,,,12-12-2018
,,,13-12-2018
,,,14-12-2018
,,,15-12-2018
,,,16-12-2018
,,,17-12-2018
-0.17786636,-0.088483551,-0.046015202,18-12-2018
,,,19-12-2018
,,,20-12-2018
,,,21-12-2018
,,,22-12-2018
-0.206892176,-0.115432601,-0.052787439,23-12-2018
,,,24-12-2018
,,,25-12-2018
,,,26-12-2018
,,,27-12-2018
-0.207646893,-0.121293429,-0.046423318,28-12-2018
,,,29-12-2018
,,,30-12-2018
,,,01-01-2019
-0.205867333,-0.127137364,-0.043023958,02-01-2019
,,,03-01-2019
,,,04-01-2019
,,,05-01-2019
,,,06-01-2019
-0.11872823,-0.050771235,-0.030321414,07-01-2019
,,,08-01-2019
,,,09-01-2019
,,,10-01-2019
,,,11-01-2019
-0.091032077,-0.062934701,-0.02182278,12-01-2019
,,,13-01-2019
,,,14-01-2019
,,,15-01-2019
,,,16-01-2019
-0.186858856,-0.125431487,-0.02364014,17-01-2019
,,,18-01-2019
,,,19-01-2019
,,,20-01-2019
,,,21-01-2019
-0.205593041,-0.154415282,-0.006433197,22-01-2019
,,,23-01-2019
,,,24-01-2019
,,,25-01-2019
,,,26-01-2019
-0.201520054,-0.163628966,-0.014523634,27-01-2019
,,,28-01-2019
,,,29-01-2019
,,,30-01-2019
,,,31-01-2019
-0.144720333,-0.111464528,-0.029748759,01-02-2019
,,,02-02-2019
,,,03-02-2019
,,,04-02-2019
,,,05-02-2019
-0.074376456,-0.043498391,-0.01727317,06-02-2019
,,,07-02-2019
,,,08-02-2019
,,,09-02-2019
,,,10-02-2019
-0.247528609,-0.168606168,-0.013995538,11-02-2019
,,,12-02-2019
,,,13-02-2019
,,,14-02-2019
,,,15-02-2019
-0.207142131,-0.165057841,-0.009895405,16-02-2019
,,,17-02-2019
,,,18-02-2019
,,,19-02-2019
,,,20-02-2019
-0.244510623,-0.182390169,-0.03381958,21-02-2019
,,,22-02-2019
,,,23-02-2019
,,,24-02-2019
,,,25-02-2019
-0.261689581,-0.187668617,0.01093964,26-02-2019
,,,27-02-2019
,,,28-02-2019
,,,01-03-2019
,,,02-03-2019
,,,03-03-2019
,,,04-03-2019
,,,05-03-2019
,,,06-03-2019
,,,07-03-2019
-0.295824544,-0.202969409,0.010994459,08-03-2019
,,,09-03-2019
,,,10-03-2019
,,,11-03-2019
,,,12-03-2019
,,,13-03-2019
,,,14-03-2019
,,,15-03-2019
,,,16-03-2019
,,,17-03-2019
-0.333789055,-0.269002509,-0.00446043,18-03-2019
,,,19-03-2019
,,,20-03-2019
,,,21-03-2019
,,,22-03-2019
-0.263339988,-0.169285296,0.007603693,23-03-2019
,,,24-03-2019
,,,25-03-2019
,,,26-03-2019
,,,27-03-2019
-0.248849564,-0.162620916,0.021503775,28-03-2019
,,,29-03-2019
,,,30-03-2019
,,,31-03-2019
,,,01-04-2019
-0.225091238,-0.141366943,0.006399385,02-04-2019
,,,03-04-2019
,,,04-04-2019
,,,05-04-2019
,,,06-04-2019
-0.235788384,-0.155836615,0.026364435,07-04-2019
,,,08-04-2019
,,,09-04-2019
,,,10-04-2019
,,,11-04-2019
-0.224783554,-0.145269344,0.013396284,12-04-2019
,,,13-04-2019
,,,14-04-2019
,,,15-04-2019
,,,16-04-2019
0.032984203,0.021223865,-0.051788917,17-04-2019
,,,18-04-2019
,,,19-04-2019
,,,20-04-2019
,,,21-04-2019
-0.242680702,-0.147775643,-0.005551671,22-04-2019
,,,23-04-2019
,,,24-04-2019
,,,25-04-2019
,,,26-04-2019
-0.219544762,-0.134151401,0.004456962,27-04-2019
,,,28-04-2019
,,,29-04-2019
,,,30-04-2019
,,,01-05-2019
-0.245258712,-0.14565194,0.013131249,02-05-2019
,,,03-05-2019
,,,04-05-2019
,,,05-05-2019
,,,06-05-2019
-0.226682756,-0.137874818,0.016236528,07-05-2019
,,,08-05-2019
,,,09-05-2019
,,,10-05-2019
,,,11-05-2019
-0.211397102,-0.12609842,0.021360529,12-05-2019
,,,13-05-2019
,,,14-05-2019
,,,15-05-2019
,,,16-05-2019
-0.241621126,-0.150981552,0.017254407,17-05-2019
,,,18-05-2019
,,,19-05-2019
,,,20-05-2019
,,,21-05-2019
-0.260668693,-0.169891327,-0.001702659,22-05-2019
,,,23-05-2019
,,,24-05-2019
,,,25-05-2019
,,,26-05-2019
-0.238005109,-0.148454946,0.007438998,27-05-2019
,,,28-05-2019
,,,29-05-2019
,,,30-05-2019
,,,31-05-2019
-0.230750922,-0.139563263,0.007368851,01-06-2019
,,,02-06-2019
,,,03-06-2019
,,,04-06-2019
,,,05-06-2019
-0.214022911,-0.129798416,0.01563422,06-06-2019
,,,07-06-2019
,,,08-06-2019
,,,09-06-2019
,,,10-06-2019
-0.214009001,-0.131150117,0.009055613,11-06-2019
,,,12-06-2019
,,,13-06-2019
,,,14-06-2019
,,,15-06-2019
,,,16-06-2019
,,,17-06-2019
,,,18-06-2019
,,,19-06-2019
,,,20-06-2019
,,,21-06-2019
,,,22-06-2019
,,,23-06-2019
,,,24-06-2019
,,,25-06-2019
,,,26-06-2019
,,,27-06-2019
,,,28-06-2019
,,,29-06-2019
,,,30-06-2019
,,,01-07-2019
,,,02-07-2019
,,,03-07-2019
,,,04-07-2019
,,,05-07-2019
,,,06-07-2019
,,,07-07-2019
,,,08-07-2019
,,,09-07-2019
,,,10-07-2019
,,,11-07-2019
,,,12-07-2019
,,,13-07-2019
,,,14-07-2019
,,,15-07-2019
,,,16-07-2019
,,,17-07-2019
,,,18-07-2019
,,,19-07-2019
,,,20-07-2019
,,,21-07-2019
,,,22-07-2019
,,,23-07-2019
,,,24-07-2019
,,,25-07-2019
,,,26-07-2019
,,,27-07-2019
,,,28-07-2019
,,,29-07-2019
,,,30-07-2019
,,,31-07-2019
,,,01-08-2019
,,,02-08-2019
,,,03-08-2019
,,,04-08-2019
,,,05-08-2019
,,,06-08-2019
,,,07-08-2019
,,,08-08-2019
,,,09-08-2019
,,,10-08-2019
,,,11-08-2019
,,,12-08-2019
,,,13-08-2019
,,,14-08-2019
,,,15-08-2019
,,,16-08-2019
,,,17-08-2019
,,,18-08-2019
,,,19-08-2019
,,,20-08-2019
,,,21-08-2019
,,,22-08-2019
,,,23-08-2019
,,,24-08-2019
,,,25-08-2019
,,,26-08-2019
,,,27-08-2019
,,,28-08-2019
,,,29-08-2019
,,,30-08-2019
,,,31-08-2019
,,,01-09-2019
,,,02-09-2019
,,,03-09-2019
,,,04-09-2019
,,,05-09-2019
,,,06-09-2019
,,,07-09-2019
,,,08-09-2019
,,,09-09-2019
,,,10-09-2019
,,,11-09-2019
,,,12-09-2019
,,,13-09-2019
,,,14-09-2019
,,,15-09-2019
,,,16-09-2019
,,,17-09-2019
,,,18-09-2019
,,,19-09-2019
,,,20-09-2019
,,,21-09-2019
,,,22-09-2019
,,,23-09-2019
,,,24-09-2019
,,,25-09-2019
,,,26-09-2019
,,,27-09-2019
,,,28-09-2019
,,,29-09-2019
,,,30-09-2019
,,,01-10-2019
,,,02-10-2019
,,,03-10-2019
-0.264669378,-0.100888599,-0.073597161,04-10-2019
,,,05-10-2019
,,,06-10-2019
,,,07-10-2019
,,,08-10-2019
-0.304496642,-0.114711274,-0.076648692,09-10-2019
,,,10-10-2019
,,,11-10-2019
,,,12-10-2019
,,,13-10-2019
-0.320704298,-0.141018359,-0.051623755,14-10-2019
,,,15-10-2019
,,,16-10-2019
,,,17-10-2019
,,,18-10-2019
,,,19-10-2019
,,,20-10-2019
,,,21-10-2019
,,,22-10-2019
,,,23-10-2019
,,,24-10-2019
,,,25-10-2019
,,,26-10-2019
,,,27-10-2019
,,,28-10-2019
,,,29-10-2019
,,,30-10-2019
,,,31-10-2019
,,,01-11-2019
,,,02-11-2019
,,,03-11-2019
,,,04-11-2019
,,,05-11-2019
,,,06-11-2019
,,,07-11-2019
,,,08-11-2019
,,,09-11-2019
,,,10-11-2019
,,,11-11-2019
,,,12-11-2019
,,,13-11-2019
,,,14-11-2019
,,,15-11-2019
,,,16-11-2019
,,,17-11-2019
,,,18-11-2019
,,,19-11-2019
,,,20-11-2019
,,,21-11-2019
,,,22-11-2019
-0.240052881,-0.082020314,-0.065832273,23-11-2019
,,,24-11-2019
,,,25-11-2019
,,,26-11-2019
,,,27-11-2019
-0.22067066,-0.058533821,-0.069457962,28-11-2019
,,,29-11-2019
,,,30-11-2019
,,,01-12-2019
,,,02-12-2019
-0.179085602,-0.046052996,-0.062377158,03-12-2019
,,,04-12-2019
,,,05-12-2019
,,,06-12-2019
,,,07-12-2019
-0.240786464,-0.084822175,-0.063109788,08-12-2019
,,,09-12-2019
,,,10-12-2019
,,,11-12-2019
,,,12-12-2019
-0.301252895,-0.135081106,-0.046435618,13-12-2019
,,,14-12-2019
,,,15-12-2019
,,,16-12-2019
,,,17-12-2019
-0.332305625,-0.15000806,-0.051006237,18-12-2019
,,,19-12-2019
,,,20-12-2019
,,,21-12-2019
,,,22-12-2019
-0.255633102,-0.116830883,-0.033273178,23-12-2019
,,,24-12-2019
,,,25-12-2019
,,,26-12-2019
,,,27-12-2019
-0.315513088,-0.139318845,-0.039796068,28-12-2019
,,,29-12-2019
,,,30-12-2019
,,,01-01-2020
,,,02-01-2020
,,,03-01-2020
,,,04-01-2020
,,,05-01-2020
,,,06-01-2020
,,,07-01-2020
,,,08-01-2020
,,,09-01-2020
,,,10-01-2020
,,,11-01-2020
-0.314156934,-0.158942595,-0.029420479,12-01-2020
,,,13-01-2020
,,,14-01-2020
,,,15-01-2020
,,,16-01-2020
-0.308173173,-0.171383256,-0.020982998,17-01-2020
,,,18-01-2020
,,,19-01-2020
,,,20-01-2020
,,,21-01-2020
,,,22-01-2020
,,,23-01-2020
,,,24-01-2020
,,,25-01-2020
,,,26-01-2020
,,,27-01-2020
,,,28-01-2020
,,,29-01-2020
,,,30-01-2020
,,,31-01-2020
-0.281350639,-0.150719236,-0.023220805,01-02-2020
,,,02-02-2020
,,,03-02-2020
,,,04-02-2020
,,,05-02-2020
-0.280751416,-0.182518178,-0.007017703,06-02-2020
,,,07-02-2020
,,,08-02-2020
,,,09-02-2020
,,,10-02-2020
-0.294366644,-0.178099389,-0.018868313,11-02-2020
,,,12-02-2020
,,,13-02-2020
,,,14-02-2020
,,,15-02-2020
-0.341885016,-0.193315569,-0.00957482,16-02-2020
,,,17-02-2020
,,,18-02-2020
,,,19-02-2020
,,,20-02-2020
-0.275077945,-0.16294185,-0.018409607,21-02-2020
,,,22-02-2020
,,,23-02-2020
,,,24-02-2020
,,,25-02-2020
-0.374624697,-0.236551272,0.006198608,26-02-2020
,,,27-02-2020
,,,28-02-2020
,,,29-02-2020
,,,01-03-2020
-0.351244097,-0.209861509,-0.015646752,02-03-2020
,,,03-03-2020
,,,04-03-2020
,,,05-03-2020
,,,06-03-2020
-0.444774763,-0.297144809,0.020805413,07-03-2020
,,,08-03-2020
,,,09-03-2020
,,,10-03-2020
,,,11-03-2020
,,,12-03-2020
,,,13-03-2020
,,,14-03-2020
,,,15-03-2020
,,,16-03-2020
-0.504961866,-0.351739412,0.003405905,17-03-2020
,,,18-03-2020
,,,19-03-2020
,,,20-03-2020
,,,21-03-2020
-0.490903102,-0.334208718,0.057291502,22-03-2020
,,,23-03-2020
,,,24-03-2020
,,,25-03-2020
,,,26-03-2020
,,,27-03-2020
,,,28-03-2020
,,,29-03-2020
,,,30-03-2020
,,,31-03-2020
-0.329496793,-0.185245575,0.013733896,01-04-2020
,,,02-04-2020
,,,03-04-2020
,,,04-04-2020
,,,05-04-2020
-0.259744123,-0.124855458,-0.024590023,06-04-2020
,,,07-04-2020
,,,08-04-2020
,,,09-04-2020
,,,10-04-2020
-0.272100936,-0.146415801,0.002273493,11-04-2020
,,,12-04-2020
,,,13-04-2020
,,,14-04-2020
,,,15-04-2020
-0.312604232,-0.174275947,0.004084245,16-04-2020
,,,17-04-2020
,,,18-04-2020
,,,19-04-2020
,,,20-04-2020
-0.329380421,-0.187247915,0.009810802,21-04-2020
,,,22-04-2020
,,,23-04-2020
,,,24-04-2020
,,,25-04-2020
-0.308243336,-0.171121707,0.004096614,26-04-2020
,,,27-04-2020
,,,28-04-2020
,,,29-04-2020
,,,30-04-2020
-0.305807331,-0.17352852,0.013207116,01-05-2020
,,,02-05-2020
,,,03-05-2020
,,,04-05-2020
,,,05-05-2020
-0.319249285,-0.179500903,0.005834594,06-05-2020
,,,07-05-2020
,,,08-05-2020
,,,09-05-2020
,,,10-05-2020
-0.336616654,-0.196860351,0.004135958,11-05-2020
,,,12-05-2020
,,,13-05-2020
,,,14-05-2020
,,,15-05-2020
-0.297450213,-0.161555714,0.003472653,16-05-2020
,,,17-05-2020
,,,18-05-2020
,,,19-05-2020
,,,20-05-2020
-0.340463664,-0.194434123,0.018066244,21-05-2020
,,,22-05-2020
,,,23-05-2020
,,,24-05-2020
,,,25-05-2020
-0.340866889,-0.205382143,0.018103144,26-05-2020
,,,27-05-2020
,,,28-05-2020
,,,29-05-2020
,,,30-05-2020
-0.271954656,-0.160799697,0.016482739,31-05-2020
,,,01-06-2020
,,,02-06-2020
,,,03-06-2020
,,,04-06-2020
-0.219739556,-0.11549994,-0.008099276,05-06-2020
,,,06-06-2020
,,,07-06-2020
,,,08-06-2020
,,,09-06-2020
-0.304154075,-0.147746966,-0.023905747,10-06-2020
,,,11-06-2020
,,,12-06-2020
,,,13-06-2020
,,,14-06-2020
,,,15-06-2020
,,,16-06-2020
,,,17-06-2020
,,,18-06-2020
,,,19-06-2020
,,,20-06-2020
,,,21-06-2020
,,,22-06-2020
,,,23-06-2020
,,,24-06-2020
,,,25-06-2020
,,,26-06-2020
,,,27-06-2020
,,,28-06-2020
,,,29-06-2020
-0.206564932,-0.080544864,-0.026354295,30-06-2020
,,,01-07-2020
,,,02-07-2020
,,,03-07-2020
,,,04-07-2020
,,,05-07-2020
,,,06-07-2020
,,,07-07-2020
,,,08-07-2020
,,,09-07-2020
,,,10-07-2020
,,,11-07-2020
,,,12-07-2020
,,,13-07-2020
,,,14-07-2020
,,,15-07-2020
,,,16-07-2020
,,,17-07-2020
,,,18-07-2020
,,,19-07-2020
,,,20-07-2020
,,,21-07-2020
,,,22-07-2020
,,,23-07-2020
,,,24-07-2020
,,,25-07-2020
,,,26-07-2020
,,,27-07-2020
,,,28-07-2020
,,,29-07-2020
,,,30-07-2020
,,,31-07-2020
,,,01-08-2020
,,,02-08-2020
,,,03-08-2020
,,,04-08-2020
,,,05-08-2020
,,,06-08-2020
,,,07-08-2020
,,,08-08-2020
,,,09-08-2020
,,,10-08-2020
,,,11-08-2020
,,,12-08-2020
,,,13-08-2020
,,,14-08-2020
,,,15-08-2020
,,,16-08-2020
,,,17-08-2020
,,,18-08-2020
,,,19-08-2020
,,,20-08-2020
,,,21-08-2020
,,,22-08-2020
,,,23-08-2020
,,,24-08-2020
,,,25-08-2020
,,,26-08-2020
,,,27-08-2020
,,,28-08-2020
,,,29-08-2020
,,,30-08-2020
,,,31-08-2020
,,,01-09-2020
,,,02-09-2020
,,,03-09-2020
,,,04-09-2020
,,,05-09-2020
,,,06-09-2020
,,,07-09-2020
,,,08-09-2020
,,,09-09-2020
,,,10-09-2020
,,,11-09-2020
,,,12-09-2020
,,,13-09-2020
,,,14-09-2020
,,,15-09-2020
,,,16-09-2020
,,,17-09-2020
,,,18-09-2020
,,,19-09-2020
,,,20-09-2020
,,,21-09-2020
,,,22-09-2020
,,,23-09-2020
,,,24-09-2020
,,,25-09-2020
,,,26-09-2020
,,,27-09-2020
-0.422383276,-0.209334453,-0.048614385,28-09-2020
,,,29-09-2020
,,,30-09-2020
,,,01-10-2020
,,,02-10-2020
,,,03-10-2020
,,,04-10-2020
,,,05-10-2020
,,,06-10-2020
,,,07-10-2020
,,,08-10-2020
,,,09-10-2020
,,,10-10-2020
,,,11-10-2020
,,,12-10-2020
,,,13-10-2020
,,,14-10-2020
,,,15-10-2020
,,,16-10-2020
,,,17-10-2020
-0.323565639,-0.129179971,-0.068673915,18-10-2020
,,,19-10-2020
,,,20-10-2020
,,,21-10-2020
,,,22-10-2020
-0.356556609,-0.143846536,-0.054588903,23-10-2020
,,,24-10-2020
,,,25-10-2020
,,,26-10-2020
,,,27-10-2020
-0.334392968,-0.14761861,-0.031580388,28-10-2020
,,,29-10-2020
,,,30-10-2020
,,,31-10-2020
,,,01-11-2020
-0.368022142,-0.16735474,-0.028953815,02-11-2020
,,,03-11-2020
,,,04-11-2020
,,,05-11-2020
,,,06-11-2020
-0.312725296,-0.141550286,-0.022971106,07-11-2020
,,,08-11-2020
,,,09-11-2020
,,,10-11-2020
,,,11-11-2020
-0.294137436,-0.13757719,-0.023970855,12-11-2020
,,,13-11-2020
,,,14-11-2020
,,,15-11-2020
,,,16-11-2020
-0.259331292,-0.113202721,-0.042817176,17-11-2020
,,,18-11-2020
,,,19-11-2020
,,,20-11-2020
,,,21-11-2020
-0.313368858,-0.14208864,-0.0096657,22-11-2020
,,,23-11-2020
,,,24-11-2020
,,,25-11-2020
,,,26-11-2020
-0.287721691,-0.1289538,-0.021341345,27-11-2020
,,,28-11-2020
,,,29-11-2020
,,,30-11-2020
,,,01-12-2020
-0.339389036,-0.186044114,0.019557667,02-12-2020
,,,03-12-2020
,,,04-12-2020
,,,05-12-2020
,,,06-12-2020
-0.325977494,-0.192075169,0.026669086,07-12-2020
,,,08-12-2020
,,,09-12-2020
,,,10-12-2020
,,,11-12-2020
,,,12-12-2020
,,,13-12-2020
,,,14-12-2020
,,,15-12-2020
,,,16-12-2020
-0.31756562,-0.176677201,0.011212601,17-12-2020
,,,18-12-2020
,,,19-12-2020
,,,20-12-2020
,,,21-12-2020
-0.321580721,-0.175038588,0.026470528,22-12-2020
,,,23-12-2020
,,,24-12-2020
,,,25-12-2020
,,,26-12-2020
-0.250647902,-0.157156702,0.01927684,27-12-2020
,,,28-12-2020
,,,29-12-2020
,,,30-12-2020
,,,31-12-2020
0.170646766,0.10430882,-0.123574141,01-01-2021
,,,02-01-2021
,,,03-01-2021
,,,04-01-2021
,,,05-01-2021
0.215188269,0.082778286,-0.137804556,06-01-2021
,,,07-01-2021
,,,08-01-2021
,,,09-01-2021
,,,10-01-2021
,,,11-01-2021
,,,12-01-2021
,,,13-01-2021
,,,14-01-2021
,,,15-01-2021
0.252551099,0.137952102,-0.183160903,16-01-2021
,,,17-01-2021
,,,18-01-2021
,,,19-01-2021
,,,20-01-2021
0.375673099,0.233502185,-0.258452188,21-01-2021
,,,22-01-2021
,,,23-01-2021
,,,24-01-2021
,,,25-01-2021
,,,26-01-2021
,,,27-01-2021
,,,28-01-2021
,,,29-01-2021
,,,30-01-2021
,,,31-01-2021
,,,01-02-2021
,,,02-02-2021
,,,03-02-2021
,,,04-02-2021
0.051418693,0.028867897,-0.082062503,05-02-2021
,,,06-02-2021
,,,07-02-2021
,,,08-02-2021
,,,09-02-2021
0.585338388,0.298292969,-0.316487595,10-02-2021
,,,11-02-2021
,,,12-02-2021
,,,13-02-2021
,,,14-02-2021
,,,15-02-2021
,,,16-02-2021
,,,17-02-2021
,,,18-02-2021
,,,19-02-2021
,,,20-02-2021
,,,21-02-2021
,,,22-02-2021
,,,23-02-2021
,,,24-02-2021
0.567491471,0.29796531,-0.290947915,25-02-2021
,,,26-02-2021
,,,27-02-2021
,,,28-02-2021
,,,01-03-2021
,,,02-03-2021
,,,03-03-2021
,,,04-03-2021
,,,05-03-2021
,,,06-03-2021
,,,07-03-2021
,,,08-03-2021
,,,09-03-2021
,,,10-03-2021
,,,11-03-2021
,,,12-03-2021
,,,13-03-2021
,,,14-03-2021
,,,15-03-2021
,,,16-03-2021
0.056013784,0.038815653,-0.073379055,17-03-2021
,,,18-03-2021
,,,19-03-2021
,,,20-03-2021
,,,21-03-2021
,,,22-03-2021
,,,23-03-2021
,,,24-03-2021
,,,25-03-2021
,,,26-03-2021
0.24145594,0.14227465,-0.16364084,27-03-2021
,,,28-03-2021
,,,29-03-2021
,,,30-03-2021
,,,31-03-2021
0.218876478,0.109715749,-0.134440085,01-04-2021
,,,02-04-2021
,,,03-04-2021
,,,04-04-2021
,,,05-04-2021
0.166611833,0.091703466,-0.115191926,06-04-2021
,,,07-04-2021
,,,08-04-2021
,,,09-04-2021
,,,10-04-2021
0.084856564,0.047103611,-0.077503003,11-04-2021
,,,12-04-2021
,,,13-04-2021
,,,14-04-2021
,,,15-04-2021
0.085840483,0.034199378,-0.072224709,16-04-2021
,,,17-04-2021
,,,18-04-2021
,,,19-04-2021
,,,20-04-2021
,,,21-04-2021
,,,22-04-2021
,,,23-04-2021
,,,24-04-2021
,,,25-04-2021
0.332681805,0.168001573,-0.195960377,26-04-2021
,,,27-04-2021
,,,28-04-2021
,,,29-04-2021
,,,30-04-2021
,,,01-05-2021
,,,02-05-2021
,,,03-05-2021
,,,04-05-2021
,,,05-05-2021
0.16737655,0.086678364,-0.122855924,06-05-2021
,,,07-05-2021
,,,08-05-2021
,,,09-05-2021
,,,10-05-2021
0.203717817,0.086548514,-0.1256999,11-05-2021
,,,12-05-2021
,,,13-05-2021
,,,14-05-2021
,,,15-05-2021
0.18392028,0.079616062,-0.124082198,16-05-2021
,,,17-05-2021
,,,18-05-2021
,,,19-05-2021
,,,20-05-2021
0.076204235,0.010000008,-0.0553294,21-05-2021
,,,22-05-2021
,,,23-05-2021
,,,24-05-2021
,,,25-05-2021
0.071164849,0.010608545,-0.054936103,26-05-2021
,,,27-05-2021
,,,28-05-2021
,,,29-05-2021
,,,30-05-2021
,,,31-05-2021
,,,01-06-2021
,,,02-06-2021
,,,03-06-2021
,,,04-06-2021
,,,05-06-2021
,,,06-06-2021
,,,07-06-2021
,,,08-06-2021
,,,09-06-2021
,,,10-06-2021
,,,11-06-2021
,,,12-06-2021
,,,13-06-2021
,,,14-06-2021
,,,15-06-2021
,,,16-06-2021
,,,17-06-2021
,,,18-06-2021
,,,19-06-2021
,,,20-06-2021
,,,21-06-2021
,,,22-06-2021
,,,23-06-2021
,,,24-06-2021
,,,25-06-2021
,,,26-06-2021
,,,27-06-2021
,,,28-06-2021
,,,29-06-2021
,,,30-06-2021
,,,01-07-2021
,,,02-07-2021
,,,03-07-2021
,,,04-07-2021
,,,05-07-2021
,,,06-07-2021
,,,07-07-2021
,,,08-07-2021
,,,09-07-2021
,,,10-07-2021
,,,11-07-2021
,,,12-07-2021
,,,13-07-2021
,,,14-07-2021
,,,15-07-2021
,,,16-07-2021
,,,17-07-2021
,,,18-07-2021
,,,19-07-2021
,,,20-07-2021
,,,21-07-2021
,,,22-07-2021
,,,23-07-2021
,,,24-07-2021
,,,25-07-2021
,,,26-07-2021
,,,27-07-2021
,,,28-07-2021
,,,29-07-2021
,,,30-07-2021
,,,31-07-2021
,,,01-08-2021
,,,02-08-2021
,,,03-08-2021
,,,04-08-2021
,,,05-08-2021
,,,06-08-2021
,,,07-08-2021
,,,08-08-2021
,,,09-08-2021
,,,10-08-2021
,,,11-08-2021
,,,12-08-2021
,,,13-08-2021
,,,14-08-2021
,,,15-08-2021
,,,16-08-2021
,,,17-08-2021
,,,18-08-2021
,,,19-08-2021
,,,20-08-2021
,,,21-08-2021
,,,22-08-2021
,,,23-08-2021
,,,24-08-2021
,,,25-08-2021
,,,26-08-2021
,,,27-08-2021
,,,28-08-2021
,,,29-08-2021
,,,30-08-2021
,,,31-08-2021
,,,01-09-2021
,,,02-09-2021
,,,03-09-2021
,,,04-09-2021
,,,05-09-2021
,,,06-09-2021
,,,07-09-2021
,,,08-09-2021
,,,09-09-2021
,,,10-09-2021
,,,11-09-2021
,,,12-09-2021
,,,13-09-2021
,,,14-09-2021
,,,15-09-2021
,,,16-09-2021
,,,17-09-2021
,,,18-09-2021
,,,19-09-2021
,,,20-09-2021
,,,21-09-2021
,,,22-09-2021
,,,23-09-2021
,,,24-09-2021
,,,25-09-2021
,,,26-09-2021
,,,27-09-2021
,,,28-09-2021
,,,29-09-2021
,,,30-09-2021
,,,
,,,
,,,
,,,
,,,
,,,
,,,
,,,
,,,
,,,
,,,
,,,
,,,
,,,
,,,
,,,
,,,
,,,
,,,
,,,
,,,
,,,
,,,
,,,
,,,
,,,
,,,
,,,
,,,
,,,
,,,
,,,
,,,
,,,01-10-2021
,,,02-10-2021
,,,03-10-2021
,,,04-10-2021
,,,05-10-2021
,,,06-10-2021
,,,07-10-2021
,,,08-10-2021
,,,09-10-2021
,,,10-10-2021
,,,11-10-2021
,,,12-10-2021
0.416463592,0.134337957,-0.258049833,13-10-2021
,,,14-10-2021
,,,15-10-2021
,,,16-10-2021
,,,17-10-2021
,,,18-10-2021
,,,19-10-2021
,,,20-10-2021
,,,21-10-2021
,,,22-10-2021
0.062672964,0.03565736,-0.102826672,23-10-2021
,,,24-10-2021
,,,25-10-2021
,,,26-10-2021
,,,27-10-2021
0.172409443,0.072842821,-0.127591676,28-10-2021
,,,29-10-2021
,,,30-10-2021
,,,31-10-2021
,,,01-11-2021
0.210215084,0.095012842,-0.14859604,02-11-2021
,,,03-11-2021
,,,04-11-2021
,,,05-11-2021
,,,06-11-2021
-0.012040129,0.008874133,-0.046908894,07-11-2021
,,,08-11-2021
,,,09-11-2021
,,,10-11-2021
,,,11-11-2021
0.242790446,0.084178322,-0.132879958,12-11-2021
,,,13-11-2021
,,,14-11-2021
,,,15-11-2021
,,,16-11-2021
,,,17-11-2021
,,,18-11-2021
,,,19-11-2021
,,,20-11-2021
,,,21-11-2021
,,,22-11-2021
,,,23-11-2021
,,,24-11-2021
,,,25-11-2021
,,,26-11-2021
0.321360735,0.140266355,-0.21785271,27-11-2021
,,,28-11-2021
,,,29-11-2021
,,,30-11-2021
,,,01-12-2021
,,,02-12-2021
,,,03-12-2021
,,,04-12-2021
,,,05-12-2021
,,,06-12-2021
0.071093507,0.049419116,-0.092518462,07-12-2021
,,,08-12-2021
,,,09-12-2021
,,,10-12-2021
,,,11-12-2021
0.230128236,0.078872294,-0.134249911,12-12-2021
,,,13-12-2021
,,,14-12-2021
,,,15-12-2021
,,,16-12-2021
,,,17-12-2021
,,,18-12-2021
,,,19-12-2021
,,,20-12-2021
,,,21-12-2021
0.178820937,0.090888277,-0.154702263,22-12-2021
,,,23-12-2021
,,,24-12-2021
,,,25-12-2021
,,,26-12-2021
0.419351214,0.106172788,-0.211783872,27-12-2021
,,,28-12-2021
,,,29-12-2021
,,,30-12-2021
,,,31-12-2021
,,,01-01-2022
,,,02-01-2022
,,,03-01-2022
,,,04-01-2022
,,,05-01-2022
,,,06-01-2022
,,,07-01-2022
,,,08-01-2022
,,,09-01-2022
,,,10-01-2022
,,,11-01-2022
,,,12-01-2022
,,,13-01-2022
,,,14-01-2022
,,,15-01-2022
,,,16-01-2022
,,,17-01-2022
,,,18-01-2022
,,,19-01-2022
,,,20-01-2022
0.541582452,0.244003039,-0.315418605,21-01-2022
,,,22-01-2022
,,,23-01-2022
,,,24-01-2022
,,,25-01-2022
0.079787441,0.053982951,-0.066110815,26-01-2022
,,,27-01-2022
,,,28-01-2022
,,,29-01-2022
,,,30-01-2022
0.084825587,0.053195201,-0.071579338,31-01-2022
,,,01-02-2022
,,,02-02-2022
,,,03-02-2022
,,,04-02-2022
0.086298884,0.044195927,-0.078024184,05-02-2022
,,,06-02-2022
,,,07-02-2022
,,,08-02-2022
,,,09-02-2022
,,,10-02-2022
,,,11-02-2022
,,,12-02-2022
,,,13-02-2022
,,,14-02-2022
0.039963679,0.015394365,-0.045667337,15-02-2022
,,,16-02-2022
,,,17-02-2022
,,,18-02-2022
,,,19-02-2022
0.106730779,0.048901343,-0.076898001,20-02-2022
,,,21-02-2022
,,,22-02-2022
,,,23-02-2022
,,,24-02-2022
,,,25-02-2022
,,,26-02-2022
,,,27-02-2022
,,,28-02-2022
,,,01-03-2022
,,,02-03-2022
,,,03-03-2022
,,,04-03-2022
,,,05-03-2022
,,,06-03-2022
,,,07-03-2022
,,,08-03-2022
,,,09-03-2022
,,,10-03-2022
,,,11-03-2022
,,,12-03-2022
,,,13-03-2022
,,,14-03-2022
,,,15-03-2022
,,,16-03-2022
,,,17-03-2022
,,,18-03-2022
,,,19-03-2022
,,,20-03-2022
,,,21-03-2022
0.080636973,0.020245385,-0.056330505,22-03-2022
,,,23-03-2022
,,,24-03-2022
,,,25-03-2022
,,,26-03-2022
0.116163023,0.041528302,-0.075418012,27-03-2022
,,,28-03-2022
,,,29-03-2022
,,,30-03-2022
,,,31-03-2022
0.096069683,0.016052662,-0.053087111,01-04-2022
,,,02-04-2022
,,,03-04-2022
,,,04-04-2022
,,,05-04-2022
0.117589811,0.038108228,-0.07672502,06-04-2022
,,,07-04-2022
,,,08-04-2022
,,,09-04-2022
,,,10-04-2022
,,,11-04-2022
,,,12-04-2022
,,,13-04-2022
,,,14-04-2022
,,,15-04-2022
0.019857723,-0.020044396,-0.013242498,16-04-2022
,,,17-04-2022
,,,18-04-2022
,,,19-04-2022
,,,20-04-2022
,,,21-04-2022
,,,22-04-2022
,,,23-04-2022
,,,24-04-2022
,,,25-04-2022
0.010280153,-0.018964753,-0.007887316,26-04-2022
,,,27-04-2022
,,,28-04-2022
,,,29-04-2022
,,,30-04-2022
-0.02283462,-0.033209058,-0.000397929,01-05-2022
,,,02-05-2022
,,,03-05-2022
,,,04-05-2022
,,,05-05-2022
-0.00804636,-0.034032636,0.002237962,06-05-2022
,,,07-05-2022
,,,08-05-2022
,,,09-05-2022
,,,10-05-2022
,,,11-05-2022
,,,12-05-2022
,,,13-05-2022
,,,14-05-2022
,,,15-05-2022
-0.001995876,-0.028795115,-0.00363332,16-05-2022
,,,17-05-2022
,,,18-05-2022
,,,19-05-2022
,,,20-05-2022
-0.001830566,-0.032032633,-0.00711468,21-05-2022
,,,22-05-2022
,,,23-05-2022
,,,24-05-2022
,,,25-05-2022
-0.000217238,-0.026114351,-0.015500821,26-05-2022
,,,27-05-2022
,,,28-05-2022
,,,29-05-2022
,,,30-05-2022
-0.017156394,-0.042608107,-0.007224671,31-05-2022
,,,01-06-2022
,,,02-06-2022
,,,03-06-2022
,,,04-06-2022
,,,05-06-2022
,,,06-06-2022
,,,07-06-2022
,,,08-06-2022
,,,09-06-2022
,,,10-06-2022
,,,11-06-2022
,,,12-06-2022
,,,13-06-2022
,,,14-06-2022
,,,15-06-2022
,,,16-06-2022
,,,17-06-2022
,,,18-06-2022
,,,19-06-2022
,,,20-06-2022
,,,21-06-2022
,,,22-06-2022
,,,23-06-2022
,,,24-06-2022
,,,25-06-2022
,,,26-06-2022
,,,27-06-2022
,,,28-06-2022
,,,29-06-2022
,,,30-06-2022
,,,01-07-2022
,,,02-07-2022
,,,03-07-2022
,,,04-07-2022
,,,05-07-2022
,,,06-07-2022
,,,07-07-2022
,,,08-07-2022
,,,09-07-2022
,,,10-07-2022
,,,11-07-2022
,,,12-07-2022
,,,13-07-2022
,,,14-07-2022
,,,15-07-2022
,,,16-07-2022
,,,17-07-2022
,,,18-07-2022
,,,19-07-2022
,,,20-07-2022
,,,21-07-2022
,,,22-07-2022
,,,23-07-2022
,,,24-07-2022
,,,25-07-2022
,,,26-07-2022
,,,27-07-2022
,,,28-07-2022
,,,29-07-2022
,,,30-07-2022
,,,31-07-2022
,,,01-08-2022
,,,02-08-2022
,,,03-08-2022
,,,04-08-2022
,,,05-08-2022
,,,06-08-2022
,,,07-08-2022
,,,08-08-2022
,,,09-08-2022
,,,10-08-2022
,,,11-08-2022
,,,12-08-2022
,,,13-08-2022
,,,14-08-2022
,,,15-08-2022
,,,16-08-2022
,,,17-08-2022
,,,18-08-2022
,,,19-08-2022
,,,20-08-2022
,,,21-08-2022
,,,22-08-2022
,,,23-08-2022
,,,24-08-2022
,,,25-08-2022
,,,26-08-2022
,,,27-08-2022
,,,28-08-2022
,,,29-08-2022
,,,30-08-2022
,,,31-08-2022
,,,01-09-2022
,,,02-09-2022
,,,03-09-2022
,,,04-09-2022
,,,05-09-2022
,,,06-09-2022
,,,07-09-2022
,,,08-09-2022
,,,09-09-2022
,,,10-09-2022
,,,11-09-2022
,,,12-09-2022
,,,13-09-2022
,,,14-09-2022
,,,15-09-2022
,,,16-09-2022
,,,17-09-2022
,,,18-09-2022
,,,19-09-2022
,,,20-09-2022
,,,21-09-2022
,,,22-09-2022
,,,23-09-2022
,,,24-09-2022
,,,25-09-2022
,,,26-09-2022
,,,27-09-2022
,,,28-09-2022
,,,29-09-2022
,,,30-09-2022
,,,01-10-2022
,,,02-10-2022
0.085543132,0.050141587,-0.068094787,03-10-2022
,,,04-10-2022
,,,05-10-2022
,,,06-10-2022
,,,07-10-2022
,,,08-10-2022
,,,09-10-2022
,,,10-10-2022
,,,11-10-2022
,,,12-10-2022
0.11748503,0.0606569,-0.072993605,13-10-2022
,,,14-10-2022
,,,15-10-2022
,,,16-10-2022
,,,17-10-2022
0.102194374,0.052428582,-0.068923815,18-10-2022
,,,19-10-2022
,,,20-10-2022
,,,21-10-2022
,,,22-10-2022
0.081685436,0.046168186,-0.053590417,23-10-2022
,,,24-10-2022
,,,25-10-2022
,,,26-10-2022
,,,27-10-2022
0.07679054,0.046231755,-0.053352867,28-10-2022
,,,29-10-2022
,,,30-10-2022
,,,31-10-2022
,,,01-11-2022
0.069573572,0.03889484,-0.042696226,02-11-2022
,,,03-11-2022
,,,04-11-2022
,,,05-11-2022
,,,06-11-2022
0.082018032,0.050842461,-0.056547328,07-11-2022
,,,08-11-2022
,,,09-11-2022
,,,10-11-2022
,,,11-11-2022
0.102908112,0.065021352,-0.06431177,12-11-2022
,,,13-11-2022
,,,14-11-2022
,,,15-11-2022
,,,16-11-2022
,,,17-11-2022
,,,18-11-2022
,,,19-11-2022
,,,20-11-2022
,,,21-11-2022
,,,22-11-2022
,,,23-11-2022
,,,24-11-2022
,,,25-11-2022
,,,26-11-2022
0.06661638,0.036172959,-0.036277519,27-11-2022
,,,28-11-2022
,,,29-11-2022
,,,30-11-2022
,,,01-12-2022
,,,02-12-2022
,,,03-12-2022
,,,04-12-2022
,,,05-12-2022
,,,06-12-2022
,,,07-12-2022
,,,08-12-2022
,,,09-12-2022
,,,10-12-2022
,,,11-12-2022
,,,12-12-2022
,,,13-12-2022
,,,14-12-2022
,,,15-12-2022
,,,16-12-2022
0.062637397,0.031763552,-0.046158177,17-12-2022
,,,18-12-2022
,,,19-12-2022
,,,20-12-2022
,,,21-12-2022
0.08157047,0.046934159,-0.053291678,22-12-2022
,,,23-12-2022
,,,24-12-2022
,,,25-12-2022
,,,26-12-2022
0.049377253,0.011238053,-0.032683279,27-12-2022
,,,28-12-2022
,,,29-12-2022
,,,30-12-2022
,,,31-12-2022
