date,Suspended Matter
2016-04-29,0.5567765471630807
2016-04-30,0.5450217523180759
2016-05-03,0.5382437399921006
2016-05-04,0.5827798053647042
2016-05-07,0.5474773831375446
2016-05-08,0.5569882336662604
2016-05-12,0.5414447925389568
2016-05-14,0.5380175219641745
2016-05-15,0.6271797532907456
2016-05-18,0.5427552761111706
2016-05-19,0.6167690852115076
2016-05-22,0.5936668092605069
2016-05-23,0.5899275134333093
2016-05-26,0.5503294489886336
2016-05-27,0.5790071479702087
2016-05-30,0.5417553040336717
2016-05-31,0.5799446805198974
2016-06-03,0.5587252361038884
2016-06-04,0.5892325747617647
2016-06-07,0.5683913658374097
2016-06-08,0.557534158329619
2016-06-10,0.5692920724826752
2016-06-11,0.6077353093639583
2016-06-14,0.595148255680743
2016-06-15,0.6003721961066625
2016-06-18,0
2016-06-19,0.6311675835694648
2016-06-22,0.5995862171612459
2016-06-23,0.5821726992619021
2016-06-26,0.5381172555477548
2016-06-27,0.5668425612514271
2016-06-30,0.5897744510515237
2016-07-01,0.5165704762957647
2016-07-04,0.5520615160335398
2016-07-05,0.6310589256700442
2016-07-07,0.6316023704144567
2016-07-08,0.6005428946024499
2016-07-11,0.6247854766205724
2016-07-12,0.5975591471258739
2016-07-15,0.6247809766071798
2016-07-16,0.6263977103959204
2016-07-19,0.6335650698912536
2016-07-20,0.6168978107275401
2016-07-23,0.6298573218507199
2016-07-24,0.6203754944235652
2016-07-27,0.612226762271456
2016-07-28,0.6239442331541248
2016-07-31,0.6340752003464087
2016-07-31,0.6135795031682889
2016-08-03,0.634280612699586
2016-08-04,0.5713799181865158
2016-08-07,0.6280782634096642
2016-08-08,0.6324201614683403
2016-08-11,0.635086390972896
2016-08-12,0.6223371593546962
2016-08-15,0.6320412720756825
2016-08-16,0.6286766600722101
2016-08-19,0.5797072543531175
2016-08-19,0.6287564024398148
2016-08-20,0.6284913485162367
2016-08-23,0.6288218471606337
2016-08-24,0.6259401202506458
2016-08-27,0.6149399119836367
2016-08-28,0.49777883051041977
2016-08-30,0.5906912040260333
2016-08-31,0.5842009837129294
2016-09-02,0.407454013065355
2016-09-03,0.6102242843440165
2016-09-04,0.5212541990755389
2016-09-07,0.4990974756529994
2016-09-11,0.5569717553496023
2016-09-12,0.5351383316964137
2016-09-15,0.4164580593017117
2016-09-16,0.5345738595592062
2016-09-19,0.6026237156458243
2016-09-20,0.37823242770008503
2016-09-23,0.4899685766473497
2016-09-24,0.4943487908643447
2016-09-26,0.4371586226916267
2016-09-27,0.5288183856868092
2016-09-30,0.48787102791232484
2016-10-01,0.6190100492800595
2016-10-04,0.4982359095018315
2016-10-05,0.4316885025075875
2016-10-08,0.607124840403686
2016-10-09,0.5898498421603156
2016-10-12,0.4400399629665192
2016-10-13,0.3994861831244641
2016-10-16,0.41319155475612873
2016-10-17,0.41926338482047615
2016-10-20,0.44660936576448884
2016-10-21,0.41530363507878804
2016-10-23,0.4323952814427577
2016-10-24,0.4394636118458048
2016-10-27,0.43527918085386985
2016-10-27,0.41793710807852547
2016-10-28,0.43495912094606065
2016-10-28,0.44492967852231996
2016-10-31,0.44574123194881904
2016-11-01,0.46489798888412204
2016-11-04,0.4411045207777404
2016-11-04,0.4445914427619819
2016-11-05,0.41734416651442324
2016-11-05,0.44507711422288226
2016-11-08,0.4174584470022655
2016-11-09,0.44767510426133034
2016-11-12,0.442410832955885
2016-11-12,0.4744724306104195
2016-11-13,0.44310831252294475
2016-11-16,0.4384966506993238
2016-11-16,0.4357734546684163
2016-11-17,0.4360492045866721
2016-11-17,0.44513535196061194
2016-11-19,0.4455987591819103
2016-11-20,0.4439065788573585
2016-11-23,0.4096299312199106
2016-11-23,0.4181513864892695
2016-11-24,0.39214080977949767
2016-11-24,0.4186655156944288
2016-11-27,0.39294712604942805
2016-11-28,0.4077045298046862
2016-12-01,0.3920782908908497
2016-12-01,0.4441950018008529
2016-12-02,0.4451093862798392
2016-12-02,0.4375615163703068
2016-12-05,0.4374559699550941
2016-12-06,0.4119977690347203
2016-12-06,0.40567232294558797
2016-12-09,0.4057910932156441
2016-12-10,0.42060601554432814
2016-12-13,0.407454013065355
2016-12-13,0.48452028049415574
2016-12-13,0.41183311658970956
2016-12-14,0.4082440462610083
2016-12-14,0.4153116519981182
2016-12-16,0.41582446842514675
2016-12-17,0.4198215334356091
2016-12-20,0.4005594436292001
2016-12-20,0.405639722045134
2016-12-21,0.4056813599747747
2016-12-21,0.38319042998300423
2016-12-24,0.38398502497313186
2016-12-25,0.39230228872478956
2016-12-28,0.39571797886022364
2016-12-28,0.4048301214332437
2016-12-29,0.3961193815305311
2016-12-29,0.38718511176341835
2017-01-01,0.38719627825841674
2017-01-02,0.42531969052700297
2017-01-02,0.6260569528886047
2017-01-05,0.6267471841359232
2017-01-05,0.41621561673583324
2017-01-06,0.418556318159872
2017-01-06,0.41479007096558884
2017-01-09,0.41434001226391193
2017-01-09,0.5174991707032157
2017-01-10,0.47307320078335435
2017-01-10,0.5181943916488704
2017-01-12,0.47378636683641506
2017-01-12,0.40599568409213704
2017-01-13,0.4060200160303047
2017-01-13,0.38592229258320765
2017-01-16,0.3870442028625917
2017-01-16,0.5179505244268066
2017-01-17,0.5174931863786482
2017-01-17,0.42876031024572797
2017-01-20,0.4293707743816202
2017-01-20,0.47958370231014585
2017-01-21,0.4405082547033424
2017-01-21,0.47899511649634513
2017-01-24,0.44118427067429594
2017-01-24,0.4225165426886562
2017-01-25,0.4227985992156258
2017-01-25,0.41804460304569047
2017-01-28,0.4176877925777126
2017-01-28,0.40345751915662553
2017-01-29,0.4031202831962777
2017-01-29,0.3834512002091364
2017-02-01,0.3842529133047142
2017-02-01,0.4071228600169682
2017-02-02,0.4024709495040681
2017-02-02,0.4076143175179913
2017-02-05,0.42943452393989845
2017-02-05,0.4023741684106337
2017-02-06,0.431053390514553
2017-02-06,0.4518259712777776
2017-02-08,0.4517312599873894
2017-02-08,0.4246305701205986
2017-02-09,0.42462670275180636
2017-02-09,0.4365627591606114
2017-02-12,0.43731179870202824
2017-02-12,0.47549937353036253
2017-02-13,0.47505625255666006
2017-02-13,0.46307158857929037
2017-02-16,0.4641262735113501
2017-02-16,0.3987992265282018
2017-02-17,0.39552215893685583
2017-02-17,0.39864907796288174
2017-02-20,0.39671478800862675
2017-02-20,0.3960212013676053
2017-02-21,0.3976690744905921
2017-02-21,0.41525952137156685
2017-02-24,0.41404769793853913
2017-02-24,0.4289831527553398
2017-02-25,0.42998498684189845
2017-02-25,0.40647919835765123
2017-02-28,0.4069359783187244
2017-02-28,0.4375447821064669
2017-03-01,0.4487210164560158
2017-03-01,0.439378710665232
2017-03-04,0.4489132288842039
2017-03-04,0.45295278653133264
2017-03-05,0.45356795199532385
2017-03-05,0.4624122049678355
2017-03-07,0.46282374198393533
2017-03-07,0.5231782836778944
2017-03-08,0.5229126907203665
2017-03-08,0.45031826336153685
2017-03-11,0.4508353363848445
2017-03-11,0.5038335894745545
2017-03-12,0.44180109255283595
2017-03-12,0.5029762630608697
2017-03-15,0.4426184580623371
2017-03-15,0.4703762054933719
2017-03-16,0.46942912274563053
2017-03-16,0.49119419993003327
2017-03-19,0.49116083738636224
2017-03-19,0.4642829424889914
2017-03-20,0.46451434886943926
2017-03-20,0.4575665621247669
2017-03-23,0.4570668826077326
2017-03-24,0.4759879543585467
2017-03-27,0.48516796026637715
2017-03-28,0.47917802119598524
2017-03-31,0.4618994861095361
2017-04-03,0.5490073907482572
2017-04-04,0.4493880207821454
2017-04-07,0.5328793676167815
2017-04-08,0.5217037748727211
2017-04-11,0.529918797592063
2017-04-12,0.4926828180233966
2017-04-16,0.5107446328616762
2017-04-19,0.5136854453958292
2017-04-20,0.502201225660152
2017-04-23,0.5090762876838911
2017-04-24,0.4894866359643067
2017-04-27,0.512620065104654
2017-04-28,0.5008693897357925
2017-04-30,0.6501245437711448
2017-05-04,0.6173944281851316
2017-05-05,0.5133824798206386
2017-05-08,0.5686480089905188
2017-05-09,0.49690175957543165
2017-05-12,0.539361939134847
2017-05-13,0.5166580750456304
2017-05-17,0.5203633382429173
2017-05-20,0.5506309588072809
2017-05-21,0.5212164384613688
2017-05-24,0.5226666836997461
2017-05-25,0.527224698872532
2017-05-27,0.6085809465928315
2017-05-28,0.5201325051333081
2017-05-31,0.6114408934771329
2017-06-01,0.514743759446652
2017-06-04,0.57756392762549
2017-06-05,0.6252330685262816
2017-06-08,0.6102452106154147
2017-06-09,0.4893762932502685
2017-06-12,0.5200196368503027
2017-06-13,0.5149376808372783
2017-06-16,0.5736304332303127
2017-06-17,0.49781466096086363
2017-06-20,0.5837425564096542
2017-06-21,0.6441816180621616
2017-06-23,0.5698865337189234
2017-06-24,0.605981045606999
2017-06-27,0.6267719164957937
2017-06-28,0.6225574362952755
2017-07-01,0.6077275014096929
2017-07-02,0.6275089504588626
2017-07-05,0.5410631789530597
2017-07-06,0.610024059339393
2017-07-09,0.6210965784541919
2017-07-10,0.6226381153359131
2017-07-13,0.6265620068155848
2017-07-14,0.632107213715518
2017-07-16,0.4376923278146755
2017-07-17,0.6197778525763125
2017-07-18,0.6273641819281457
2017-07-20,0.5810310961542728
2017-07-21,0.6250111052524665
2017-07-24,0.6125667976064721
2017-07-25,0.6151353145113182
2017-07-28,0.6155040950719278
2017-07-29,0.6047691038061749
2017-08-01,0.6294194789572556
2017-08-02,0.5971574871839647
2017-08-06,0.6044182205173784
2017-08-06,0.6275931450902384
2017-08-10,0.6253954681337296
2017-08-12,0.5523151276066987
2017-08-14,0.6169522226637337
2017-08-14,0.5958211028663507
2017-08-16,0.5800597847664071
2017-08-17,0.6363981666446751
2017-08-20,0.5435642778144102
2017-08-21,0.6106029441111023
2017-08-25,0.6272435869953025
2017-08-28,0.6057161021944478
2017-08-29,0.5412176215436764
2017-09-01,0.6206283078848503
2017-09-02,0.5370830359607799
2017-09-02,0.4566360482938198
2017-09-05,0.45691431438419666
2017-09-06,0.5145695897293471
2017-09-08,0.4920242329270256
2017-09-10,0.4363461034415367
2017-09-12,0.5352248551636649
2017-09-13,0.5562675763685108
2017-09-16,0.49622501587424567
2017-09-17,0.48236715440793676
2017-09-20,0.4752244380480124
2017-09-21,0.5281364811428882
2017-09-24,0.6276039522633649
2017-09-25,0.4141550668165536
2017-09-28,0.4323684734053069
2017-09-29,0.4257539134996819
2017-10-03,0.4334222452783017
2017-10-06,0.42543848175322946
2017-10-07,0.45865451365352533
2017-10-09,0.4533075515803693
2017-10-10,0.5170020757630157
2017-10-13,0.6279331768740709
2017-10-14,0.6261591831932497
2017-10-17,0.6288608632638135
2017-10-18,0.4451229942248725
2017-10-21,0.44273071951309634
2017-10-22,0.44033759478039397
2017-10-25,0.48183664688683886
2017-10-26,0.4562362345724858
2017-10-29,0.45115710713550433
2017-10-30,0.49769005284728574
2017-11-02,0.46059400649363835
2017-11-03,0.47129380699443285
2017-11-05,0.4756861287273461
2017-11-06,0.4610900387061613
2017-11-09,0.42937712873037726
2017-11-10,0.49274242846008576
2017-11-13,0.46784793170648836
2017-11-14,0.522893916636854
2017-11-17,0.49755052451573467
2017-11-18,0.4637528607139358
2017-11-21,0.4630077372297979
2017-11-22,0.5410833240903715
2017-11-25,0.6405534097450972
2017-11-26,0.48095503072506174
2017-11-29,0.44439251500297566
2017-11-30,0.4724056636329591
2017-12-02,0.4620354975106643
2017-12-03,0.49781215752442765
2017-12-06,0.48604656033707044
2017-12-07,0.5998205243734318
2017-12-10,0.5894298189896515
2017-12-11,0.45511370915720506
2017-12-14,0.45539769867916713
2017-12-15,0.49546341872612726
2017-12-18,0.4806465985973007
2017-12-19,0.5027658447638922
2017-12-22,0.5897374683678887
2017-12-23,0.5076491732608835
2017-12-26,0.45931846294929873
2017-12-27,0.4677985525321443
2017-12-29,0.45279359339324843
2017-12-30,0.4833306051559416
2018-01-02,0.46461879795112915
2018-01-03,0.5037596302296872
2018-01-06,0.5109877571820217
2018-01-07,0.4917830192386352
2018-01-10,0.47035029804628353
2018-01-11,0.47788044744782693
2018-01-14,0.4591619626725154
2018-01-15,0.4979409709349322
2018-01-18,0.4635619405880019
2018-01-19,0.5028179562039535
2018-01-22,0.4636214722452719
2018-01-23,0.49609910096353765
2018-01-25,0.49950664301234676
2018-01-26,0.5051893848041947
2018-01-29,0.47660800480603166
2018-01-30,0.505922170361337
2018-02-02,0.47789330620256465
2018-02-03,0.5040238239825773
2018-02-06,0.4969404251314678
2018-02-07,0.6038873417168282
2018-02-10,0.6288198939660298
2018-02-11,0.5160053657828563
2018-02-14,0.5044943087006929
2018-02-15,0.5068409476897577
2018-02-18,0.47220394661157106
2018-02-19,0.5190846413568618
2018-02-21,0.5136069472229375
2018-02-22,0.5122749869718501
2018-02-25,0.4915682684213803
2018-02-26,0.536487123824177
2018-03-01,0.4973188171373731
2018-03-02,0.5234246226150118
2018-03-05,0.5195332911022704
2018-03-06,0.5762734607392597
2018-03-09,0.5034983878747413
2018-03-10,0.5278571353115721
2018-03-13,0.5247769596021175
2018-03-14,0.533617667529414
2018-03-17,0.5321727882576872
2018-03-18,0.5394209451795469
2018-03-20,0.534133347870967
2018-03-20,0.6193430054298645
2018-03-23,0.5114667291810303
2018-03-25,0.556737118288771
2018-03-25,0.5208079986315316
2018-03-29,0.5362552910486192
2018-04-01,0.5356706330437451
2018-04-02,0.5647596882345349
2018-04-03,0.5503303484731654
2018-04-05,0.5615822626782189
2018-04-06,0.6063313541640044
2018-04-09,0.575674326266186
2018-04-10,0.5665975916348135
2018-04-13,0.5659774184621706
2018-04-14,0.5564916019561459
2018-04-16,0.6043872809797147
2018-04-17,0.5558258806830289
2018-04-20,0.5945108018322286
2018-04-21,0.5699855159778373
2018-04-24,0.5784028280660823
2018-04-25,0.5681737645093231
2018-04-28,0.5917195305615297
2018-04-29,0.5773859389917585
2018-05-02,0.5938473490328758
2018-05-03,0.5766173809805013
2018-05-06,0.6024559447810731
2018-05-07,0.5803897657700564
2018-05-10,0.6180413085667229
2018-05-11,0.585808626891931
2018-05-13,0.6480948443119091
2018-05-14,0.6117728756888682
2018-05-16,0.6164757303717113
2018-05-17,0.6357088004439034
2018-05-17,0.6111500393611009
2018-05-18,0.6110829997586223
2018-05-21,0.5871996265976182
2018-05-21,0.6138691453881553
2018-05-21,0.6269177414486431
2018-05-22,0.6285887147511598
2018-05-25,0.6151889404445006
2018-05-25,0.6169138853386652
2018-05-26,0.6057441025817606
2018-05-26,0.5645364194490602
2018-05-29,0.6141663205979829
2018-05-29,0.6271519006151507
2018-05-30,0.6165858888494238
2018-06-02,0.6041385030582463
2018-06-02,0.6015839535696627
2018-06-03,0.6349785292156596
2018-06-03,0.6212905041794451
2018-06-06,0.6169032886834648
2018-06-06,0.5897396228952464
2018-06-07,0.6210513570600923
2018-06-07,0.6221504844014716
2018-06-09,0.6396932445302407
2018-06-09,0.6181840253232916
2018-06-10,0.5933803949478652
2018-06-10,0.6402892721128391
2018-06-13,0.6133597037054875
2018-06-13,0.6313880329618101
2018-06-14,0.6023969902628539
2018-06-14,0.6142102470530026
2018-06-17,0.6062954058412914
2018-06-17,0.5978001503523384
2018-06-18,0.634031441527997
2018-06-18,0.6091755403615569
2018-06-21,0.6319963380306134
2018-06-21,0.6043662319521012
2018-06-22,0.596977168188326
2018-06-25,0.608428041324421
2018-06-25,0.5963995097463294
2018-06-26,0.6369869831109771
2018-06-26,0.5977063897915573
2018-06-29,0.6355946382006484
2018-06-29,0.6163614431421536
2018-06-30,0.6176850538524307
2018-06-30,0.5853765375005217
2018-07-02,0.6279023269205721
2018-07-03,0.5940169326602437
2018-07-04,0.6324698526407526
2018-07-06,0.5637658941217303
2018-07-06,0.6333647867994497
2018-07-07,0.5720785364417365
2018-07-07,0.5397587873331947
2018-07-10,0.6264429518121669
2018-07-10,0.5384880199046933
2018-07-11,0.5916769475562538
2018-07-11,0.6191619339440533
2018-07-14,0.5896717204938821
2018-07-15,0.6312412217204599
2018-07-15,0.611364838758023
2018-07-18,0.5866370292945413
2018-07-18,0.6110703219748285
2018-07-19,0.6258843435183975
2018-07-22,0.5990556333704272
2018-07-22,0.6262040863431587
2018-07-23,0.6317244045200547
2018-07-23,0.5791974478841817
2018-07-26,0.6246970948686716
2018-07-26,0.6274164678819644
2018-07-27,0.5831736304115532
2018-07-27,0.6293041231209634
2018-07-30,0.6201779728574832
2018-07-30,0.6353128178149098
2018-07-30,0.6240597732163772
2018-07-31,0.5678342009918145
2018-08-02,0.5799115236657449
2018-08-02,0.6086713409644937
2018-08-03,0.574234861689493
2018-08-03,0.5808582505239052
2018-08-06,0.6024283236191708
2018-08-06,0.6340330635000552
2018-08-07,0.6290270634563209
2018-08-07,0.6324645242441809
2018-08-11,0.4066532842893082
2018-08-11,0.3897235637277167
2018-08-11,0.6354353980060403
2018-08-14,0.5689575192863038
2018-08-14,0.6345621298072259
2018-08-15,0.5858025890692462
2018-08-15,0.5830921315982246
2018-08-18,0.6287223673636269
2018-08-18,0.5977701734340148
2018-08-19,0.6307360182976132
2018-08-19,0.6265286211982249
2018-08-22,0.622973276100879
2018-08-22,0.6276455199082918
2018-08-23,0.6282641382663625
2018-08-23,0.6354105801339589
2018-08-26,0.6267992811849971
2018-08-26,0.6356770516658997
2018-08-27,0.6217546352055751
2018-08-27,0.6305045523008476
2018-08-29,0.6313879070493208
2018-08-29,0.6314870129249677
2018-08-29,0.6212975268728933
2018-08-30,0.6306877685004585
2018-09-02,0.6269062815022239
2018-09-02,0.6328055574999699
2018-09-02,0.6326296469535433
2018-09-03,0.631416164545854
2018-09-06,0.620277409874492
2018-09-06,0.6201794306215765
2018-09-07,0.6203339466109999
2018-09-07,0.628721877837535
2018-09-10,0.6339717354543912
2018-09-10,0.6320971409505397
2018-09-11,0.6121405948147342
2018-09-11,0.6170887521673151
2018-09-14,0.5426948669631677
2018-09-14,0.5264677812272749
2018-09-15,0.42952919385148036
2018-09-15,0.4275020557474915
2018-09-18,0.46264398305303206
2018-09-18,0.44783931467232474
2018-09-19,0.4498002933754988
2018-09-19,0.47059631644299527
2018-09-22,0.44895430325445257
2018-09-22,0.4318814075802193
2018-09-23,0.6264838531244454
2018-09-23,0.612973590987969
2018-09-25,0.6277879421680858
2018-09-25,0.626945199107856
2018-09-26,0.4589645768107279
2018-09-26,0.4590605813315478
2018-09-29,0.437032184720124
2018-09-29,0.45392381422076405
2018-09-30,0.4066803341148688
2018-09-30,0.40464937373430243
2018-10-03,0.569815659134922
2018-10-04,0.4160432999607157
2018-10-04,0.4138529645393074
2018-10-07,0.4487458739542761
2018-10-07,0.46153507717087655
2018-10-08,0.5547019283469881
2018-10-08,0.5509077906220509
2018-10-11,0.4348173924396675
2018-10-11,0.45748232527211435
2018-10-12,0.46334204593983425
2018-10-12,0.45975568721060006
2018-10-15,0.46777514966353756
2018-10-15,0.4434862049621659
2018-10-16,0.45557828134827844
2018-10-16,0.4317094739827377
2018-10-19,0.4780073125458963
2018-10-19,0.45111106797263184
2018-10-20,0.44607320216391083
2018-10-20,0.4581127419442878
2018-10-22,0.45903038208357666
2018-10-23,0.45787131966119954
2018-10-23,0.45664274157310475
2018-10-26,0.4429740520068457
2018-10-26,0.47153902775810064
2018-10-27,0.4513291307196075
2018-10-27,0.444830064071546
2018-10-30,0.4271511576702001
2018-10-30,0.4665473494957434
2018-10-31,0.4422054411669084
2018-10-31,0.44757859219451707
2018-11-02,0.47471078166662545
2018-11-03,0.4626358809494708
2018-11-03,0.43664858782586663
2018-11-04,0.45037660906754995
2018-11-06,0.46565614236135583
2018-11-07,0.44992183756169224
2018-11-07,0.4475674016481577
2018-11-08,0.48572829381789306
2018-11-10,0.4916920726994941
2018-11-11,0.45333290474179405
2018-11-11,0.4534922184838737
2018-11-12,0.4830919698177363
2018-11-13,0.4891852116583591
2018-11-14,0.5276119552928644
2018-11-15,0.4535528057727487
2018-11-16,0.4606982172745285
2018-11-17,0.4760064630048064
2018-11-18,0.47709472311627266
2018-11-18,0.46853733125335617
2018-11-19,0.47720870140422433
2018-11-21,0.4781150163095871
2018-11-22,0.4695119896597557
2018-11-22,0.46558068747880316
2018-11-23,0.4867899433897045
2018-11-25,0.49164695930485913
2018-11-26,0.46748319990179804
2018-11-26,0.45588832218153036
2018-11-27,0.47271706449995987
2018-11-29,0.48475483005407033
2018-11-30,0.48183992155014826
2018-11-30,0.44910318463577054
2018-12-01,0.4818543267368282
2018-12-03,0.5030309696842142
2018-12-04,0.47074566016754094
2018-12-05,0.5724609346548946
2018-12-06,0.5561622042293506
2018-12-07,0.5095688739113234
2018-12-08,0.4648645417778912
2018-12-09,0.5027111571268552
2018-12-10,0.4926385434585652
2018-12-11,0.49614361848875027
2018-12-12,0.49017419888493857
2018-12-13,0.47576116130782925
2018-12-14,0.4852799005736897
2018-12-15,0.4882736896650035
2018-12-15,0.47952276862159765
2018-12-16,0.4987832266560007
2018-12-18,0.4861788181698089
2018-12-19,0.45360899632018487
2018-12-19,0.4738436599626762
2018-12-20,0.4778164553218751
2018-12-22,0.47841660016387166
2018-12-23,0.4591498183002976
2018-12-23,0.4468944725328278
2018-12-24,0.4672394960237097
2018-12-26,0.4834919068780933
2018-12-27,0.49197798352265637
2018-12-27,0.46041767724644445
2018-12-28,0.4902637587023777
2018-12-30,0.48216973064644547
2018-12-31,0.4584702381316027
2019-01-01,0.47618210850360576
2019-01-02,0.49006127684755957
2019-01-03,0.48302122992356816
2019-01-04,0.45690321310614623
2019-01-05,0.4800128721829636
2019-01-06,0.4902444637113473
2019-01-07,0.48569237603980603
2019-01-08,0.5041310161655733
2019-01-09,0.49784840956854554
2019-01-10,0.5192004511707647
2019-01-11,0.4971877531141966
2019-01-11,0.4857733864826552
2019-01-12,0.5063535001000506
2019-01-14,0.4998735744836482
2019-01-15,0.49905290786454903
2019-01-15,0.5197168905642099
2019-01-16,0.5039533500159848
2019-01-18,0.4931415235317422
2019-01-19,0.4763723519411713
2019-01-19,0.46667543178358434
2019-01-20,0.4898114316375796
2019-01-22,0.4963349000309489
2019-01-23,0.5227386198598445
2019-01-23,0.47334379372997654
2019-01-24,0.5028797298306543
2019-01-26,0.6374163752111344
2019-01-27,0.5166927120341785
2019-01-28,0.49978015715999907
2019-01-29,0.5301749942092606
2019-01-30,0.492412611669628
2019-01-31,0.47709288988835885
2019-02-01,0.5947196490703099
2019-02-02,0.4982058819678863
2019-02-03,0.5140273278224625
2019-02-04,0.5044887245582959
2019-02-05,0.5170093329967251
2019-02-06,0.5272163780555364
2019-02-07,0.5441597114443188
2019-02-07,0.5382199388727834
2019-02-08,0.5031833714450316
2019-02-10,0.5051826844935372
2019-02-11,0.5032007590668184
2019-02-11,0.4944626516450729
2019-02-12,0.5109689151855434
2019-02-14,0.5140030936532574
2019-02-15,0.5013155454931574
2019-02-15,0.5444367142045743
2019-02-16,0.5136691500490979
2019-02-18,0.517880433298659
2019-02-19,0.5856587807883196
2019-02-19,0.5028945424022674
2019-02-20,0.5029820232772045
2019-02-22,0.5233249012054015
2019-02-23,0.49549405985471057
2019-02-24,0.5054907979523569
2019-02-25,0.5183709143816017
2019-02-26,0.5033336703252472
2019-02-27,0.6221573757697219
2019-02-28,0.5742126014581621
2019-03-01,0.5353524780506048
2019-03-02,0.5025836212281777
2019-03-03,0.500988819366665
2019-03-04,0.5643515688975681
2019-03-05,0.5355438899834994
2019-03-06,0.5180048185750687
2019-03-06,0.5318080480220785
2019-03-07,0.5240264677464657
2019-03-09,0.5360783402782427
2019-03-10,0.520803475875201
2019-03-10,0.5107348441124018
2019-03-11,0.536911411158901
2019-03-13,0.5506222916001289
2019-03-14,0.6036400938570295
2019-03-14,0.5209414125851654
2019-03-15,0.6326992434937962
2019-03-17,0.6257937722154548
2019-03-18,0.5728618808934888
2019-03-18,0.6101809620068573
2019-03-19,0.5342968401840574
2019-03-21,0.594407551433985
2019-03-22,0.5328274186218814
2019-03-23,0.5513549989883187
2019-03-24,0.5655172119608725
2019-03-25,0.5636423787257423
2019-03-26,0.5466093944805163
2019-03-27,0.5783171498935836
2019-03-28,0.5689444612665012
2019-03-29,0.5589085059445377
2019-03-30,0.5678417540669053
2019-03-31,0.5736913690015478
2019-04-01,0.5980129333359948
2019-04-02,0.5724689739639742
2019-04-02,0.5657766454673145
2019-04-03,0.6018666042216984
2019-04-03,0.6065937582157052
2019-04-05,0.5832823054830724
2019-04-06,0.6007363832525613
2019-04-06,0.5631021648224949
2019-04-07,0.5792059537964942
2019-04-09,0.5650375769018218
2019-04-11,0.5840633750565866
2019-04-13,0.5975903769646839
2019-04-14,0.5783631540764556
2019-04-15,0.5801000137780942
2019-04-16,0.6199271608186574
2019-04-17,0.6149206779889963
2019-04-18,0.5973444982671914
2019-04-19,0.5636694039345271
2019-04-20,0.5673470723965026
2019-04-21,0.5734975695130413
2019-04-22,0.5545987067371023
2019-04-23,0.5841446627157433
2019-04-24,0.5782957571404549
2019-04-25,0.5959465555909785
2019-04-26,0.6386685562065304
2019-04-27,0.5892172396786438
2019-04-28,0.5777553531442048
2019-04-29,0.5941448999508797
2019-04-29,0.5613073323896114
2019-04-30,0.6289794372663114
2019-05-02,0.584314286117828
2019-05-02,0.6017187485639525
2019-05-03,0.595151576876553
2019-05-04,0.61578193258702
2019-05-06,0.5877274788666266
2019-05-07,0.5935514065455663
2019-05-07,0.5991455287286048
2019-05-08,0.608422540067139
2019-05-10,0.6270554626820497
2019-05-11,0.5848522246655921
2019-05-12,0.5996853547874175
2019-05-13,0.6350980782039951
2019-05-14,0.6092814370334144
2019-05-16,0.6014146954787477
2019-05-17,0.6222506395325577
2019-05-18,0.6038133865075882
2019-05-19,0.5835398410133744
2019-05-20,0.6138052406381432
2019-05-21,0.6058915085838893
2019-05-22,0.6169123670954813
2019-05-23,0.584131132467832
2019-05-24,0.6149845920661046
2019-05-25,0.6136808624059078
2019-05-26,0.6168392317556921
2019-05-26,0.5900061302275401
2019-05-27,0.6333525678390924
2019-05-30,0.6188200125167062
2019-05-31,0.6260699274516814
2019-06-02,0.6205337151308726
2019-06-03,0.6190947378140963
2019-06-03,0.624063874412034
2019-06-04,0.6386146295086355
2019-06-06,0.6201955947866846
2019-06-07,0.6361040659502312
2019-06-07,0.6182320577067716
2019-06-08,0.6289361782211796
2019-06-10,0.6441794335474254
2019-06-11,0.6172444740320149
2019-06-12,0.6407378071045863
2019-06-13,0.6386508684086446
2019-06-14,0.6359404848502114
2019-06-15,0.6084758062164206
2019-06-16,0.6267116762796471
2019-06-17,0.6279763241833289
2019-06-18,0.6152774779812081
2019-06-19,0.5941675393396283
2019-06-20,0.62303986901098
2019-06-21,0.6169153606564568
2019-06-22,0.5752403743975021
2019-06-22,0.5958716191072538
2019-06-23,0.6165651089347195
2019-06-25,0.5950922767685926
2019-06-26,0.603298196454798
2019-06-26,0.6055461939539555
2019-06-27,0.5968364424064759
2019-06-29,0.5939285182052895
2019-06-30,0.630358025614898
2019-06-30,0.5921350708512285
2019-07-01,0.5311091857841201
2019-07-03,0.6298197853577586
2019-07-04,0.6255803058257522
2019-07-04,0.6313230745365553
2019-07-05,0.6276602005956591
2019-07-07,0.6266611314438927
2019-07-08,0.6298322511918172
2019-07-09,0.633669526935732
2019-07-10,0.6257164048183822
2019-07-11,0.6060134867860406
2019-07-12,0.6140874078038034
2019-07-13,0.6304195465372906
2019-07-14,0.6009101187337494
2019-07-15,0.5585789336101371
2019-07-16,0.6060982755507868
2019-07-17,0.5663466878327976
2019-07-18,0.5976875144057833
2019-07-19,0.5419598301819325
2019-07-19,0.5229424518573471
2019-07-20,0.5359632088542486
2019-07-22,0.5181943326994212
2019-07-23,0.5104143713391718
2019-07-23,0.5378097272531498
2019-07-24,0.5044763340953973
2019-07-26,0.47581174621813443
2019-07-27,0.46960288458294264
2019-07-27,0.6183612506466064
2019-07-28,0.6107171178157779
2019-07-30,0.6336384150489656
2019-07-31,0.6293865563135715
2019-07-31,0.6334503932239787
2019-08-02,0.5164753946239766
2019-08-03,0.6312362102661508
2019-08-04,0.5319893582246503
2019-08-05,0.6148560306769805
2019-08-06,0.6297740824246553
2019-08-07,0.6343372498666009
2019-08-08,0.6149238083566672
2019-08-09,0.6209886726259569
2019-08-10,0.6231009744017243
2019-08-11,0.6018326638305757
2019-08-12,0.6235182939100126
2019-08-13,0.634892279471993
2019-08-14,0.6166532223743396
2019-08-15,0.6248352675393977
2019-08-15,0.6288113239658601
2019-08-16,0.6261330935826874
2019-08-18,0.6264247719397512
2019-08-19,0.6245575669095665
2019-08-19,0.6211405027922378
2019-08-20,0.5950556987914363
2019-08-22,0.6117826635765545
2019-08-23,0.6239607859904618
2019-08-23,0.6066334897322604
2019-08-24,0.6223430567244433
2019-08-26,0.6385458191712257
2019-08-27,0.6247774618066374
2019-08-27,0.6259132486173551
2019-08-28,0.5646138914704949
2019-08-30,0.5764845490359127
2019-08-31,0.6273131771353767
2019-09-01,0.6010692290871807
2019-09-02,0.6087927666856198
2019-09-03,0.6189850611708383
2019-09-04,0.6010650630865354
2019-09-05,0.6110939046768034
2019-09-06,0.6313108809586475
2019-09-07,0.609144361853867
2019-09-08,0.5302205999485431
2019-09-09,0.6050953024977375
2019-09-10,0.6357251395001369
2019-09-11,0.6255049012070459
2019-09-11,0.6312801293379787
2019-09-12,0.545105146045032
2019-09-14,0.6258453598148344
2019-09-15,0.6081614506046755
2019-09-15,0.617116684719112
2019-09-16,0.6329315815777711
2019-09-18,0.6324804785864065
2019-09-19,0.6252896058784192
2019-09-19,0.5915567270456528
2019-09-20,0.5544655253180039
2019-09-22,0.5480544837665289
2019-09-23,0.6284928058574332
2019-09-23,0.546086018863219
2019-09-24,0.532915601707746
2019-09-26,0.6238054159277756
2019-09-27,0.5401157971636076
2019-09-28,0.5900557458541541
2019-09-29,0.6158223164632906
2019-09-30,0.6169405856868654
2019-10-01,0.6256963393309584
2019-10-02,0.5849018383819332
2019-10-03,0.40643024356801594
2019-10-04,0.42280626073942473
2019-10-05,0.6429859730184327
2019-10-06,0.5088780818897898
2019-10-07,0.4556919309443506
2019-10-08,0.4324024181724637
2019-10-08,0.5337157557446863
2019-10-09,0.4333785528698059
2019-10-11,0.4347304622024284
2019-10-12,0.43229267008983874
2019-10-12,0.3960994721155489
2019-10-13,0.39115121392149843
2019-10-15,0.4255764786552095
2019-10-16,0.3915079102979668
2019-10-16,0.3938872108897666
2019-10-17,0.404073634876441
2019-10-19,0.444575081568564
2019-10-20,0.617748552631167
2019-10-20,0.41670974961303914
2019-10-21,0.6300990668932028
2019-10-23,0.584748977581697
2019-10-24,0.6222318839259534
2019-10-25,0.420127932594917
2019-10-26,0.6246723649214166
2019-10-27,0.6103846672274433
2019-10-28,0.5619135436279896
2019-10-29,0.6118903275323941
2019-10-30,0.6276114593575635
2019-10-31,0.4191319988262432
2019-11-01,0.620398222147387
2019-11-02,0.5195933535812732
2019-11-03,0.4428093916709787
2019-11-04,0.608193937857295
2019-11-04,0.612734932642755
2019-11-05,0.39412315516796054
2019-11-07,0.41827773216149344
2019-11-08,0.4106912219789481
2019-11-08,0.4240730028789802
2019-11-09,0.5405399713407866
2019-11-11,0.4722064778769589
2019-11-12,0.45641619799996463
2019-11-12,0.410082856051594
2019-11-13,0.44755662048992617
2019-11-15,0.46780535402030887
2019-11-16,0.43740459189889463
2019-11-16,0.44456401787300714
2019-11-17,0.4313384212598929
2019-11-19,0.4925131112498204
2019-11-20,0.44625288441562183
2019-11-21,0.5093567010142632
2019-11-22,0.4404251973248426
2019-11-23,0.4383756834885258
2019-11-24,0.4306796980404168
2019-11-25,0.5851516938443688
2019-11-26,0.44622426743729
2019-11-27,0.44408117367949484
2019-11-28,0.45416879641629015
2019-11-29,0.4196263970349586
2019-11-30,0.4506107315525282
2019-12-01,0.4409288792820822
2019-12-01,0.4544306613255729
2019-12-02,0.5102161084156149
2019-12-04,0.4850592375228197
2019-12-05,0.4744001064181516
2019-12-05,0.4202203592103986
2019-12-06,0.434703235773635
2019-12-08,0.46955882279284333
2019-12-09,0.43684907252292043
2019-12-09,0.40557303847855863
2019-12-10,0.45435223575686745
2019-12-12,0.4693001199295917
2019-12-13,0.44878617072607874
2019-12-13,0.4893948638646294
2019-12-14,0.4241979960079579
2019-12-16,0.6284309442452239
2019-12-17,0.6293629072855234
2019-12-18,0.49863627265133403
2019-12-19,0.6350615847577477
2019-12-20,0.4301555353491172
2019-12-21,0.4182500385690389
2019-12-22,0.4273397974088805
2019-12-23,0.43919686173791844
2019-12-24,0.4597466841900181
2019-12-25,0.4397863948833235
2019-12-26,0.6150962835457491
2019-12-27,0.5075546336406641
2019-12-28,0.3970065875518429
2019-12-28,0.4362498561235898
2019-12-29,0.39836918270273364
2019-12-31,0.4179071032523374
2020-01-01,0.6289420475505862
2020-01-01,0.5131826125024903
2020-01-02,0.6323690084118962
2020-01-04,0.6345396901247243
2020-01-05,0.5810591746872168
2020-01-05,0.6442475591107242
2020-01-06,0.4187218186638288
2020-01-08,0.4401391136441434
2020-01-09,0.3901301184527946
2020-01-09,0.47052047324963814
2020-01-10,0.41764048236686374
2020-01-12,0.40359682818480636
2020-01-13,0.3984242786704907
2020-01-14,0.4112133367923278
2020-01-15,0.41953371495847613
2020-01-16,0.5468653990983053
2020-01-17,0.5570508276892358
2020-01-18,0.429307048645437
2020-01-19,0.6549496073504653
2020-01-20,0.6088528975538445
2020-01-21,0.5899333589125274
2020-01-22,0.4495065022258874
2020-01-23,0.414018435059061
2020-01-24,0.42204526952329213
2020-01-24,0.5547278298396452
2020-01-25,0.40262807326940936
2020-01-27,0.42050282471475386
2020-01-28,0.48039749804132903
2020-01-28,0.38876142287204885
2020-01-29,0.42970776067002386
2020-01-31,0.44892171075051884
2020-02-01,0.3832321830423166
2020-02-01,0.4874854387373702
2020-02-02,0.4134955233198238
2020-02-04,0.44284625849534864
2020-02-05,0.4689483847198434
2020-02-05,0.39858950452152453
2020-02-06,0.4209043194501247
2020-02-08,0.4592807658539093
2020-02-09,0.44695703657110053
2020-02-10,0.4037690196281856
2020-02-11,0.4419644448145904
2020-02-12,0.41781159518246186
2020-02-13,0.4090747655862535
2020-02-14,0.39556944612949624
2020-02-15,0.429636556865151
2020-02-16,0.39859481268320024
2020-02-17,0.4048883265266075
2020-02-18,0.38751125671365355
2020-02-19,0.4056418687097226
2020-02-20,0.38838738612431684
2020-02-20,0.4664352561761382
2020-02-21,0.4640251274123802
2020-02-23,0.4665002807130414
2020-02-24,0.48356262204196515
2020-02-24,0.44966527789712923
2020-02-25,0.44413056998975603
2020-02-27,0.45937936658887
2020-02-28,0.41242494717201694
2020-02-29,0.4317684500615276
2020-03-02,0.5305752641045489
2020-03-03,0.46449542348562195
2020-03-03,0.5264099902320786
2020-03-04,0.41216767175805824
2020-03-06,0.47850775919268057
2020-03-07,0.45576629723794854
2020-03-08,0.4247740021174028
2020-03-09,0.49572191879382216
2020-03-10,0.6185068798073382
2020-03-11,0.41638120052913985
2020-03-12,0.42437640422496936
2020-03-13,0.6379852670487421
2020-03-14,0.5774953275711171
2020-03-15,0.4246648513890654
2020-03-16,0.47280513664269797
2020-03-17,0.4658252193913394
2020-03-18,0.4427216161042099
2020-03-18,0.4467116526925923
2020-03-19,0.5050896536679539
2020-03-21,0.50411004900378
2020-03-22,0.43104781039457746
2020-03-22,0.4701082215679476
2020-03-23,0.4614355489940266
2020-03-25,0.5029205198148208
2020-03-26,0.44524760615110387
2020-03-26,0.4636071383102546
2020-03-27,0.54450092127449
2020-03-29,0.6059559624581515
2020-03-30,0.6367194733756694
2020-03-30,0.4669555559754741
2020-03-31,0.4478272320199947
2020-04-02,0.5586660359649844
2020-04-03,0.4523678377470023
2020-04-04,0.46478726067411213
2020-04-05,0.49874829904393664
2020-04-06,0.5264324674185793
2020-04-07,0.46884671607233513
2020-04-08,0.46340562863955986
2020-04-09,0.49284507331516464
2020-04-10,0.5032158125220251
2020-04-11,0.4714193051588705
2020-04-12,0.49570234170236066
2020-04-13,0.530291798353925
2020-04-14,0.4743326920218685
2020-04-17,0.4586080234424315
2020-04-18,0.48326481226826
2020-04-18,0.4829924778826317
2020-04-19,0.6256514854779935
2020-04-21,0.6394792022284512
2020-04-22,0.4655362118278745
2020-04-22,0.4861670704732326
2020-04-23,0.47765756381297864
2020-04-25,0.5273895423595656
2020-04-26,0.4850043387525468
2020-04-26,0.47301834651865343
2020-04-27,0.46786306015047624
2020-04-29,0.6523496234026183
2020-04-30,0.4661991619718351
2020-05-01,0.6333473082184707
2020-05-02,0.5253503745244431
2020-05-03,0.5722154188733231
2020-05-04,0.48475333819894156
2020-05-05,0.4602561415925644
2020-05-06,0.48054063370095307
2020-05-07,0.4920553156192691
2020-05-08,0.46687326312672106
2020-05-09,0.49217837711595563
2020-05-10,0.5082956889030787
2020-05-11,0.48623364847347966
2020-05-11,0.4841453533359446
2020-05-12,0.659587390240792
2020-05-14,0.5093840477975706
2020-05-15,0.4688155630965994
2020-05-15,0.557980675524211
2020-05-16,0.5630865613576851
2020-05-18,0.5103041611750003
2020-05-19,0.4888584076938022
2020-05-19,0.47499924766797236
2020-05-20,0.5378084642151596
2020-05-22,0.5497754777635954
2020-05-23,0.4672459884310782
2020-05-23,0.5285561538615461
2020-05-24,0.5200020686284471
2020-05-26,0.605912754431189
2020-05-27,0.4841105365468024
2020-05-28,0.5057517245023122
2020-05-29,0.505923981215078
2020-05-30,0.5736776574803247
2020-05-31,0.502021746837917
2020-06-01,0.5084848461575633
2020-06-02,0.5407105054095536
2020-06-03,0.6288556641743693
2020-06-04,0.6240047542381805
2020-06-05,0.6291559663770585
2020-06-06,0.6290206052189954
2020-06-07,0.48302234186721626
2020-06-07,0.5653047573702953
2020-06-08,0.5861364099372233
2020-06-10,0.49699753233172766
2020-06-11,0.47847003333618054
2020-06-11,0.45616456220379203
2020-06-12,0.5658394276541836
2020-06-14,0.511357563324445
2020-06-15,0.49836930789256045
2020-06-15,0.5569393848974731
2020-06-16,0.6250388464013011
2020-06-18,0.6368226105616732
2020-06-19,0.5247012904625777
2020-06-19,0.5312715426541288
2020-06-20,0.5408233946416321
2020-06-22,0.5610746766931902
2020-06-23,0.631367138967476
2020-06-24,0.629092995359308
2020-06-25,0.5725845855098627
2020-06-26,0.569101310527843
2020-06-27,0.6386000187435987
2020-06-28,0.5852799482464007
2020-06-29,0.4928465139466902
2020-06-30,0.5057895740647588
2020-07-01,0.5596842669138072
2020-07-02,0.5683499414674319
2020-07-03,0.46216024539634276
2020-07-04,0.6252141157522874
2020-07-04,0.6053968465122309
2020-07-05,0.5187895922710485
2020-07-07,0.5147124696342756
2020-07-08,0.6176900184211461
2020-07-08,0.5663158826066281
2020-07-09,0.583336747350563
2020-07-11,0.6186566561071641
2020-07-12,0.6265368748671708
2020-07-12,0.5005082577441491
2020-07-13,0.5887777009578431
2020-07-15,0.6302192024599538
2020-07-16,0.6181711597394456
2020-07-16,0.6067472903332353
2020-07-17,0.6207477505927097
2020-07-19,0.5058715335471579
2020-07-20,0.468791938948904
2020-07-21,0.5985785046392081
2020-07-22,0.6119093439457495
2020-07-23,0.516174765436039
2020-07-24,0.530599248912147
2020-07-25,0.4649781406837691
2020-07-26,0.5643475988328669
2020-07-27,0.5075581269438723
2020-07-28,0.5979827266530173
2020-07-29,0.5006113943382425
2020-07-30,0.4650920589336532
2020-07-31,0.5953328092866453
2020-07-31,0.6311089663604578
2020-08-01,0.5953331682454216
2020-08-03,0.4549330709604494
2020-08-04,0.6242105736999674
2020-08-04,0.4617774912646573
2020-08-05,0.6291841443136689
2020-08-07,0.6292680334409436
2020-08-08,0.6089953745366894
2020-08-08,0.6244418110003692
2020-08-09,0.626096699053911
2020-08-11,0.6266869089886317
2020-08-12,0.6308303812880705
2020-08-12,0.6234087417476206
2020-08-13,0.6265326172002718
2020-08-15,0.6280662389466772
2020-08-16,0.6302268828329753
2020-08-17,0.6272672283139092
2020-08-18,0.6203259101200006
2020-08-19,0.6257322789344774
2020-08-20,0.6273278747946254
2020-08-21,0.6105238352160001
2020-08-22,0.6249154093198582
2020-08-23,0.6251429120420174
2020-08-24,0.6296724696634735
2020-08-25,0.615368794686702
2020-08-26,0.6305837287633778
2020-08-27,0.5644866698969875
2020-08-27,0.5612367206487058
2020-08-28,0.6244766959657624
2020-08-30,0.6231571843742234
2020-08-31,0.5938570385203794
2020-08-31,0.6245453033654673
2020-09-01,0.5888375862981412
2020-09-03,0.4608856809910977
2020-09-04,0.5698677349226419
2020-09-04,0.5909609958828406
2020-09-05,0.44132774262011926
2020-09-07,0.4225941855502868
2020-09-08,0.4022588811354778
2020-09-08,0.48241460144218357
2020-09-09,0.4869175011463626
2020-09-11,0.49438772890127936
2020-09-12,0.4098998502676111
2020-09-13,0.45050437171386853
2020-09-14,0.5566484301470517
2020-09-15,0.43884674533645673
2020-09-16,0.4407389818428107
2020-09-17,0.456504254443429
2020-09-18,0.5450129348797965
2020-09-19,0.4600889243022875
2020-09-20,0.44665551839621187
2020-09-21,0.4801003937743498
2020-09-22,0.519447435792612
2020-09-23,0.5705336789410658
2020-09-23,0.592940642708323
2020-09-24,0.6291192428793707
2020-09-26,0.6277109147394928
2020-09-27,0.5393732517655546
2020-09-27,0.6185246664146336
2020-09-28,0.5391488845260093
2020-09-30,0.578832825529041
2020-10-01,0.4149229835056794
2020-10-01,0.4304283076922
2020-10-02,0.43754643630699963
2020-10-04,0.44967460544976556
2020-10-05,0.47796879929148073
2020-10-05,0.4114857021373761
2020-10-06,0.4436780605995437
2020-10-08,0.4409390432368964
2020-10-09,0.4180370347363592
2020-10-10,0.4734158739640717
2020-10-11,0.6250782397003247
2020-10-12,0.4797183617688652
2020-10-13,0.4469465346249528
2020-10-14,0.4552785561352153
2020-10-15,0.46705987125082227
2020-10-16,0.44330553515348387
2020-10-17,0.43885585002932304
2020-10-18,0.4584486423815106
2020-10-19,0.4741063049321101
2020-10-20,0.4889379126779349
2020-10-20,0.4447578825336601
2020-10-21,0.49488292023872743
2020-10-23,0.49382478033491617
2020-10-24,0.420283849303199
2020-10-24,0.46463730512353385
2020-10-25,0.4229672997695804
2020-10-27,0.4528042046271481
2020-10-28,0.42338970434674716
2020-10-28,0.422610186264415
2020-10-29,0.4528622008605642
2020-10-31,0.4823106048226561
2020-11-01,0.4746370616253164
2020-11-01,0.44608603951777515
2020-11-02,0.47285227979276745
2020-11-04,0.45841173495178006
2020-11-05,0.4455314453734402
2020-11-06,0.4288908332905239
2020-11-07,0.4479456383931337
2020-11-08,0.46461117679606506
2020-11-09,0.44035662321581803
2020-11-10,0.47960379382834345
2020-11-11,0.47249229213862537
2020-11-12,0.5004112256758253
2020-11-13,0.4721217586449398
2020-11-14,0.44023405228435347
2020-11-15,0.4667203219211761
2020-11-16,0.4374545540699613
2020-11-16,0.4740436385029942
2020-11-17,0.4352539575679039
2020-11-19,0.461725929634523
2020-11-20,0.45296289788769745
2020-11-20,0.4614178526183585
2020-11-21,0.4859383269558451
2020-11-23,0.48368505669749734
2020-11-24,0.4321482063591964
2020-11-24,0.40966634753978587
2020-11-25,0.4305669893842424
2020-11-26,0.42140671372055605
2020-11-28,0.4004190494195597
2020-11-28,0.43296354654381536
2020-11-29,0.42404332082434565
2020-12-01,0.44772381879890233
2020-12-02,0.38700563479347905
2020-12-03,0.42635101716577234
2020-12-04,0.4292905531158672
2020-12-05,0.43516285126888266
2020-12-06,0.38092080411682894
2020-12-07,0.4210799531200555
2020-12-08,0.41613427472064324
2020-12-09,0.3855376565853419
2020-12-09,0.4312103168684162
2020-12-11,0.42970896676127074
2020-12-12,0.4353247125673357
2020-12-13,0.5759947789009277
2020-12-13,0.5687457721482767
2020-12-14,0.5722489026835171
2020-12-15,0.5845082294105042
2020-12-16,0.5815538465549187
2020-12-17,0.5897540105623132
2020-12-18,0.44458184028744013
2020-12-19,0.4145329410427953
2020-12-21,0.39033542117698045
2020-12-21,0.3893025713564492
2020-12-22,0.4127363465054597
2020-12-23,0.4015470518114134
2020-12-25,0.3830718465813768
2020-12-25,0.42301617700467287
2020-12-26,0.4259216226720502
2020-12-28,0.45648491234491356
2020-12-29,0.3881399250210924
2020-12-30,0.4514756708218328
2020-12-31,0.438525557094076
2021-01-02,0.5440435173687365
2021-01-03,0.44388209198117135
2021-01-04,0.5649107692614326
2021-01-05,0.5444852860724875
2021-01-05,0.5847000633979765
2021-01-07,0.43114311575662845
2021-01-08,0.5330000491327767
2021-01-09,0.42502489836813595
2021-01-09,0.5213335992807232
2021-01-10,0.5866905469952118
2021-01-11,0.5896190026401632
2021-01-12,0.5751090526375232
2021-01-13,0.39682211208969265
2021-01-14,0.4061190538188125
2021-01-15,0.39017025941626726
2021-01-17,0.41125451478469555
2021-01-17,0.3651545037704133
2021-01-18,0.472147256733172
2021-01-19,0.425326890635152
2021-01-21,0.41729604703776785
2021-01-21,0.5040355858168593
2021-01-22,0.39902396886502084
2021-01-24,0.43726282007581985
2021-01-25,0.3707353008308773
2021-01-26,0.4490227603036161
2021-01-27,0.4210171982136245
2021-01-28,0.43996226214006273
2021-01-29,0.406777172476985
2021-01-30,0.4086971915405727
2021-01-31,0.42312187551449665
2021-02-01,0.3695128577025631
2021-02-01,0.411404826453909
2021-02-03,0.41261643868825143
2021-02-04,0.4148252971834856
2021-02-05,0.3919177822752319
2021-02-05,0.44688104350840807
2021-02-06,0.4734282285696487
2021-02-07,0.38985375907687175
2021-02-08,0.5475064423158442
2021-02-09,0.40049549564515446
2021-02-10,0.42788746589737947
2021-02-11,0.41322375819662677
2021-02-13,0.38574591788476886
2021-02-13,0.4148760221389645
2021-02-14,0.439157957669854
2021-02-15,0.43106970232246916
2021-02-17,0.4270526418360591
2021-02-17,0.4909552766504592
2021-02-18,0.4692479452816332
2021-02-20,0.45301048139687355
2021-02-21,0.40869347891309316
2021-02-22,0.43281478506224524
2021-02-23,0.4412673273640676
2021-02-24,0.44282834460880305
2021-02-25,0.39305470970978007
2021-02-26,0.43658195424733337
2021-02-27,0.4266924584289495
2021-02-28,0.45111817198662035
2021-02-28,0.3944509260627358
2021-03-02,0.5093984775884679
2021-03-03,0.5095547780120224
2021-03-04,0.4067782891739821
2021-03-04,0.44448578514989445
2021-03-06,0.5136194909121203
2021-03-07,0.5141965036852207
2021-03-08,0.49422068975530453
2021-03-09,0.4662039238466808
2021-03-10,0.4644933428168317
2021-03-12,0.5337996452933618
2021-03-12,0.494912398927972
2021-03-13,0.5829762940523555
2021-03-14,0.5846757823210855
2021-03-16,0.4888548192863788
2021-03-16,0.5094233633163103
2021-03-17,0.4824309604587429
2021-03-19,0.5101837657823599
2021-03-20,0.47399841405132703
2021-03-21,0.47566359634003674
2021-03-22,0.4904869743205507
2021-03-23,0.48473984466553577
2021-03-24,0.44265998923592376
2021-03-25,0.4653747715347883
2021-03-26,0.4763913387353523
2021-03-27,0.5063538345740012
2021-03-27,0.4574624122692225
2021-03-29,0.4901382335640801
2021-03-30,0.4908184548870431
2021-03-31,0.49034055455408476
2021-03-31,0.45527917062113493
2021-04-01,0.5679761178310353
2021-04-02,0.4635694384595385
2021-04-03,0.5167603502692671
2021-04-04,0.4763320163134875
2021-04-05,0.524623438093945
2021-04-06,0.487968751912445
2021-04-08,0.4898520077531313
2021-04-08,0.46035097594228214
2021-04-09,0.5285642964537395
2021-04-10,0.5096319593004611
2021-04-12,0.4995714508668546
2021-04-12,0.4966550436259303
2021-04-13,0.4864309148553927
2021-04-15,0.589809127941686
2021-04-16,0.47192019883399094
2021-04-17,0.49662116717714727
2021-04-18,0.5538791570857862
2021-04-19,0.5497432453368754
2021-04-20,0.4741326855273657
2021-04-21,0.5028856719251944
2021-04-22,0.5100438464846961
2021-04-23,0.562825974654411
2021-04-23,0.5543155641456974
2021-04-25,0.5088049254848044
2021-04-26,0.513993818173994
2021-04-27,0.5127603350687691
2021-04-27,0.46807776576796933
2021-04-28,0.6863027920788545
2021-04-29,0.4941591170723181
2021-04-30,0.49694142584666795
2021-05-01,0.5113653577922113
2021-05-02,0.5600222852814947
2021-05-03,0.5125923052714714
2021-05-05,0.48834621907325215
2021-05-05,0.5911744467875035
2021-05-06,0.5557125838136356
2021-05-07,0.4866220286005835
2021-05-09,0.48214318620062213
2021-05-09,0.5233907211318263
2021-05-10,0.5355719518937431
2021-05-12,0.6393935226490336
2021-05-13,0.4724624216821252
2021-05-14,0.5221975460053222
2021-05-15,0.5237670824760146
2021-05-16,0.5695756969706572
2021-05-17,0.46540102229934116
2021-05-18,0.5615871373972939
2021-05-19,0.4995533583855094
2021-05-20,0.5337859589016427
2021-05-20,0.5764765685545014
2021-05-22,0.510419878203971
2021-05-23,0.5808642823316057
2021-05-24,0.5597133632347118
2021-05-24,0.5151841169048255
2021-05-25,0.5983069891974067
2021-05-26,0.5354170184641656
2021-05-27,0.5099022108450464
2021-05-28,0.5240151705150452
2021-05-29,0.5944730122534262
2021-05-30,0.5251736079843928
2021-06-01,0.5107579678918941
2021-06-01,0.585746331715582
2021-06-02,0.5638457875218682
2021-06-03,0.5036034601114218
2021-06-05,0.4925892934130087
2021-06-05,0.5885547612225092
2021-06-06,0.5684857482802884
2021-06-08,0.584076983621887
2021-06-09,0.577354681262197
2021-06-10,0.5146259816797416
2021-06-11,0.517530530729056
2021-06-12,0.5624762962246569
2021-06-13,0.4941400404639107
2021-06-14,0.52175523807415225
2021-06-15,0.5403170261468747
2021-06-16,0.4806406335813924
2021-06-16,0.550744007996464
2021-06-18,0.5601590542891625
2021-06-19,0.568518017461085
2021-06-20,0.5607398643908242
2021-06-20,0.5541748045113609
2021-06-21,0.5601484096238218
2021-06-22,0.5828931891908508
2021-06-23,0.5737746254618229
2021-06-24,0.578106585223843
2021-06-25,0.5736985813101061
2021-06-26,0.5758855201239983
2021-06-28,0.49526079712718546
2021-06-28,0.49762746945967623
2021-06-29,0.521408972332196
2021-06-30,0.4713503990259625
2021-07-02,0.5858223160571473
2021-07-02,0.47269906247163324
2021-07-03,0.5415203958880982
2021-07-05,0.5697285034908269
2021-07-06,0.52865884674077
2021-07-07,0.5121301168446911
2021-07-08,0.5058078553139292
2021-07-09,0.5883456621596895
2021-07-10,0.4947486648129494
2021-07-11,0.5915330639099368
2021-07-12,0.5721539400449959
2021-07-13,0.5310266838883255
2021-07-13,0.5378197904001162
2021-07-15,0.49297513261722026
2021-07-16,0.5035349089717663
2021-07-17,0.5763137817986618
2021-07-17,0.5172630650359554
2021-07-18,0.572655534026608
2021-07-19,0.5270949157348286
2021-07-20,0.5151520296939222
2021-07-21,0.5914246421756149
2021-07-22,0.5926500564345152
2021-07-23,0.5819087748032443
2021-07-25,0.5825605397825097
2021-07-25,0.5892895935549057
2021-07-26,0.5973601192963234
2021-07-27,0.5754250984590259
2021-07-29,0.5839432916193205
2021-07-29,0.5882128128013105
2021-07-30,0.5919675660773149
2021-08-01,0.5924885723486362
2021-08-02,0.5824259731084334
2021-08-03,0.5877009445706957
2021-08-04,0.5895475144330377
2021-08-05,0.5866577017197774
2021-08-06,0.5847425730061612
2021-08-07,0.584474589579624
2021-08-08,0.5834214601136026
2021-08-09,0.5795479890646732
2021-08-09,0.595553098455647
2021-08-11,0.5891855785177593
2021-08-12,0.5927318139407638
2021-08-13,0.5551181628293187
2021-08-13,0.5121556568940958
2021-08-14,0.6205945638443545
2021-08-16,0.4619491651603412
2021-08-17,0.5447707907642895
2021-08-17,0.47547966259067054
2021-08-18,0.5624818960012183
2021-08-19,0.5426398239056722
2021-08-21,0.5862286823433018
2021-08-21,0.5826907763138558
2021-08-22,0.5936966923798381
2021-08-23,0.5872220540880465
2021-08-25,0.597866137566235
2021-08-25,0.6127807515288457
2021-08-26,0.5794411221172636
2021-08-28,0.5961218095154199
2021-08-29,0.5801288327970621
2021-08-30,0.5068018061962962
2021-08-31,0.5837870177047718
2021-09-01,0.58564237421867
2021-09-02,0.5758277199819748
2021-09-03,0.5891893520835688
2021-09-04,0.5921764460714252
2021-09-05,0.5228229951887297
2021-09-05,0.5247325362074781
2021-09-07,0.5220128286522633
2021-09-08,0.5843951523659848
2021-09-09,0.5721112958037915
2021-09-09,0.5930168756524494
2021-09-10,0.5857511696148987
2021-09-11,0.5871565424027283
2021-09-12,0.5795126067389796
2021-09-13,0.5168549440692469
2021-09-14,0.4932643370288606
2021-09-15,0.537261272838592
2021-09-17,0.5753530365247713
2021-09-17,0.5544920976047838
2021-09-18,0.5787543094779088
2021-09-19,0.5767518195174546
2021-09-21,0.585514486318228
2021-09-24,0.4661474917735746
2021-09-25,0.5851562112895339
2021-09-26,0.5371027871501755
2021-09-27,0.5087246150027538
2021-09-28,0.47673481017746533
2021-09-29,0.5677020949037312
2021-09-30,0.46441689039980444
2021-10-01,0.5472677428324281
2021-10-02,0.4147382124177448
2021-10-02,0.5085729647596652
2021-10-04,0.4636876060478865
2021-10-05,0.42704035412678626
2021-10-06,0.47388488179541893
2021-10-06,0.39177556021524834
2021-10-07,0.4613357353131914
2021-10-08,0.4057056920828267
2021-10-09,0.42551280264184393
2021-10-10,0.4196276598219306
2021-10-11,0.4408292670569796
2021-10-14,0.4336132728076785
2021-10-16,0.44287156612823914
2021-10-19,0.4209213388862445
2021-10-23,0.4139570188221758
2021-10-24,0.4532669556469297
2021-10-25,0.42033777082176477
2021-10-26,0.39767823210697173
2021-10-29,0.4236324169022572
2021-10-29,0.4271043886067078
2021-10-31,0.431421664005341
2021-11-01,0.43806499265588533
2021-11-02,0.3974335111268979
2021-11-02,0.43982426154195364
2021-11-03,0.4405744406480024
2021-11-04,0.405214325170083
2021-11-05,0.4326087602775892
2021-11-06,0.4246617689215098
2021-11-07,0.43594226523029367
2021-11-08,0.4283732162403721
2021-11-10,0.41888544006108325
2021-11-10,0.43260349609308973
2021-11-11,0.46165597701980393
2021-11-12,0.4435037767951217
2021-11-14,0.45150919277462004
2021-11-14,0.42575372135671496
2021-11-15,0.43858692448264286
2021-11-17,0.4695519043432454
2021-11-18,0.4085405899664417
2021-11-19,0.5699283981449585
2021-11-20,0.45701433220264415
2021-11-21,0.4790610923112111
2021-11-22,0.5038700236861713
2021-11-23,0.4423233910141411
2021-11-24,0.4332313541792928
2021-11-25,0.4396186489537549
2021-11-25,0.4014671944041263
2021-11-27,0.4233963059854762
2021-11-28,0.42069012769254527
2021-11-29,0.3932950342236834
2021-11-29,0.43937512134299556
2021-11-30,0.4704059087179563
2021-12-01,0.5536512292415963
2021-12-02,0.44405134507594923
2021-12-03,0.5812393535816035
2021-12-04,0.4832803857621091
2021-12-05,0.44167246164569124
2021-12-07,0.4082006720034538
2021-12-07,0.439591826648112
2021-12-08,0.4697889308194742
2021-12-09,0.4380461429817502
2021-12-11,0.4167803018488085
2021-12-11,0.444272636541589
2021-12-12,0.4320367922625917
2021-12-14,0.47739723760935027
2021-12-15,0.40013030769538344
2021-12-16,0.5247952880863489
2021-12-17,0.49881843789261066
2021-12-18,0.5214123183664547
2021-12-19,0.42369983873044814
2021-12-20,0.4106113814641166
2021-12-21,0.44218724782359053
2021-12-22,0.3747379160709581
2021-12-22,0.4181858179029168
2021-12-24,0.4240042587522308
2021-12-25,0.41733207414697404
2021-12-26,0.39802037598896883
2021-12-26,0.4346360091386528
2021-12-27,0.46269804935711517
2021-12-28,0.41900380332669745
2021-12-29,0.42825052159113886
2021-12-30,0.47194923255928406
2021-12-31,0.4808329620264917
2022-01-01,0.4585006678814094
2022-01-03,0.42045497547838206
2022-01-03,0.4541174446547047
2022-01-04,0.454839761997292
2022-01-05,0.4119964890006629
2022-01-07,0.3886348544289415
2022-01-07,0.4725781735083071
2022-01-08,0.5589481021627235
2022-01-10,0.5438465351771347
2022-01-11,0.44834200954573605
2022-01-12,0.5595116862354697
2022-01-13,0.40319392307707413
2022-01-14,0.4336341044116921
2022-01-15,0.3878127415078723
2022-01-16,0.4557487941643088
2022-01-17,0.4328392112426327
2022-01-18,0.4344441996037064
2022-01-18,0.5612418403626716
2022-01-20,0.4015981399143612
2022-01-21,0.40642827851687463
2022-01-22,0.38149760921087067
2022-01-22,0.4153033203395906
2022-01-23,0.5792726739349844
2022-01-24,0.44220817070996205
2022-01-25,0.4895536239527915
2022-01-26,0.4101458853988454
2022-01-27,0.4209759917899803
2022-01-28,0.4073122667346226
2022-01-30,0.39177090923646624
2022-01-30,0.37861660954515614
2022-01-31,0.41205826266665224
2022-02-01,0.4058274698451383
2022-02-03,0.42888393734422536
2022-02-03,0.38086592355958426
2022-02-04,0.4224943326126861
2022-02-06,0.45536157425963997
2022-02-07,0.3965651343853437
2022-02-08,0.4364727973336507
2022-02-09,0.4341407490141735
2022-02-10,0.4507526377696493
2022-02-11,0.4109940252976029
2022-02-12,0.41822258763807524
2022-02-13,0.4226791784279958
2022-02-14,0.3807016669363285
2022-02-14,0.430068378911773
2022-02-16,0.46170772376945096
2022-02-17,0.43271331260075674
2022-02-18,0.40012782158632954
2022-02-18,0.43444783874745746
2022-02-19,0.5621241563834727
2022-02-20,0.5156885722770435
2022-02-21,0.5694597688764539
2022-02-22,0.42253803155067227
2022-02-23,0.44751450751120264
2022-02-24,0.4364271446514003
2022-02-26,0.42716950884193755
2022-02-26,0.4099769348607824
2022-02-27,0.4529047221342503
2022-02-28,0.44224064838323596
2022-03-02,0.4532856180569877
2022-03-02,0.43191256193149585
2022-03-03,0.4339563428795908
2022-03-05,0.4779254339515623
2022-03-06,0.45529749976887374
2022-03-07,0.43891296292049076
2022-03-08,0.458701842746321
2022-03-09,0.5016694653993911
2022-03-10,0.4494919201796787
2022-03-11,0.4510065108242524
2022-03-12,0.44963634596446916
2022-03-13,0.4265614240995119
2022-03-13,0.45185095506790723
2022-03-15,0.46027823285036723
2022-03-16,0.4564011165167781
2022-03-17,0.43061958159320035
2022-03-17,0.4692717672704527
2022-03-18,0.5378596164787012
2022-03-19,0.43927184049818985
2022-03-20,0.47522175837277025
2022-03-21,0.46109240575188626
2022-03-22,0.525194091013657
2022-03-23,0.5387725316741243
2022-03-25,0.46008119460003394
2022-03-25,0.5089852917380349
2022-03-26,0.6007216133624501
2022-03-27,0.4947314293600084
2022-03-29,0.4893320278534638
2022-03-29,0.46890670073742857
2022-03-30,0.47096353698055204
2022-04-01,0.5245037205832219
2022-04-02,0.44978702305000573
2022-04-03,0.49167391393194065
2022-04-04,0.5003538462737973
2022-04-05,0.49821657197770286
2022-04-06,0.46466092869282916
2022-04-07,0.48818525306875143
2022-04-08,0.4844341219992592
2022-04-09,0.5103649400860121
2022-04-09,0.46800924275697237
2022-04-11,0.5080196996486367
2022-04-12,0.5102191060639856
2022-04-13,0.5224673918768363
2022-04-13,0.49596579770860894
2022-04-14,0.5917704256224426
2022-04-15,0.50382897113529
2022-04-16,0.5314192216953921
2022-04-17,0.5100262266576661
2022-04-18,0.5896037151751531
2022-04-19,0.5208931826353493
2022-04-21,0.5056991436377375
2022-04-21,0.5015984177464766
2022-04-22,0.5925265341800902
2022-04-23,0.5804051560058919
2022-04-25,0.4738132011058933
2022-04-25,0.5283241959605441
2022-04-26,0.5069304723199933
2022-04-28,0.6109344515762944
2022-04-29,0.47088970921690915
2022-04-30,0.5195372338505919
2022-05-02,0.37832390075308275
2022-05-03,0.4201463743738557
2022-05-04,0.5278547648966199
2022-05-05,0.524130174920923
2022-05-06,0.5561933250802391
2022-05-06,0.4653311125782721
2022-05-08,0.5474957161307763
2022-05-09,0.5358879501945378
2022-05-10,0.5543282434201084
2022-05-10,0.5104377862511441
2022-05-11,0.6643140161733947
2022-05-12,0.5349696015863669
2022-05-13,0.5369616945950495
2022-05-14,0.5452210717346111
2022-05-15,0.6063113081346106
2022-05-16,0.5300391818105389
2022-05-18,0.5272598908630008
2022-05-18,0.5299503529105203
2022-05-19,0.573806454478412
2022-05-20,0.533519909025061
2022-05-22,0.5461911855674624
2022-05-22,0.5218531170352697
2022-05-23,0.5606011148545744
2022-05-25,0.6030913765961081
2022-05-26,0.5070453378515155
2022-05-27,0.550924227172229
2022-05-28,0.5589898967244268
2022-05-29,0.5875927142193937
2022-05-30,0.4921823254311763
2022-05-31,0.5543879991964299
2022-06-01,0.5490934006826739
2022-06-02,0.5294058742613417
2022-06-02,0.5661179898592066
2022-06-04,0.5482426306118062
2022-06-05,0.555978830510322
2022-06-06,0.5031867417662846
2022-06-06,0.5612880566188999
2022-06-07,0.6035380890252076
2022-06-08,0.5282099720220155
2022-06-09,0.5342350419179396
2022-06-10,0.5470307997671539
2022-06-11,0.6032042412603313
2022-06-12,0.5360245415124603
2022-06-14,0.5158183511902422
2022-06-14,0.5333784436955544
2022-06-15,0.5787091249926624
2022-06-16,0.5102726849829525
2022-06-18,0.5107214025339281
2022-06-18,0.5296625408112446
2022-06-19,0.5509347905110356
2022-06-21,0.5857124659328952
2022-06-22,0.5300250728528458
2022-06-23,0.5433962122810002
2022-06-24,0.5460086899050237
2022-06-25,0.5566254424678019
2022-06-26,0.4744734682780802
2022-06-27,0.5848966838592125
2022-06-28,0.5116377285296053
2022-06-29,0.5634404887749458
2022-06-29,0.5556224781743324
2022-07-01,0.5877748700896304
2022-07-02,0.5715976457242526
2022-07-03,0.5269236809435303
2022-07-03,0.5348971911489567
2022-07-04,0.5812973740908398
2022-07-06,0.5757591447551385
2022-07-07,0.5399784747394628
2022-07-07,0.5963216022635085
2022-07-08,0.5843610405175634
2022-07-09,0.5730751857620421
2022-07-11,0.4815328618909527
2022-07-11,0.5871246107502053
2022-07-12,0.5997091137592038
2022-07-13,0.5766632671834933
2022-07-15,0.5615004386441492
2022-07-15,0.580338822647677
2022-07-16,0.5930970418056817
2022-07-18,0.588176771113259
2022-07-19,0.5713781954310313
2022-07-20,0.5942970223121811
2022-07-21,0.5931150716433943
2022-07-22,0.5883287258107952
2022-07-23,0.5868370089363043
2022-07-24,0.5897907763383102
2022-07-25,0.5866859410274332
2022-07-26,0.5859811645189483
2022-07-26,0.5798421829671678
2022-07-28,0.5911882666637476
2022-07-29,0.583645887864959
2022-07-30,0.5902812701685917
2022-07-30,0.5708315862972684
2022-07-31,0.5883015640300173
2022-08-01,0.5600451698284686
2022-08-02,0.5756184059756138
2022-08-03,0.5209233667024292
2022-08-04,0.5707227517182386
2022-08-05,0.5673916049467441
2022-08-07,0.4953704209196075
2022-08-07,0.5204328882009117
2022-08-08,0.5785639844932112
2022-08-09,0.5717894844251766
2022-08-11,0.5758912031553686
2022-08-11,0.5788425548521916
2022-08-12,0.5824016350404493
2022-08-14,0.560131494157461
2022-08-15,0.5799134240955848
2022-08-16,0.6175824436977184
2022-08-17,0.5874732767086784
2022-08-18,0.5912161205272198
2022-08-19,0.57911260310409
2022-08-20,0.5785490194981683
2022-08-21,0.57079647247646
2022-08-22,0.5568046182147846
2022-08-22,0.5878916181214817
2022-08-24,0.5817322122414906
2022-08-25,0.580296364245791
2022-08-26,0.5536787025017174
2022-08-26,0.5864476258042496
2022-08-27,0.6143281967105335
2022-08-28,0.5324609019217098
2022-08-29,0.5544100617563029
2022-08-30,0.5875479602623916
2022-08-31,0.5967336015107646
2022-09-01,0.5784527184552201
2022-09-03,0.48291601796946615
2022-09-03,0.522803838857028
2022-09-04,0.4682875896658036
2022-09-05,0.43589947854671973
2022-09-07,0.5946685864282341
2022-09-07,0.4346220484877027
2022-09-08,0.4623984329722435
2022-09-10,0.5290110213574755
2022-09-11,0.47906080473049867
2022-09-12,0.5805370990019469
2022-09-13,0.44517018836227706
2022-09-14,0.5816321652487682
2022-09-15,0.5709798039704901
2022-09-16,0.5822626252953185
2022-09-17,0.5766631199979423
2022-09-18,0.5968198565324861
2022-09-18,0.5777139730813042
2022-09-20,0.45458092465264505
2022-09-21,0.48034160355537636
2022-09-22,0.44255019682954094
2022-09-22,0.5305760224290276
2022-09-23,0.5778838045217315
2022-09-24,0.5888388192183845
2022-09-25,0.5819983012871702
2022-09-26,0.4825899185278593
2022-09-27,0.5649785370972052
2022-09-28,0.5737011572590498
2022-09-30,0.4420075513144812
2022-09-30,0.43259157107518903
2022-10-01,0.4489621397541544
2022-10-02,0.4351579004795807
2022-10-04,0.44675708154588206
2022-10-04,0.41626224759355324
2022-10-05,0.5642242922163686
2022-10-07,0.49238533900462944
2022-10-08,0.5614319480287627
2022-10-09,0.5730111779728567
2022-10-10,0.5672757942465688
2022-10-11,0.5494480077901671
2022-10-12,0.5685112553451565
2022-10-13,0.46036658280202564
2022-10-14,0.54851222019105
2022-10-15,0.4302538744792991
2022-10-15,0.3864382064851303
2022-10-17,0.42016086136775005
2022-10-18,0.42789657211938914
2022-10-19,0.46032671044711154
2022-10-19,0.43266069403145396
2022-10-20,0.4384617761673686
2022-10-21,0.39744108285899166
2022-10-22,0.42449324491137236
2022-10-23,0.424409088356457
2022-10-24,0.45090705998727115
2022-10-25,0.4371340471483551
2022-10-27,0.4162252634055118
2022-10-27,0.42598235950654423
2022-10-28,0.4436893456848778
2022-10-29,0.43751937398175333
2022-10-31,0.45051320134091744
2022-10-31,0.41456831156265367
2022-11-01,0.4461832035686455
2022-11-03,0.4726358454414611
2022-11-04,0.40955592902561805
2022-11-05,0.44834971105014343
2022-11-06,0.4493007691241369
2022-11-07,0.4526233630985346
2022-11-08,0.4140367800070266
2022-11-09,0.44728981824200814
2022-11-10,0.44000577104328253
2022-11-11,0.45929158571755724
2022-11-11,0.4284737057251469
2022-11-13,0.4549679784094044
2022-11-14,0.44317451212474335
2022-11-15,0.4420968148085739
2022-11-15,0.4074520134769985
2022-11-16,0.4507996145083665
2022-11-17,0.4102141716343255
2022-11-18,0.4330974707337558
2022-11-19,0.41464715516206563
2022-11-20,0.4371152562575086
2022-11-21,0.42765277878122393
2022-11-23,0.40345594017942615
2022-11-23,0.4124742852867893
2022-11-24,0.43913578204695014
2022-11-25,0.4313559458451027
2022-11-27,0.43217968685154423
2022-11-27,0.4022032587436682
2022-11-28,0.4220024721967475
2022-11-30,0.458958696117479
2022-12-01,0.39173148557765664
2022-12-02,0.44607934626529805
2022-12-03,0.4553266902825388
2022-12-04,0.46298599700774967
2022-12-05,0.4032352573828664
2022-12-06,0.45206879797762606
2022-12-07,0.42960316016869843
2022-12-08,0.44451327583555006
2022-12-08,0.4463377523415229
2022-12-10,0.4242976944964422
2022-12-11,0.42386262570943617
2022-12-12,0.43613896261884233
2022-12-12,0.38784142286491147
2022-12-13,0.574651900537912
2022-12-14,0.5674637462319138
2022-12-15,0.5687790573649814
2022-12-16,0.43185055228126845
2022-12-17,0.4327653077623129
2022-12-18,0.4132336794260016
2022-12-20,0.40769601353872165
2022-12-20,0.3875938748543233
2022-12-21,0.4283986231277526
2022-12-22,0.4169035903919392
2022-12-24,0.3960708240368836
2022-12-24,0.43991434632625276
2022-12-25,0.4404062403754318
2022-12-27,0.5015004578580832
2022-12-28,0.4069059965755581
2022-12-29,0.4246150945365241
2022-12-30,0.45481451617382157
2022-12-31,0.4409358242589851
2023-01-02,0.4235134548594935
2023-01-03,0.41958257728915566
2023-01-04,0.38928892458045566
2023-01-04,0.49130542048898357
2023-01-06,0.4384239539981584
2023-01-07,0.43442060656363085
2023-01-08,0.40010308058761346
2023-01-08,0.42571601721200525
2023-01-09,0.42557438700272227
2023-01-10,0.3820502573462519
2023-01-11,0.4098483065738948
2023-01-12,0.4086241370631656
2023-01-13,0.43522636842027407
2023-01-14,0.4165070550030289
2023-01-16,0.5205782996768711
2023-01-16,0.408737148784152
2023-01-17,0.44721058972151695
2023-01-18,0.42464667771196496
2023-01-20,0.39835503433948133
2023-01-20,0.4369900671024452
2023-01-21,0.4501973173969247
2023-01-23,0.4894608827924837
2023-01-24,0.4265207783840103
2023-01-25,0.46179012488839516
2023-01-26,0.4456702634717904
2023-01-27,0.5936276208297314
2023-01-28,0.49664432194477176
2023-01-29,0.44631069865959444
2023-01-30,0.5799327632916551
2023-01-31,0.4760623055843455
2023-01-31,0.38976429833948134
2023-02-02,0.41340828390859125
2023-02-03,0.48013171519890413
2023-02-04,0.4160398969931638
2023-02-04,0.3709973368467877
2023-02-05,0.4324941216399848
2023-02-06,0.39774992730825226
2023-02-07,0.4161648532386333
2023-02-08,0.4128389777466389
2023-02-09,0.4354140450848854
2023-02-10,0.41892758046684525
2023-02-12,0.3969137100752425
2023-02-12,0.40817926889561007
2023-02-13,0.4508971402509092
2023-02-14,0.4341273665022204
2023-02-16,0.44093366135183043
2023-02-16,0.3887085970188427
2023-02-17,0.4355054171052314
2023-02-19,0.4677016941530508
2023-02-20,0.4085070649440915
2023-02-21,0.43261888406217136
2023-02-22,0.44432018000444007
2023-02-23,0.5430315251254045
2023-02-24,0.3879535659623772
2023-02-25,0.43722367598402384
2023-02-26,0.4794174401607942
2023-02-27,0.3985091111847314
2023-02-27,0.4544707573980219
2023-03-01,0.45613758876575206
2023-03-02,0.44337481126501455
2023-03-03,0.46822707432433647
2023-03-03,0.4758272326812987
2023-03-04,0.4708766707349128
2023-03-05,0.580764857016291
2023-03-06,0.45339887991968425
2023-03-07,0.5144691881828463
2023-03-08,0.5867575191424591
2023-03-09,0.5379861292235324
